{
    "means": {
        "birthdate": {
            "f1_score": 0.7978133046018616,
            "num_actual": 523.0,
            "num_correct": 455.20000000000005,
            "num_predicted": 618.0,
            "precision": 0.7368974116612481,
            "recall": 0.8703632887189292
        },
        "birthplace": {
            "f1_score": 0.7447364459372959,
            "num_actual": 523.0,
            "num_correct": 372.2,
            "num_predicted": 476.6,
            "precision": 0.7812068505348702,
            "recall": 0.7116634799235182
        },
        "hypernym": {
            "f1_score": 0.7524047556508959,
            "num_actual": 523.0,
            "num_correct": 359.59999999999997,
            "num_predicted": 432.8,
            "precision": 0.8312413385329428,
            "recall": 0.6875717017208414
        },
        "spouse": {
            "f1_score": 0.8324685927700598,
            "num_actual": 523.0,
            "num_correct": 458.2,
            "num_predicted": 577.8,
            "precision": 0.793042047402243,
            "recall": 0.8760994263862334
        }
    },
    "ranges": {
        "birthdate": {
            "f1_score": [
                0.8051948051948051,
                0.7878787878787878
            ],
            "num_actual": [
                523,
                523
            ],
            "num_correct": [
                470,
                441
            ],
            "num_predicted": [
                646,
                584
            ],
            "precision": [
                0.7551369863013698,
                0.7275541795665634
            ],
            "recall": [
                0.8986615678776291,
                0.8432122370936902
            ]
        },
        "birthplace": {
            "f1_score": [
                0.7512588116817723,
                0.7386138613861386
            ],
            "num_actual": [
                523,
                523
            ],
            "num_correct": [
                374,
                368
            ],
            "num_predicted": [
                487,
                461
            ],
            "precision": [
                0.7982646420824295,
                0.7659137577002053
            ],
            "recall": [
                0.7151051625239006,
                0.7036328871892925
            ]
        },
        "hypernym": {
            "f1_score": [
                0.7624076029567054,
                0.7435897435897436
            ],
            "num_actual": [
                523,
                523
            ],
            "num_correct": [
                370,
                348
            ],
            "num_predicted": [
                453,
                413
            ],
            "precision": [
                0.8514150943396226,
                0.8167770419426048
            ],
            "recall": [
                0.7074569789674953,
                0.6653919694072657
            ]
        },
        "spouse": {
            "f1_score": [
                0.8375451263537905,
                0.8275229357798165
            ],
            "num_actual": [
                523,
                523
            ],
            "num_correct": [
                464,
                451
            ],
            "num_predicted": [
                587,
                567
            ],
            "precision": [
                0.7975778546712803,
                0.7853492333901193
            ],
            "recall": [
                0.887189292543021,
                0.8623326959847036
            ]
        }
    },
    "stddevs": {
        "birthdate": {
            "f1_score": 0.007089914621574729,
            "num_actual": 0.0,
            "num_correct": 13.21741275741966,
            "num_predicted": 25.583197610932064,
            "precision": 0.011168762486928776,
            "recall": 0.025272299727379852
        },
        "birthplace": {
            "f1_score": 0.005319974139366467,
            "num_actual": 0.0,
            "num_correct": 2.3874672772626644,
            "num_predicted": 10.922453936730518,
            "precision": 0.014407222349100718,
            "recall": 0.00456494699285405
        },
        "hypernym": {
            "f1_score": 0.008516294637008865,
            "num_actual": 0.0,
            "num_correct": 8.734987120768983,
            "num_predicted": 16.13071604114337,
            "precision": 0.015031011590951332,
            "recall": 0.016701696215619493
        },
        "spouse": {
            "f1_score": 0.0047079590412831855,
            "num_actual": 0.0,
            "num_correct": 5.449770637375485,
            "num_predicted": 8.46758525200662,
            "precision": 0.004632412780344653,
            "recall": 0.010420211543739
        }
    }
}