{
    "means": {
        "birthdate": {
            "f1_score": 0.7804602856183172,
            "num_actual": 268.0,
            "num_correct": 228.8,
            "num_predicted": 318.2,
            "precision": 0.7195358672744516,
            "recall": 0.853731343283582
        },
        "birthplace": {
            "f1_score": 0.7346509637820778,
            "num_actual": 268.0,
            "num_correct": 188.2,
            "num_predicted": 244.40000000000003,
            "precision": 0.7704278546650513,
            "recall": 0.7022388059701492
        },
        "hypernym": {
            "f1_score": 0.7241320360339261,
            "num_actual": 268.0,
            "num_correct": 176.2,
            "num_predicted": 218.60000000000002,
            "precision": 0.806532184562637,
            "recall": 0.6574626865671642
        },
        "spouse": {
            "f1_score": 0.8038929421315082,
            "num_actual": 268.0,
            "num_correct": 228.8,
            "num_predicted": 301.2,
            "precision": 0.7596699796350018,
            "recall": 0.853731343283582
        }
    },
    "ranges": {
        "birthdate": {
            "f1_score": [
                0.7947019867549668,
                0.7708333333333334
            ],
            "num_actual": [
                268,
                268
            ],
            "num_correct": [
                240,
                218
            ],
            "num_predicted": [
                336,
                294
            ],
            "precision": [
                0.7414965986394558,
                0.7055214723926381
            ],
            "recall": [
                0.8955223880597015,
                0.8134328358208955
            ]
        },
        "birthplace": {
            "f1_score": [
                0.7485148514851485,
                0.7234042553191489
            ],
            "num_actual": [
                268,
                268
            ],
            "num_correct": [
                190,
                186
            ],
            "num_predicted": [
                251,
                237
            ],
            "precision": [
                0.7974683544303798,
                0.751004016064257
            ],
            "recall": [
                0.7089552238805971,
                0.6940298507462687
            ]
        },
        "hypernym": {
            "f1_score": [
                0.7309236947791165,
                0.7095435684647303
            ],
            "num_actual": [
                268,
                268
            ],
            "num_correct": [
                182,
                171
            ],
            "num_predicted": [
                230,
                210
            ],
            "precision": [
                0.8293838862559242,
                0.7913043478260869
            ],
            "recall": [
                0.6791044776119403,
                0.6380597014925373
            ]
        },
        "spouse": {
            "f1_score": [
                0.8110918544194107,
                0.7971781305114639
            ],
            "num_actual": [
                268,
                268
            ],
            "num_correct": [
                234,
                224
            ],
            "num_predicted": [
                309,
                293
            ],
            "precision": [
                0.764505119453925,
                0.7558528428093646
            ],
            "recall": [
                0.8731343283582089,
                0.835820895522388
            ]
        }
    },
    "stddevs": {
        "birthdate": {
            "f1_score": 0.009886270912166116,
            "num_actual": 0.0,
            "num_correct": 8.899438184514796,
            "num_predicted": 16.91744661584602,
            "precision": 0.01344718346067766,
            "recall": 0.03320685889744328
        },
        "birthplace": {
            "f1_score": 0.0090213920880832,
            "num_actual": 0.0,
            "num_correct": 1.6431676725154984,
            "num_predicted": 6.465291950097845,
            "precision": 0.018973138145971097,
            "recall": 0.006131222658639934
        },
        "hypernym": {
            "f1_score": 0.009413567968403374,
            "num_actual": 0.0,
            "num_correct": 5.06951674225463,
            "num_predicted": 9.633275663033835,
            "precision": 0.01678592491818325,
            "recall": 0.01891610724721876
        },
        "spouse": {
            "f1_score": 0.005850084189492328,
            "num_actual": 0.0,
            "num_correct": 3.96232255123179,
            "num_predicted": 6.099180272790762,
            "precision": 0.003947511269538776,
            "recall": 0.014784785638924587
        }
    }
}