{
    "means": {
        "birthdate": {
            "f1_score": 0.03565431894661948,
            "precision": 0.03581754142992728,
            "recall": 0.034111793971319894
        },
        "birthplace": {
            "f1_score": 0.020738919038266836,
            "precision": 0.022363818753839415,
            "recall": 0.019329821480831132
        },
        "hypernym": {
            "f1_score": 0.057543475035573624,
            "precision": 0.049979833818701566,
            "recall": 0.06175299970734563
        },
        "spouse": {
            "f1_score": 0.05914984135552484,
            "precision": 0.0697008168216005,
            "recall": 0.045876499853672814
        }
    },
    "ranges": {
        "birthdate": {
            "f1_score": [
                0.04279352666449432,
                0.019457305280431325
            ],
            "precision": [
                0.046953775132114406,
                0.027468918601923464
            ],
            "recall": [
                0.06107696810067309,
                0.006438396254023981
            ]
        },
        "birthplace": {
            "f1_score": [
                0.031159639204177636,
                0.00558350917058914
            ],
            "precision": [
                0.04652133822787452,
                -0.0077687836149291645
            ],
            "recall": [
                0.03165057067603161,
                0.01261340357038332
            ]
        },
        "hypernym": {
            "f1_score": [
                0.06917983579058873,
                0.0477997094762026
            ],
            "precision": [
                0.05985844287158748,
                0.04385555036379407
            ],
            "recall": [
                0.07958735733099209,
                0.038542581211589155
            ]
        },
        "spouse": {
            "f1_score": [
                0.06645823312489973,
                0.04069050955807518
            ],
            "precision": [
                0.0793119923554706,
                0.05926520919186984
            ],
            "recall": [
                0.05532630962832896,
                0.017061750073163573
            ]
        }
    },
    "stddevs": {
        "birthdate": {
            "f1_score": 0.009604896058171658,
            "precision": 0.008607076956577081,
            "recall": 0.01935266094910396
        },
        "birthplace": {
            "f1_score": 0.011100373383327904,
            "precision": 0.021890625475420925,
            "recall": 0.007329159128460087
        },
        "hypernym": {
            "f1_score": 0.009344251184316633,
            "precision": 0.006293844577635628,
            "recall": 0.017795213202126334
        },
        "spouse": {
            "f1_score": 0.010621716635402557,
            "precision": 0.008094891015481347,
            "recall": 0.016211927819054294
        }
    }
}