{
    "means": {
        "birthdate": {
            "f1_score": 0.8161146045649367,
            "num_actual": 255.0,
            "num_correct": 226.4,
            "num_predicted": 299.8,
            "precision": 0.7553534087043791,
            "recall": 0.8878431372549019
        },
        "birthplace": {
            "f1_score": 0.7553898828203447,
            "num_actual": 255.0,
            "num_correct": 184.0,
            "num_predicted": 232.2,
            "precision": 0.7927916734188907,
            "recall": 0.7215686274509804
        },
        "hypernym": {
            "f1_score": 0.7816755110694997,
            "num_actual": 255.0,
            "num_correct": 183.4,
            "num_predicted": 214.2,
            "precision": 0.8565120183813385,
            "recall": 0.7192156862745098
        },
        "spouse": {
            "f1_score": 0.863042783487033,
            "num_actual": 255.0,
            "num_correct": 229.4,
            "num_predicted": 276.59999999999997,
            "precision": 0.8293707964566023,
            "recall": 0.8996078431372547
        }
    },
    "ranges": {
        "birthdate": {
            "f1_score": [
                0.8250000000000001,
                0.8058608058608059
            ],
            "num_actual": [
                255,
                255
            ],
            "num_correct": [
                231,
                220
            ],
            "num_predicted": [
                310,
                290
            ],
            "precision": [
                0.7689655172413793,
                0.7419354838709677
            ],
            "recall": [
                0.9058823529411765,
                0.8627450980392157
            ]
        },
        "birthplace": {
            "f1_score": [
                0.7615062761506276,
                0.7464503042596349
            ],
            "num_actual": [
                255,
                255
            ],
            "num_correct": [
                186,
                182
            ],
            "num_predicted": [
                238,
                223
            ],
            "precision": [
                0.8161434977578476,
                0.773109243697479
            ],
            "recall": [
                0.7294117647058823,
                0.7137254901960784
            ]
        },
        "hypernym": {
            "f1_score": [
                0.7948717948717949,
                0.7685589519650654
            ],
            "num_actual": [
                255,
                255
            ],
            "num_correct": [
                189,
                176
            ],
            "num_predicted": [
                225,
                203
            ],
            "precision": [
                0.8732394366197183,
                0.84
            ],
            "recall": [
                0.7411764705882353,
                0.6901960784313725
            ]
        },
        "spouse": {
            "f1_score": [
                0.8710280373831776,
                0.8517823639774859
            ],
            "num_actual": [
                255,
                255
            ],
            "num_correct": [
                233,
                227
            ],
            "num_predicted": [
                280,
                273
            ],
            "precision": [
                0.8351648351648352,
                0.8165467625899281
            ],
            "recall": [
                0.9137254901960784,
                0.8901960784313725
            ]
        }
    },
    "stddevs": {
        "birthdate": {
            "f1_score": 0.00696584825515639,
            "num_actual": 0.0,
            "num_correct": 4.722287581247038,
            "num_predicted": 8.87130204648675,
            "precision": 0.009722977722432106,
            "recall": 0.018518774828419748
        },
        "birthplace": {
            "f1_score": 0.006001814148734021,
            "num_actual": 0.0,
            "num_correct": 1.4142135623730951,
            "num_predicted": 6.379655163094632,
            "precision": 0.0172047394558514,
            "recall": 0.005545935538718
        },
        "hypernym": {
            "f1_score": 0.009969209716886075,
            "num_actual": 0.0,
            "num_correct": 4.8270073544588685,
            "num_predicted": 7.8230428862431785,
            "precision": 0.013412458745532638,
            "recall": 0.01892944060572106
        },
        "spouse": {
            "f1_score": 0.008222119198968569,
            "num_actual": 0.0,
            "num_correct": 2.8809720581775866,
            "num_predicted": 2.9664793948382653,
            "precision": 0.0076349444066871755,
            "recall": 0.011297929639912111
        }
    }
}