{
    "means": {
        "birthdate": {
            "f1_score": 0.7323664106979393,
            "num_actual": 523.0,
            "num_correct": 381.6,
            "num_predicted": 518.6,
            "precision": 0.7365365654539082,
            "recall": 0.7296367112810707
        },
        "birthplace": {
            "f1_score": 0.6788349035475344,
            "num_actual": 523.0,
            "num_correct": 370.2,
            "num_predicted": 567.8000000000001,
            "precision": 0.6527317248190092,
            "recall": 0.7078393881453154
        },
        "hypernym": {
            "f1_score": 0.7003005551565914,
            "num_actual": 523.0,
            "num_correct": 356.0,
            "num_predicted": 494.59999999999997,
            "precision": 0.7264005152148483,
            "recall": 0.6806883365200765
        },
        "spouse": {
            "f1_score": 0.7999415476436952,
            "num_actual": 523.0,
            "num_correct": 428.4,
            "num_predicted": 548.0,
            "precision": 0.7824141529235124,
            "recall": 0.8191204588910134
        }
    },
    "ranges": {
        "birthdate": {
            "f1_score": [
                0.7554744525547445,
                0.7208835341365462
            ],
            "num_actual": [
                523,
                523
            ],
            "num_correct": [
                414,
                359
            ],
            "num_predicted": [
                573,
                473
            ],
            "precision": [
                0.758985200845666,
                0.7225130890052356
            ],
            "recall": [
                0.7915869980879541,
                0.6864244741873805
            ]
        },
        "birthplace": {
            "f1_score": [
                0.6979742173112338,
                0.6533575317604355
            ],
            "num_actual": [
                523,
                523
            ],
            "num_correct": [
                381,
                355
            ],
            "num_predicted": [
                603,
                526
            ],
            "precision": [
                0.6749049429657795,
                0.6217616580310881
            ],
            "recall": [
                0.7284894837476099,
                0.6787762906309751
            ]
        },
        "hypernym": {
            "f1_score": [
                0.7312030075187971,
                0.6593001841620626
            ],
            "num_actual": [
                523,
                523
            ],
            "num_correct": [
                389,
                331
            ],
            "num_predicted": [
                563,
                403
            ],
            "precision": [
                0.8387096774193549,
                0.6358792184724689
            ],
            "recall": [
                0.7437858508604207,
                0.6328871892925431
            ]
        },
        "spouse": {
            "f1_score": [
                0.8091324200913241,
                0.7895716945996276
            ],
            "num_actual": [
                523,
                523
            ],
            "num_correct": [
                443,
                413
            ],
            "num_predicted": [
                577,
                517
            ],
            "precision": [
                0.8123791102514507,
                0.7660311958405546
            ],
            "recall": [
                0.847036328871893,
                0.7896749521988528
            ]
        }
    },
    "stddevs": {
        "birthdate": {
            "f1_score": 0.013553365702324334,
            "num_actual": 0.0,
            "num_correct": 20.156884679930084,
            "num_predicted": 36.066605052319524,
            "precision": 0.014038447484220878,
            "recall": 0.03854088848935004
        },
        "birthplace": {
            "f1_score": 0.01682889211603781,
            "num_actual": 0.0,
            "num_correct": 11.861703081766969,
            "num_predicted": 27.994642344563005,
            "precision": 0.024447465964802975,
            "recall": 0.02268012061523322
        },
        "hypernym": {
            "f1_score": 0.03371998212787885,
            "num_actual": 0.0,
            "num_correct": 22.94558781116753,
            "num_predicted": 63.520075566705685,
            "precision": 0.07258448278227306,
            "recall": 0.043873016847356665
        },
        "spouse": {
            "f1_score": 0.009632431119440356,
            "num_actual": 0.0,
            "num_correct": 13.46476884316994,
            "num_predicted": 27.440845468024488,
            "precision": 0.019029967217938242,
            "recall": 0.025745255914282894
        }
    }
}