{
    "means": {
        "birthdate": {
            "f1_score": 0.7343249243023584,
            "num_actual": 268.0,
            "num_correct": 201.6,
            "num_predicted": 280.8,
            "precision": 0.7186525436948226,
            "recall": 0.7522388059701492
        },
        "birthplace": {
            "f1_score": 0.678799603470583,
            "num_actual": 268.0,
            "num_correct": 186.39999999999998,
            "num_predicted": 281.2,
            "precision": 0.6639220080684749,
            "recall": 0.6955223880597015
        },
        "hypernym": {
            "f1_score": 0.6938912002717563,
            "num_actual": 268.0,
            "num_correct": 174.39999999999998,
            "num_predicted": 234.6,
            "precision": 0.7465519655064292,
            "recall": 0.6507462686567165
        },
        "spouse": {
            "f1_score": 0.7670779659580828,
            "num_actual": 268.0,
            "num_correct": 213.8,
            "num_predicted": 289.4,
            "precision": 0.7394050888795702,
            "recall": 0.7977611940298507
        }
    },
    "ranges": {
        "birthdate": {
            "f1_score": [
                0.7526132404181185,
                0.7167630057803467
            ],
            "num_actual": [
                268,
                268
            ],
            "num_correct": [
                216,
                186
            ],
            "num_predicted": [
                306,
                251
            ],
            "precision": [
                0.7410358565737052,
                0.7058823529411765
            ],
            "recall": [
                0.8059701492537313,
                0.6940298507462687
            ]
        },
        "birthplace": {
            "f1_score": [
                0.6911764705882354,
                0.6583184257602862
            ],
            "num_actual": [
                268,
                268
            ],
            "num_correct": [
                196,
                176
            ],
            "num_predicted": [
                305,
                257
            ],
            "precision": [
                0.6848249027237354,
                0.6323024054982818
            ],
            "recall": [
                0.7313432835820896,
                0.6567164179104478
            ]
        },
        "hypernym": {
            "f1_score": [
                0.7085714285714286,
                0.663983903420523
            ],
            "num_actual": [
                268,
                268
            ],
            "num_correct": [
                186,
                164
            ],
            "num_predicted": [
                257,
                198
            ],
            "precision": [
                0.8282828282828283,
                0.7205240174672489
            ],
            "recall": [
                0.6940298507462687,
                0.6119402985074627
            ]
        },
        "spouse": {
            "f1_score": [
                0.7806691449814127,
                0.7504488330341113
            ],
            "num_actual": [
                268,
                268
            ],
            "num_correct": [
                222,
                206
            ],
            "num_predicted": [
                305,
                270
            ],
            "precision": [
                0.7777777777777778,
                0.7231833910034602
            ],
            "recall": [
                0.8283582089552238,
                0.7686567164179104
            ]
        }
    },
    "stddevs": {
        "birthdate": {
            "f1_score": 0.013993955649708713,
            "num_actual": 0.0,
            "num_correct": 10.830512453249845,
            "num_predicted": 19.62651268055535,
            "precision": 0.013911499679882753,
            "recall": 0.040412359900186
        },
        "birthplace": {
            "f1_score": 0.014085802888524906,
            "num_actual": 0.0,
            "num_correct": 7.26636084983398,
            "num_predicted": 17.977764043395386,
            "precision": 0.024525029088322572,
            "recall": 0.027113286753111865
        },
        "hypernym": {
            "f1_score": 0.018025485409378334,
            "num_actual": 0.0,
            "num_correct": 9.864076236526156,
            "num_predicted": 23.07162759754933,
            "precision": 0.04590107162829341,
            "recall": 0.03680625461390358
        },
        "spouse": {
            "f1_score": 0.015322723580417147,
            "num_actual": 0.0,
            "num_correct": 7.62889244910426,
            "num_predicted": 14.570518178843194,
            "precision": 0.02194900056725738,
            "recall": 0.02846601660113527
        }
    }
}