{
    "means": {
        "birthdate": {
            "f1_score": -0.004291581271539946,
            "precision": 0.03902669083243095,
            "recall": -0.046356453028972754
        },
        "birthplace": {
            "f1_score": 4.372633426586239e-06,
            "precision": -0.022119653307908483,
            "recall": 0.025261925665788686
        },
        "hypernym": {
            "f1_score": 0.013595102342510825,
            "precision": -0.035177272083197327,
            "recall": 0.061410594088381634
        },
        "spouse": {
            "f1_score": 0.06856047750422636,
            "precision": 0.0913003241063153,
            "recall": 0.04380743342112967
        }
    },
    "ranges": {
        "birthdate": {
            "f1_score": [
                0.00860387052992595,
                -0.023668103497041293
            ],
            "precision": [
                0.04385964912280704,
                0.03552475494786789
            ],
            "recall": [
                -0.015598478197249022,
                -0.0825724319578578
            ]
        },
        "birthplace": {
            "f1_score": [
                0.016191558276382523,
                -0.015040915962116874
            ],
            "precision": [
                -0.0108681931786625,
                -0.037323803851498916
            ],
            "recall": [
                0.047527070529704396,
                -0.005853087503658205
            ]
        },
        "hypernym": {
            "f1_score": [
                0.052659078186228725,
                -0.058210953388314945
            ],
            "precision": [
                0.020497659522049738,
                -0.16740275840694252
            ],
            "recall": [
                0.1020485806262803,
                0.03462101258413819
            ]
        },
        "spouse": {
            "f1_score": [
                0.08254261452137224,
                0.05598424147277059
            ],
            "precision": [
                0.12227581541719368,
                0.07242465137201981
            ],
            "recall": [
                0.0632865086333041,
                0.0343868890839919
            ]
        }
    },
    "stddevs": {
        "birthdate": {
            "f1_score": 0.016492781616035658,
            "precision": 0.003712744376668526,
            "recall": 0.03194806930024079
        },
        "birthplace": {
            "f1_score": 0.013839977871478039,
            "precision": 0.009567201069036609,
            "recall": 0.024705389390759974
        },
        "hypernym": {
            "f1_score": 0.04375925587310268,
            "precision": 0.07523076315599024,
            "recall": 0.028026961523808906
        },
        "spouse": {
            "f1_score": 0.01244146536159994,
            "precision": 0.01950933560668882,
            "recall": 0.011333682554415418
        }
    }
}