{
    "means": {
        "birthdate": {
            "f1_score": 0.7300333430308183,
            "num_actual": 255.0,
            "num_correct": 180.0,
            "num_predicted": 237.8,
            "precision": 0.7576792345272536,
            "recall": 0.7058823529411764
        },
        "birthplace": {
            "f1_score": 0.6788039761040097,
            "num_actual": 255.0,
            "num_correct": 183.8,
            "num_predicted": 286.59999999999997,
            "precision": 0.6418023547605665,
            "recall": 0.7207843137254901
        },
        "hypernym": {
            "f1_score": 0.707486302614267,
            "num_actual": 255.0,
            "num_correct": 181.6,
            "num_predicted": 260.0,
            "precision": 0.7113746934232319,
            "recall": 0.712156862745098
        },
        "spouse": {
            "f1_score": 0.835638443462309,
            "num_actual": 255.0,
            "num_correct": 214.6,
            "num_predicted": 258.6,
            "precision": 0.8307054129858855,
            "recall": 0.8415686274509804
        }
    },
    "ranges": {
        "birthdate": {
            "f1_score": [
                0.7586206896551726,
                0.7122153209109733
            ],
            "num_actual": [
                255,
                255
            ],
            "num_correct": [
                198,
                172
            ],
            "num_predicted": [
                267,
                222
            ],
            "precision": [
                0.7792792792792793,
                0.7415730337078652
            ],
            "recall": [
                0.7764705882352941,
                0.6745098039215687
            ]
        },
        "birthplace": {
            "f1_score": [
                0.7060998151571165,
                0.6482504604051565
            ],
            "num_actual": [
                255,
                255
            ],
            "num_correct": [
                191,
                176
            ],
            "num_predicted": [
                298,
                269
            ],
            "precision": [
                0.6678321678321678,
                0.6111111111111112
            ],
            "recall": [
                0.7490196078431373,
                0.6901960784313725
            ]
        },
        "hypernym": {
            "f1_score": [
                0.7565217391304347,
                0.6321243523316061
            ],
            "num_actual": [
                255,
                255
            ],
            "num_correct": [
                203,
                166
            ],
            "num_predicted": [
                324,
                205
            ],
            "precision": [
                0.848780487804878,
                0.5648148148148148
            ],
            "recall": [
                0.796078431372549,
                0.6509803921568628
            ]
        },
        "spouse": {
            "f1_score": [
                0.8419047619047619,
                0.8317214700193424
            ],
            "num_actual": [
                255,
                255
            ],
            "num_correct": [
                221,
                207
            ],
            "num_predicted": [
                272,
                242
            ],
            "precision": [
                0.8553719008264463,
                0.8088235294117647
            ],
            "recall": [
                0.8666666666666667,
                0.8117647058823529
            ]
        }
    },
    "stddevs": {
        "birthdate": {
            "f1_score": 0.01774279860444992,
            "num_actual": 0.0,
            "num_correct": 10.977249200050075,
            "num_predicted": 18.253766734567417,
            "precision": 0.014368399558558856,
            "recall": 0.043048036078627734
        },
        "birthplace": {
            "f1_score": 0.021599796929908183,
            "num_actual": 0.0,
            "num_correct": 6.220932405998316,
            "num_predicted": 10.853570840972107,
            "precision": 0.025605951899563852,
            "recall": 0.02439581335685616
        },
        "hypernym": {
            "f1_score": 0.0531500813604874,
            "num_actual": 0.0,
            "num_correct": 13.794926603646719,
            "num_predicted": 45.70010940905941,
            "precision": 0.10077690354133086,
            "recall": 0.05409775138684985
        },
        "spouse": {
            "f1_score": 0.003972891765077938,
            "num_actual": 0.0,
            "num_correct": 6.107372593840988,
            "num_predicted": 13.520355024924456,
            "precision": 0.020723235627323377,
            "recall": 0.02395048076016076
        }
    }
}