{
    "means": {
        "birthdate": {
            "f1_score": 0.8867907596379766,
            "num_actual": 523.0,
            "num_correct": 472.40000000000003,
            "num_predicted": 542.2,
            "precision": 0.8715114134719655,
            "recall": 0.9032504780114723
        },
        "birthplace": {
            "f1_score": 0.8330911338004225,
            "num_actual": 523.0,
            "num_correct": 432.0,
            "num_predicted": 514.4,
            "precision": 0.8411330035891342,
            "recall": 0.8260038240917782
        },
        "hypernym": {
            "f1_score": 0.8828435199586819,
            "num_actual": 523.0,
            "num_correct": 453.0,
            "num_predicted": 503.20000000000005,
            "precision": 0.9005281402833085,
            "recall": 0.8661567877629064
        },
        "spouse": {
            "f1_score": 0.8867419798758923,
            "num_actual": 523.0,
            "num_correct": 471.79999999999995,
            "num_predicted": 541.1999999999999,
            "precision": 0.8723145710672693,
            "recall": 0.9021032504780115
        }
    },
    "ranges": {
        "birthdate": {
            "f1_score": [
                0.9008341056533827,
                0.8698955365622032
            ],
            "num_actual": [
                523,
                523
            ],
            "num_correct": [
                486,
                452
            ],
            "num_predicted": [
                563,
                509
            ],
            "precision": [
                0.888015717092338,
                0.8596802841918295
            ],
            "recall": [
                0.9292543021032504,
                0.864244741873805
            ]
        },
        "birthplace": {
            "f1_score": [
                0.851231527093596,
                0.8172446110590441
            ],
            "num_actual": [
                523,
                523
            ],
            "num_correct": [
                436,
                422
            ],
            "num_predicted": [
                544,
                490
            ],
            "precision": [
                0.8780487804878049,
                0.8014705882352942
            ],
            "recall": [
                0.8336520076481836,
                0.8068833652007649
            ]
        },
        "hypernym": {
            "f1_score": [
                0.8880233690360272,
                0.8753738783649052
            ],
            "num_actual": [
                523,
                523
            ],
            "num_correct": [
                459,
                439
            ],
            "num_predicted": [
                520,
                480
            ],
            "precision": [
                0.9145833333333333,
                0.8826923076923077
            ],
            "recall": [
                0.8776290630975143,
                0.8393881453154876
            ]
        },
        "spouse": {
            "f1_score": [
                0.8939828080229226,
                0.878760255241568
            ],
            "num_actual": [
                523,
                523
            ],
            "num_correct": [
                482,
                464
            ],
            "num_predicted": [
                574,
                524
            ],
            "precision": [
                0.8931297709923665,
                0.8397212543554007
            ],
            "recall": [
                0.9216061185468452,
                0.887189292543021
            ]
        }
    },
    "stddevs": {
        "birthdate": {
            "f1_score": 0.013263531292439085,
            "num_actual": 0.0,
            "num_correct": 16.087262041752165,
            "num_predicted": 22.30919093109385,
            "precision": 0.010877250170490932,
            "recall": 0.030759583253828233
        },
        "birthplace": {
            "f1_score": 0.014290292682053951,
            "num_actual": 0.0,
            "num_correct": 5.830951894845301,
            "num_predicted": 25.657357619209346,
            "precision": 0.03391041986284574,
            "recall": 0.011149047600086602
        },
        "hypernym": {
            "f1_score": 0.005122761416192637,
            "num_actual": 0.0,
            "num_correct": 8.154753215150045,
            "num_predicted": 15.287249589118375,
            "precision": 0.012714310806056763,
            "recall": 0.015592262361663571
        },
        "spouse": {
            "f1_score": 0.007369393455969336,
            "num_actual": 0.0,
            "num_correct": 6.797058187186572,
            "num_predicted": 19.30543964793343,
            "precision": 0.020048227708990493,
            "recall": 0.012996287164792689
        }
    }
}