{
    "means": {
        "birthdate": {
            "f1_score": 0.8847133111774006,
            "num_actual": 268.0,
            "num_correct": 238.39999999999998,
            "num_predicted": 270.8,
            "precision": 0.8804277644688046,
            "recall": 0.8895522388059702
        },
        "birthplace": {
            "f1_score": 0.832990843514309,
            "num_actual": 268.0,
            "num_correct": 226.0,
            "num_predicted": 274.8,
            "precision": 0.8236698949001369,
            "recall": 0.8432835820895521
        },
        "hypernym": {
            "f1_score": 0.8897872321360014,
            "num_actual": 268.0,
            "num_correct": 235.8,
            "num_predicted": 262.0,
            "precision": 0.9001854878630245,
            "recall": 0.8798507462686567
        },
        "spouse": {
            "f1_score": 0.8780396917026556,
            "num_actual": 268.0,
            "num_correct": 236.6,
            "num_predicted": 271.0,
            "precision": 0.8737971670730292,
            "recall": 0.8828358208955224
        }
    },
    "ranges": {
        "birthdate": {
            "f1_score": [
                0.9014598540145986,
                0.8685714285714285
            ],
            "num_actual": [
                268,
                268
            ],
            "num_correct": [
                247,
                228
            ],
            "num_predicted": [
                280,
                257
            ],
            "precision": [
                0.8871595330739299,
                0.8768115942028986
            ],
            "recall": [
                0.9216417910447762,
                0.8507462686567164
            ]
        },
        "birthplace": {
            "f1_score": [
                0.8587570621468926,
                0.8149466192170819
            ],
            "num_actual": [
                268,
                268
            ],
            "num_correct": [
                229,
                221
            ],
            "num_predicted": [
                294,
                263
            ],
            "precision": [
                0.8669201520912547,
                0.7789115646258503
            ],
            "recall": [
                0.8544776119402985,
                0.8246268656716418
            ]
        },
        "hypernym": {
            "f1_score": [
                0.8960302457466919,
                0.8812260536398467
            ],
            "num_actual": [
                268,
                268
            ],
            "num_correct": [
                241,
                230
            ],
            "num_predicted": [
                271,
                254
            ],
            "precision": [
                0.9108527131782945,
                0.8872180451127819
            ],
            "recall": [
                0.8992537313432836,
                0.8582089552238806
            ]
        },
        "spouse": {
            "f1_score": [
                0.888468809073724,
                0.8633093525179857
            ],
            "num_actual": [
                268,
                268
            ],
            "num_correct": [
                240,
                232
            ],
            "num_predicted": [
                288,
                261
            ],
            "precision": [
                0.9003831417624522,
                0.8333333333333334
            ],
            "recall": [
                0.8955223880597015,
                0.8656716417910447
            ]
        }
    },
    "stddevs": {
        "birthdate": {
            "f1_score": 0.014686993153019115,
            "num_actual": 0.0,
            "num_correct": 8.384509526501834,
            "num_predicted": 10.183319694480774,
            "precision": 0.004277868754785145,
            "recall": 0.03128548330784267
        },
        "birthplace": {
            "f1_score": 0.017361074553679412,
            "num_actual": 0.0,
            "num_correct": 3.1622776601683795,
            "num_predicted": 13.1224997618594,
            "precision": 0.034420227826292005,
            "recall": 0.011799543508090957
        },
        "hypernym": {
            "f1_score": 0.006725769530250463,
            "num_actual": 0.0,
            "num_correct": 3.9623225512317894,
            "num_predicted": 6.670832032063167,
            "precision": 0.011074963018274025,
            "recall": 0.014784785638924575
        },
        "spouse": {
            "f1_score": 0.01021110376337361,
            "num_actual": 0.0,
            "num_correct": 3.1304951684997055,
            "num_predicted": 10.488088481701515,
            "precision": 0.024645174930903183,
            "recall": 0.011680952121267586
        }
    }
}