{
    "means": {
        "birthdate": {
            "f1_score": 0.004225457620910001,
            "precision": -0.017717876522869158,
            "recall": 0.02809482001755923
        },
        "birthplace": {
            "f1_score": 0.0002171436289501561,
            "precision": 0.03767752337365295,
            "recall": -0.03544044483465028
        },
        "hypernym": {
            "f1_score": -0.01436428896593569,
            "precision": 0.000787527626819839,
            "recall": -0.028086040386303822
        },
        "spouse": {
            "f1_score": 0.017639015792294033,
            "precision": -0.0029095442054636765,
            "recall": 0.03951712028094818
        }
    },
    "ranges": {
        "birthdate": {
            "f1_score": [
                0.015057762750070425,
                -0.004884004884004867
            ],
            "precision": [
                0.0017293558149589217,
                -0.035592578568724
            ],
            "recall": [
                0.038191395961369556,
                0.015613110916008144
            ]
        },
        "birthplace": {
            "f1_score": [
                0.007439075558781316,
                -0.01578185553532241
            ],
            "precision": [
                0.053113553113553036,
                0.017117713592099126
            ],
            "recall": [
                -0.012101258413813376,
                -0.05074626865671639
            ]
        },
        "hypernym": {
            "f1_score": [
                0.0005670203082799308,
                -0.02916924345495764
            ],
            "precision": [
                0.019266950038324904,
                -0.013796884956801314
            ],
            "recall": [
                -0.01000877963125546,
                -0.04435177055896988
            ]
        },
        "spouse": {
            "f1_score": [
                0.0313302038590938,
                0.01114509054017554
            ],
            "precision": [
                0.012820512820512775,
                -0.016334347189365772
            ],
            "recall": [
                0.05349721978343569,
                0.02566578870354108
            ]
        }
    },
    "stddevs": {
        "birthdate": {
            "f1_score": 0.008951757831765005,
            "precision": 0.014683141254928922,
            "recall": 0.008137337656261257
        },
        "birthplace": {
            "f1_score": 0.009206739394366432,
            "precision": 0.016098960481079196,
            "recall": 0.014429270473769093
        },
        "hypernym": {
            "f1_score": 0.01062348736222564,
            "precision": 0.013948224981629353,
            "recall": 0.013657174300035626
        },
        "spouse": {
            "f1_score": 0.008237282939662485,
            "precision": 0.012291187665219753,
            "recall": 0.010247164546886582
        }
    }
}