{
    "means": {
        "birthdate": {
            "f1_score": 0.8889387687983106,
            "num_actual": 255.0,
            "num_correct": 234.0,
            "num_predicted": 271.4,
            "precision": 0.8627098879459354,
            "recall": 0.9176470588235295
        },
        "birthplace": {
            "f1_score": 0.8332079871432592,
            "num_actual": 255.0,
            "num_correct": 206.0,
            "num_predicted": 239.6,
            "precision": 0.8613474182737898,
            "recall": 0.807843137254902
        },
        "hypernym": {
            "f1_score": 0.8754229431700659,
            "num_actual": 255.0,
            "num_correct": 217.2,
            "num_predicted": 241.20000000000002,
            "precision": 0.9009730154898443,
            "recall": 0.8517647058823528
        },
        "spouse": {
            "f1_score": 0.8956787074949497,
            "num_actual": 255.0,
            "num_correct": 235.20000000000002,
            "num_predicted": 270.2,
            "precision": 0.8708876228675655,
            "recall": 0.9223529411764705
        }
    },
    "ranges": {
        "birthdate": {
            "f1_score": [
                0.9022556390977443,
                0.8697318007662835
            ],
            "num_actual": [
                255,
                255
            ],
            "num_correct": [
                240,
                224
            ],
            "num_predicted": [
                285,
                252
            ],
            "precision": [
                0.8888888888888888,
                0.8421052631578947
            ],
            "recall": [
                0.9411764705882353,
                0.8784313725490196
            ]
        },
        "birthplace": {
            "f1_score": [
                0.8466257668711656,
                0.8198019801980198
            ],
            "num_actual": [
                255,
                255
            ],
            "num_correct": [
                211,
                201
            ],
            "num_predicted": [
                258,
                227
            ],
            "precision": [
                0.8908296943231441,
                0.8178294573643411
            ],
            "recall": [
                0.8274509803921568,
                0.788235294117647
            ]
        },
        "hypernym": {
            "f1_score": [
                0.8844621513944223,
                0.8650793650793651
            ],
            "num_actual": [
                255,
                255
            ],
            "num_correct": [
                222,
                209
            ],
            "num_predicted": [
                249,
                226
            ],
            "precision": [
                0.9247787610619469,
                0.8755020080321285
            ],
            "recall": [
                0.8705882352941177,
                0.8196078431372549
            ]
        },
        "spouse": {
            "f1_score": [
                0.9007633587786261,
                0.8854961832061069
            ],
            "num_actual": [
                255,
                255
            ],
            "num_correct": [
                242,
                232
            ],
            "num_predicted": [
                286,
                263
            ],
            "precision": [
                0.8859315589353612,
                0.8461538461538461
            ],
            "recall": [
                0.9490196078431372,
                0.9098039215686274
            ]
        }
    },
    "stddevs": {
        "birthdate": {
            "f1_score": 0.01323813852958946,
            "num_actual": 0.0,
            "num_correct": 7.842193570679061,
            "num_predicted": 12.581732790041283,
            "precision": 0.017964985988913326,
            "recall": 0.030753700277172797
        },
        "birthplace": {
            "f1_score": 0.01191739146804918,
            "num_actual": 0.0,
            "num_correct": 3.7416573867739413,
            "num_predicted": 13.685759021698432,
            "precision": 0.0353482881780651,
            "recall": 0.014673166222642892
        },
        "hypernym": {
            "f1_score": 0.00805380466985385,
            "num_actual": 0.0,
            "num_correct": 4.868264577855234,
            "num_predicted": 9.06642156531451,
            "precision": 0.017558738132564873,
            "recall": 0.01909123363864798
        },
        "spouse": {
            "f1_score": 0.006143108248323946,
            "num_actual": 0.0,
            "num_correct": 4.08656334834051,
            "num_predicted": 9.257429448826494,
            "precision": 0.01648670371173731,
            "recall": 0.016025738620943173
        }
    }
}