{
    "means": {
        "birthdate": {
            "f1_score": 0.8989600446906977,
            "num_actual": 523.0,
            "num_correct": 484.20000000000005,
            "num_predicted": 554.2,
            "precision": 0.8736996582749372,
            "recall": 0.9258126195028682
        },
        "birthplace": {
            "f1_score": 0.8395725066750529,
            "num_actual": 523.0,
            "num_correct": 429.20000000000005,
            "num_predicted": 499.40000000000003,
            "precision": 0.8597283950891206,
            "recall": 0.8206500956022944
        },
        "hypernym": {
            "f1_score": 0.8859686205108084,
            "num_actual": 523.0,
            "num_correct": 466.8,
            "num_predicted": 530.8,
            "precision": 0.879509750400101,
            "recall": 0.8925430210325047
        },
        "spouse": {
            "f1_score": 0.8836171669913178,
            "num_actual": 523.0,
            "num_correct": 460.8,
            "num_predicted": 520.0,
            "precision": 0.8863325422120196,
            "recall": 0.8810707456978968
        }
    },
    "ranges": {
        "birthdate": {
            "f1_score": [
                0.9101019462465245,
                0.8801498127340823
            ],
            "num_actual": [
                523,
                523
            ],
            "num_correct": [
                491,
                470
            ],
            "num_predicted": [
                564,
                545
            ],
            "precision": [
                0.8830935251798561,
                0.8623853211009175
            ],
            "recall": [
                0.9388145315487572,
                0.8986615678776291
            ]
        },
        "birthplace": {
            "f1_score": [
                0.8491295938104447,
                0.821811100292113
            ],
            "num_actual": [
                523,
                523
            ],
            "num_correct": [
                439,
                418
            ],
            "num_predicted": [
                511,
                473
            ],
            "precision": [
                0.8837209302325582,
                0.8373015873015873
            ],
            "recall": [
                0.8393881453154876,
                0.7992351816443595
            ]
        },
        "hypernym": {
            "f1_score": [
                0.8950381679389313,
                0.8630783758262512
            ],
            "num_actual": [
                523,
                523
            ],
            "num_correct": [
                470,
                457
            ],
            "num_predicted": [
                536,
                525
            ],
            "precision": [
                0.8933333333333333,
                0.8526119402985075
            ],
            "recall": [
                0.8986615678776291,
                0.8738049713193117
            ]
        },
        "spouse": {
            "f1_score": [
                0.8874045801526717,
                0.8790170132325141
            ],
            "num_actual": [
                523,
                523
            ],
            "num_correct": [
                465,
                456
            ],
            "num_predicted": [
                535,
                509
            ],
            "precision": [
                0.8960784313725491,
                0.8691588785046729
            ],
            "recall": [
                0.8891013384321224,
                0.8718929254302104
            ]
        }
    },
    "stddevs": {
        "birthdate": {
            "f1_score": 0.011215967066742761,
            "num_actual": 0.0,
            "num_correct": 8.64291617453276,
            "num_predicted": 8.438009243891594,
            "precision": 0.009268474313759375,
            "recall": 0.01652565234136283
        },
        "birthplace": {
            "f1_score": 0.010877932910113946,
            "num_actual": 0.0,
            "num_correct": 9.148770409186143,
            "num_predicted": 15.241391012633985,
            "precision": 0.016441900575922156,
            "recall": 0.017492868851216325
        },
        "hypernym": {
            "f1_score": 0.012947122875635835,
            "num_actual": 0.0,
            "num_correct": 5.495452665613634,
            "num_predicted": 3.9623225512317903,
            "precision": 0.015598091549853798,
            "recall": 0.010507557678037547
        },
        "spouse": {
            "f1_score": 0.0030473533524915087,
            "num_actual": 0.0,
            "num_correct": 4.266145801540309,
            "num_predicted": 10.862780491200215,
            "precision": 0.010995235910745712,
            "recall": 0.008157066542142065
        }
    }
}