{
    "means": {
        "birthdate": {
            "f1_score": 0.8959679146072583,
            "num_actual": 268.0,
            "num_correct": 243.8,
            "num_predicted": 276.2,
            "precision": 0.882723294631002,
            "recall": 0.9097014925373135
        },
        "birthplace": {
            "f1_score": 0.8384086829816293,
            "num_actual": 268.0,
            "num_correct": 225.20000000000002,
            "num_predicted": 269.20000000000005,
            "precision": 0.8368015423413531,
            "recall": 0.8402985074626865
        },
        "hypernym": {
            "f1_score": 0.8890850115400974,
            "num_actual": 268.0,
            "num_correct": 240.4,
            "num_predicted": 272.79999999999995,
            "precision": 0.8814746552054746,
            "recall": 0.8970149253731343
        },
        "spouse": {
            "f1_score": 0.8703434044413336,
            "num_actual": 268.0,
            "num_correct": 231.0,
            "num_predicted": 262.8,
            "precision": 0.8795735927222444,
            "recall": 0.8619402985074626
        }
    },
    "ranges": {
        "birthdate": {
            "f1_score": [
                0.9037037037037037,
                0.8761552680221811
            ],
            "num_actual": [
                268,
                268
            ],
            "num_correct": [
                248,
                237
            ],
            "num_predicted": [
                282,
                272
            ],
            "precision": [
                0.8970588235294118,
                0.8681318681318682
            ],
            "recall": [
                0.9253731343283582,
                0.8843283582089553
            ]
        },
        "birthplace": {
            "f1_score": [
                0.8471454880294659,
                0.8171641791044777
            ],
            "num_actual": [
                268,
                268
            ],
            "num_correct": [
                230,
                219
            ],
            "num_predicted": [
                276,
                257
            ],
            "precision": [
                0.8638132295719845,
                0.8171641791044776
            ],
            "recall": [
                0.8582089552238806,
                0.8171641791044776
            ]
        },
        "hypernym": {
            "f1_score": [
                0.9097744360902257,
                0.8640595903165734
            ],
            "num_actual": [
                268,
                268
            ],
            "num_correct": [
                244,
                232
            ],
            "num_predicted": [
                279,
                264
            ],
            "precision": [
                0.9166666666666666,
                0.862453531598513
            ],
            "recall": [
                0.9104477611940298,
                0.8656716417910447
            ]
        },
        "spouse": {
            "f1_score": [
                0.8785046728971962,
                0.8598130841121496
            ],
            "num_actual": [
                268,
                268
            ],
            "num_correct": [
                237,
                222
            ],
            "num_predicted": [
                273,
                244
            ],
            "precision": [
                0.9098360655737705,
                0.8614232209737828
            ],
            "recall": [
                0.8843283582089553,
                0.8283582089552238
            ]
        }
    },
    "stddevs": {
        "birthdate": {
            "f1_score": 0.011250206075469777,
            "num_actual": 0.0,
            "num_correct": 4.147288270665544,
            "num_predicted": 4.207136793592526,
            "precision": 0.010617776404993286,
            "recall": 0.015474956233826633
        },
        "birthplace": {
            "f1_score": 0.01261436525564098,
            "num_actual": 0.0,
            "num_correct": 4.868264577855234,
            "num_predicted": 7.5960516059331775,
            "precision": 0.01687828479907232,
            "recall": 0.018165166335280758
        },
        "hypernym": {
            "f1_score": 0.016855470635529186,
            "num_actual": 0.0,
            "num_correct": 4.77493455452533,
            "num_predicted": 6.1400325732035,
            "precision": 0.02137322375030411,
            "recall": 0.017816919979572153
        },
        "spouse": {
            "f1_score": 0.0074383088795183985,
            "num_actual": 0.0,
            "num_correct": 5.787918451395113,
            "num_predicted": 11.099549540409287,
            "precision": 0.018561063760569672,
            "recall": 0.021596710639534042
        }
    }
}