{
    "means": {
        "birthdate": {
            "f1_score": 0.0060687657206378144,
            "precision": -0.017848734357411078,
            "recall": 0.03304360550190224
        },
        "birthplace": {
            "f1_score": 0.0024320310377859535,
            "precision": 0.0497699348642563,
            "recall": -0.04029850746268657
        },
        "hypernym": {
            "f1_score": -0.0063186540040828685,
            "precision": -0.0035398847200826186,
            "recall": -0.009171788118232403
        },
        "spouse": {
            "f1_score": 0.02685407737987215,
            "precision": 0.014407014517391414,
            "recall": 0.03923617208077257
        }
    },
    "ranges": {
        "birthdate": {
            "f1_score": [
                0.0168963739474135,
                -0.0038927396205278297
            ],
            "precision": [
                0.007428689755137885,
                -0.02908885116015847
            ],
            "recall": [
                0.05033655253146041,
                0.022885572139303534
            ]
        },
        "birthplace": {
            "f1_score": [
                0.009719731282487598,
                -0.013442523506217552
            ],
            "precision": [
                0.05890804597701149,
                0.043005312420946185
            ],
            "recall": [
                -0.021085747731928617,
                -0.05973075797483163
            ]
        },
        "hypernym": {
            "f1_score": [
                0.010637185436791596,
                -0.029929474849915594
            ],
            "precision": [
                0.033410138248847976,
                -0.046934865900383094
            ],
            "recall": [
                0.01668129938542584,
                -0.028094820017559252
            ]
        },
        "spouse": {
            "f1_score": [
                0.03884848376547945,
                0.01083134319938317
            ],
            "precision": [
                0.03509393831974472,
                -0.026377418957229115
            ],
            "recall": [
                0.09321041849575651,
                -0.010199004975124382
            ]
        }
    },
    "stddevs": {
        "birthdate": {
            "f1_score": 0.00803047767350423,
            "precision": 0.015915856081978177,
            "recall": 0.010600222646297308
        },
        "birthplace": {
            "f1_score": 0.009153386897984344,
            "precision": 0.006829265835498191,
            "recall": 0.01422306661425441
        },
        "hypernym": {
            "f1_score": 0.015721226291916066,
            "precision": 0.030986848351374847,
            "recall": 0.016222856511937608
        },
        "spouse": {
            "f1_score": 0.013109207090465345,
            "precision": 0.024703131555569083,
            "recall": 0.04540727218845952
        }
    }
}