{
    "means": {
        "birthdate": {
            "f1_score": 0.902036680327896,
            "num_actual": 255.0,
            "num_correct": 240.39999999999998,
            "num_predicted": 278.0,
            "precision": 0.864874560273591,
            "recall": 0.9427450980392156
        },
        "birthplace": {
            "f1_score": 0.8408407140194152,
            "num_actual": 255.0,
            "num_correct": 204.0,
            "num_predicted": 230.2,
            "precision": 0.8865714772056092,
            "recall": 0.7999999999999999
        },
        "hypernym": {
            "f1_score": 0.8827663575360144,
            "num_actual": 255.0,
            "num_correct": 226.4,
            "num_predicted": 258.0,
            "precision": 0.8779347704853921,
            "recall": 0.8878431372549019
        },
        "spouse": {
            "f1_score": 0.8971974818212058,
            "num_actual": 255.0,
            "num_correct": 229.8,
            "num_predicted": 257.2,
            "precision": 0.8939806072396358,
            "recall": 0.9011764705882352
        }
    },
    "ranges": {
        "birthdate": {
            "f1_score": [
                0.9187145557655954,
                0.8842504743833016
            ],
            "num_actual": [
                255,
                255
            ],
            "num_correct": [
                245,
                233
            ],
            "num_predicted": [
                285,
                272
            ],
            "precision": [
                0.8868613138686131,
                0.8526315789473684
            ],
            "recall": [
                0.9607843137254902,
                0.9137254901960784
            ]
        },
        "birthplace": {
            "f1_score": [
                0.8513238289205703,
                0.8268839103869653
            ],
            "num_actual": [
                255,
                255
            ],
            "num_correct": [
                209,
                196
            ],
            "num_predicted": [
                236,
                216
            ],
            "precision": [
                0.9074074074074074,
                0.8601694915254238
            ],
            "recall": [
                0.8196078431372549,
                0.7686274509803922
            ]
        },
        "hypernym": {
            "f1_score": [
                0.8954635108481263,
                0.8620689655172413
            ],
            "num_actual": [
                255,
                255
            ],
            "num_correct": [
                228,
                225
            ],
            "num_predicted": [
                267,
                252
            ],
            "precision": [
                0.9007936507936508,
                0.8426966292134831
            ],
            "recall": [
                0.8941176470588236,
                0.8823529411764706
            ]
        },
        "spouse": {
            "f1_score": [
                0.9052224371373307,
                0.8893360160965794
            ],
            "num_actual": [
                255,
                255
            ],
            "num_correct": [
                235,
                221
            ],
            "num_predicted": [
                268,
                242
            ],
            "precision": [
                0.9132231404958677,
                0.8768656716417911
            ],
            "recall": [
                0.9215686274509803,
                0.8666666666666667
            ]
        }
    },
    "stddevs": {
        "birthdate": {
            "f1_score": 0.012574251865832685,
            "num_actual": 0.0,
            "num_correct": 4.878524367060187,
            "num_predicted": 6.442049363362563,
            "precision": 0.013626873325367399,
            "recall": 0.01913146810611838
        },
        "birthplace": {
            "f1_score": 0.010858533836478149,
            "num_actual": 0.0,
            "num_correct": 5.0,
            "num_predicted": 8.258329128825032,
            "precision": 0.01706656237261634,
            "recall": 0.01960784313725488
        },
        "hypernym": {
            "f1_score": 0.013153579906281328,
            "num_actual": 0.0,
            "num_correct": 1.3416407864998738,
            "num_predicted": 6.041522986797286,
            "precision": 0.022665333270384818,
            "recall": 0.005261336417646578
        },
        "spouse": {
            "f1_score": 0.0069871685951212615,
            "num_actual": 0.0,
            "num_correct": 6.760177512462228,
            "num_predicted": 11.541230437002806,
            "precision": 0.014663776737068136,
            "recall": 0.026510500048871448
        }
    }
}