{
    "means": {
        "birthdate": {
            "f1_score": 0.9099775752237903,
            "num_actual": 523.0,
            "num_correct": 492.20000000000005,
            "num_predicted": 558.8,
            "precision": 0.8808632976932542,
            "recall": 0.9411089866156788
        },
        "birthplace": {
            "f1_score": 0.8459035878308578,
            "num_actual": 523.0,
            "num_correct": 438.6,
            "num_predicted": 514.0,
            "precision": 0.8534584607240425,
            "recall": 0.838623326959847
        },
        "hypernym": {
            "f1_score": 0.8863416183872426,
            "num_actual": 523.0,
            "num_correct": 457.0,
            "num_predicted": 508.20000000000005,
            "precision": 0.8993610042596581,
            "recall": 0.8738049713193117
        },
        "spouse": {
            "f1_score": 0.9001316628950086,
            "num_actual": 523.0,
            "num_correct": 471.40000000000003,
            "num_predicted": 524.4,
            "precision": 0.8990444697705796,
            "recall": 0.901338432122371
        }
    },
    "ranges": {
        "birthdate": {
            "f1_score": [
                0.9156626506024097,
                0.9035812672176308
            ],
            "num_actual": [
                523,
                523
            ],
            "num_correct": [
                494,
                490
            ],
            "num_predicted": [
                566,
                555
            ],
            "precision": [
                0.8884892086330936,
                0.8692579505300353
            ],
            "recall": [
                0.9445506692160612,
                0.9369024856596558
            ]
        },
        "birthplace": {
            "f1_score": [
                0.8529698149951315,
                0.8349514563106797
            ],
            "num_actual": [
                523,
                523
            ],
            "num_correct": [
                445,
                430
            ],
            "num_predicted": [
                527,
                504
            ],
            "precision": [
                0.8690476190476191,
                0.8435114503816794
            ],
            "recall": [
                0.8508604206500956,
                0.8221797323135756
            ]
        },
        "hypernym": {
            "f1_score": [
                0.888671875,
                0.8834476003917727
            ],
            "num_actual": [
                523,
                523
            ],
            "num_correct": [
                463,
                451
            ],
            "num_predicted": [
                521,
                498
            ],
            "precision": [
                0.908183632734531,
                0.8886756238003839
            ],
            "recall": [
                0.8852772466539197,
                0.8623326959847036
            ]
        },
        "spouse": {
            "f1_score": [
                0.9021113243761997,
                0.8958930276981854
            ],
            "num_actual": [
                523,
                523
            ],
            "num_correct": [
                479,
                467
            ],
            "num_predicted": [
                540,
                515
            ],
            "precision": [
                0.9067961165048544,
                0.8870370370370371
            ],
            "recall": [
                0.9158699808795411,
                0.892925430210325
            ]
        }
    },
    "stddevs": {
        "birthdate": {
            "f1_score": 0.004591962521698132,
            "num_actual": 0.0,
            "num_correct": 1.4832396974191326,
            "num_predicted": 4.658325879540847,
            "precision": 0.007565589073290024,
            "recall": 0.002836022366002174
        },
        "birthplace": {
            "f1_score": 0.006882134042368616,
            "num_actual": 0.0,
            "num_correct": 5.639148871948674,
            "num_predicted": 10.653637876331258,
            "precision": 0.011499012116500467,
            "recall": 0.010782311418639907
        },
        "hypernym": {
            "f1_score": 0.001939619590569077,
            "num_actual": 0.0,
            "num_correct": 4.47213595499958,
            "num_predicted": 9.148770409186143,
            "precision": 0.007775186972213562,
            "recall": 0.008550929168259233
        },
        "spouse": {
            "f1_score": 0.002520284520055354,
            "num_actual": 0.0,
            "num_correct": 4.61519230368573,
            "num_predicted": 9.50263121456368,
            "precision": 0.008156055305222483,
            "recall": 0.00882445947167443
        }
    }
}