{
    "means": {
        "birthdate": {
            "f1_score": 0.9078851250834896,
            "num_actual": 268.0,
            "num_correct": 252.20000000000002,
            "num_predicted": 287.6,
            "precision": 0.8770465766242721,
            "recall": 0.941044776119403
        },
        "birthplace": {
            "f1_score": 0.8473063829585459,
            "num_actual": 268.0,
            "num_correct": 227.0,
            "num_predicted": 267.8,
            "precision": 0.8477539265383444,
            "recall": 0.8470149253731344
        },
        "hypernym": {
            "f1_score": 0.8792738282671189,
            "num_actual": 268.0,
            "num_correct": 233.0,
            "num_predicted": 262.0,
            "precision": 0.8895575175207282,
            "recall": 0.8694029850746269
        },
        "spouse": {
            "f1_score": 0.8800359037786785,
            "num_actual": 268.0,
            "num_correct": 234.0,
            "num_predicted": 263.8,
            "precision": 0.8872232993968632,
            "recall": 0.8731343283582089
        }
    },
    "ranges": {
        "birthdate": {
            "f1_score": [
                0.9153153153153153,
                0.896797153024911
            ],
            "num_actual": [
                268,
                268
            ],
            "num_correct": [
                254,
                251
            ],
            "num_predicted": [
                294,
                283
            ],
            "precision": [
                0.8904593639575972,
                0.8571428571428571
            ],
            "recall": [
                0.9477611940298507,
                0.9365671641791045
            ]
        },
        "birthplace": {
            "f1_score": [
                0.8592870544090055,
                0.8286252354048965
            ],
            "num_actual": [
                268,
                268
            ],
            "num_correct": [
                232,
                220
            ],
            "num_predicted": [
                275,
                263
            ],
            "precision": [
                0.8641509433962264,
                0.8351648351648352
            ],
            "recall": [
                0.8656716417910447,
                0.8208955223880597
            ]
        },
        "hypernym": {
            "f1_score": [
                0.8838095238095238,
                0.8719851576994434
            ],
            "num_actual": [
                268,
                268
            ],
            "num_correct": [
                235,
                230
            ],
            "num_predicted": [
                271,
                256
            ],
            "precision": [
                0.9027237354085603,
                0.8671586715867159
            ],
            "recall": [
                0.8768656716417911,
                0.8582089552238806
            ]
        },
        "spouse": {
            "f1_score": [
                0.8842504743833016,
                0.8754716981132075
            ],
            "num_actual": [
                268,
                268
            ],
            "num_correct": [
                238,
                232
            ],
            "num_predicted": [
                273,
                259
            ],
            "precision": [
                0.8996138996138996,
                0.8717948717948718
            ],
            "recall": [
                0.8880597014925373,
                0.8656716417910447
            ]
        }
    },
    "stddevs": {
        "birthdate": {
            "f1_score": 0.0076824330378111785,
            "num_actual": 0.0,
            "num_correct": 1.0954451150103324,
            "num_predicted": 3.9749213828703582,
            "precision": 0.012715744166012214,
            "recall": 0.0040874817724265945
        },
        "birthplace": {
            "f1_score": 0.012034868763461519,
            "num_actual": 0.0,
            "num_correct": 4.47213595499958,
            "num_predicted": 5.761944116355173,
            "precision": 0.013271980167852972,
            "recall": 0.01668707445895362
        },
        "hypernym": {
            "f1_score": 0.0045923617140197805,
            "num_actual": 0.0,
            "num_correct": 2.0,
            "num_predicted": 6.0,
            "precision": 0.013729292233447385,
            "recall": 0.007462686567164173
        },
        "spouse": {
            "f1_score": 0.0031151770471011288,
            "num_actual": 0.0,
            "num_correct": 2.5495097567963922,
            "num_predicted": 5.890670590009256,
            "precision": 0.010971245450015156,
            "recall": 0.009513096107449253
        }
    }
}