{
    "means": {
        "birthdate": {
            "f1_score": 0.004320729408442747,
            "precision": 0.007940837601722794,
            "recall": 0.00013169446883227743
        },
        "birthplace": {
            "f1_score": -0.002921642628668519,
            "precision": 0.011899390316446535,
            "recall": -0.017211003804506863
        },
        "hypernym": {
            "f1_score": 0.01456029013527502,
            "precision": 0.0202977003987421,
            "recall": 0.009028387474392762
        },
        "spouse": {
            "f1_score": 0.04083002113129175,
            "precision": 0.023839448247026884,
            "recall": 0.0578460637986538
        }
    },
    "ranges": {
        "birthdate": {
            "f1_score": [
                0.014018786254026305,
                -0.003884605185672463
            ],
            "precision": [
                0.025210084033613467,
                -0.00810642278112661
            ],
            "recall": [
                0.004799531752999631,
                -0.0065847234416154254
            ]
        },
        "birthplace": {
            "f1_score": [
                0.013058131328570366,
                -0.014275284143537292
            ],
            "precision": [
                0.024153836564233533,
                0.0016017316017316041
            ],
            "recall": [
                0.0026338893766461036,
                -0.0348697688030436
            ]
        },
        "hypernym": {
            "f1_score": [
                0.030985139330259592,
                0.008863628674853685
            ],
            "precision": [
                0.04484132841328414,
                0.011210690820947833
            ],
            "recall": [
                0.017251975417032495,
                0.0013754755633597071
            ]
        },
        "spouse": {
            "f1_score": [
                0.0438267954530519,
                0.03613787513126143
            ],
            "precision": [
                0.035146004546249277,
                0.011924561924561927
            ],
            "recall": [
                0.06374012291483766,
                0.052546093064091304
            ]
        }
    },
    "stddevs": {
        "birthdate": {
            "f1_score": 0.006846330431911657,
            "precision": 0.012582603403850196,
            "recall": 0.004132855926626363
        },
        "birthplace": {
            "f1_score": 0.011437801659268942,
            "precision": 0.009001853440079874,
            "recall": 0.015324538343919034
        },
        "hypernym": {
            "f1_score": 0.009248125020386485,
            "precision": 0.013865138483665804,
            "recall": 0.005625666668589413
        },
        "spouse": {
            "f1_score": 0.003194460828677637,
            "precision": 0.009271962646797176,
            "recall": 0.004241411599596139
        }
    }
}