{
    "means": {
        "birthdate": {
            "f1_score": 0.9122058544919325,
            "num_actual": 255.0,
            "num_correct": 240.0,
            "num_predicted": 271.2,
            "precision": 0.8849874142259948,
            "recall": 0.9411764705882353
        },
        "birthplace": {
            "f1_score": 0.8443847403298774,
            "num_actual": 255.0,
            "num_correct": 211.59999999999997,
            "num_predicted": 246.2,
            "precision": 0.859653316854791,
            "recall": 0.8298039215686275
        },
        "hypernym": {
            "f1_score": 0.8938341184023937,
            "num_actual": 255.0,
            "num_correct": 224.0,
            "num_predicted": 246.2,
            "precision": 0.9098552179194702,
            "recall": 0.8784313725490196
        },
        "spouse": {
            "f1_score": 0.9208659249099702,
            "num_actual": 255.0,
            "num_correct": 237.4,
            "num_predicted": 260.6,
            "precision": 0.91106274764389,
            "recall": 0.9309803921568628
        }
    },
    "ranges": {
        "birthdate": {
            "f1_score": [
                0.916030534351145,
                0.9108159392789373
            ],
            "num_actual": [
                255,
                255
            ],
            "num_correct": [
                241,
                239
            ],
            "num_predicted": [
                274,
                269
            ],
            "precision": [
                0.8921933085501859,
                0.8795620437956204
            ],
            "recall": [
                0.9450980392156862,
                0.9372549019607843
            ]
        },
        "birthplace": {
            "f1_score": [
                0.8480000000000001,
                0.8402366863905326
            ],
            "num_actual": [
                255,
                255
            ],
            "num_correct": [
                214,
                209
            ],
            "num_predicted": [
                252,
                239
            ],
            "precision": [
                0.8744769874476988,
                0.8452380952380952
            ],
            "recall": [
                0.8392156862745098,
                0.8196078431372549
            ]
        },
        "hypernym": {
            "f1_score": [
                0.902970297029703,
                0.8893360160965794
            ],
            "num_actual": [
                255,
                255
            ],
            "num_correct": [
                228,
                221
            ],
            "num_predicted": [
                250,
                242
            ],
            "precision": [
                0.9139344262295082,
                0.9036144578313253
            ],
            "recall": [
                0.8941176470588236,
                0.8666666666666667
            ]
        },
        "spouse": {
            "f1_score": [
                0.9239766081871345,
                0.9168278529980659
            ],
            "num_actual": [
                255,
                255
            ],
            "num_correct": [
                241,
                235
            ],
            "num_predicted": [
                267,
                256
            ],
            "precision": [
                0.9186046511627907,
                0.9026217228464419
            ],
            "recall": [
                0.9450980392156862,
                0.9215686274509803
            ]
        }
    },
    "stddevs": {
        "birthdate": {
            "f1_score": 0.002213606708152287,
            "num_actual": 0.0,
            "num_correct": 0.7071067811865476,
            "num_predicted": 2.16794833886788,
            "precision": 0.0051819287745366585,
            "recall": 0.002772967769359
        },
        "birthplace": {
            "f1_score": 0.0032729961608531704,
            "num_actual": 0.0,
            "num_correct": 2.0736441353327724,
            "num_predicted": 5.357238094391549,
            "precision": 0.011295954952974566,
            "recall": 0.00813193778561874
        },
        "hypernym": {
            "f1_score": 0.005425042807420958,
            "num_actual": 0.0,
            "num_correct": 2.6457513110645907,
            "num_predicted": 3.3466401061363023,
            "precision": 0.004548632904105832,
            "recall": 0.010375495337508204
        },
        "spouse": {
            "f1_score": 0.0029026181564782215,
            "num_actual": 0.0,
            "num_correct": 2.1908902300206643,
            "num_predicted": 4.219004621945797,
            "precision": 0.007383671480780499,
            "recall": 0.0085917263922379
        }
    }
}