{
    "means": {
        "birthdate": {
            "f1_score": 0.9239802163760178,
            "num_actual": 523.0,
            "num_correct": 499.8,
            "num_predicted": 558.8,
            "precision": 0.8944428943689479,
            "recall": 0.955640535372849
        },
        "birthplace": {
            "f1_score": 0.8687025644730993,
            "num_actual": 523.0,
            "num_correct": 444.4,
            "num_predicted": 500.2,
            "precision": 0.8888313594816684,
            "recall": 0.8497131931166347
        },
        "hypernym": {
            "f1_score": 0.9072654677243323,
            "num_actual": 523.0,
            "num_correct": 470.6,
            "num_predicted": 514.4000000000001,
            "precision": 0.9148695856749688,
            "recall": 0.8998087954110898
        },
        "spouse": {
            "f1_score": 0.9090033524582506,
            "num_actual": 523.0,
            "num_correct": 478.4,
            "num_predicted": 529.5999999999999,
            "precision": 0.9035051925648764,
            "recall": 0.9147227533460802
        }
    },
    "ranges": {
        "birthdate": {
            "f1_score": [
                0.9291628334866605,
                0.9151910531220876
            ],
            "num_actual": [
                523,
                523
            ],
            "num_correct": [
                506,
                491
            ],
            "num_predicted": [
                568,
                548
            ],
            "precision": [
                0.8996350364963503,
                0.8908450704225352
            ],
            "recall": [
                0.9674952198852772,
                0.9388145315487572
            ]
        },
        "birthplace": {
            "f1_score": [
                0.8773678963110667,
                0.8627069133398247
            ],
            "num_actual": [
                523,
                523
            ],
            "num_correct": [
                449,
                440
            ],
            "num_predicted": [
                517,
                480
            ],
            "precision": [
                0.9166666666666666,
                0.8684719535783365
            ],
            "recall": [
                0.858508604206501,
                0.8413001912045889
            ]
        },
        "hypernym": {
            "f1_score": [
                0.9131274131274132,
                0.9019230769230769
            ],
            "num_actual": [
                523,
                523
            ],
            "num_correct": [
                475,
                466
            ],
            "num_predicted": [
                518,
                508
            ],
            "precision": [
                0.9220272904483431,
                0.90715667311412
            ],
            "recall": [
                0.9082217973231358,
                0.8910133843212237
            ]
        },
        "spouse": {
            "f1_score": [
                0.9125840537944285,
                0.902554399243141
            ],
            "num_actual": [
                523,
                523
            ],
            "num_correct": [
                486,
                475
            ],
            "num_predicted": [
                546,
                518
            ],
            "precision": [
                0.916988416988417,
                0.8901098901098901
            ],
            "recall": [
                0.9292543021032504,
                0.9082217973231358
            ]
        }
    },
    "stddevs": {
        "birthdate": {
            "f1_score": 0.005905494640558884,
            "num_actual": 0.0,
            "num_correct": 7.19027120489902,
            "num_predicted": 9.121403400793104,
            "precision": 0.003332613254835014,
            "recall": 0.013748128498850896
        },
        "birthplace": {
            "f1_score": 0.005965042325036288,
            "num_actual": 0.0,
            "num_correct": 3.5777087639996634,
            "num_predicted": 13.572030061858838,
            "precision": 0.018089439249575127,
            "recall": 0.006840743334607397
        },
        "hypernym": {
            "f1_score": 0.005208314620706241,
            "num_actual": 0.0,
            "num_correct": 3.5071355833500366,
            "num_predicted": 4.03732584763727,
            "precision": 0.005860138630947971,
            "recall": 0.006705804174665473
        },
        "spouse": {
            "f1_score": 0.003997511257509076,
            "num_actual": 0.0,
            "num_correct": 4.33589667773576,
            "num_predicted": 10.876580344942983,
            "precision": 0.011638186835723305,
            "recall": 0.008290433418232785
        }
    }
}