{
    "means": {
        "birthdate": {
            "f1_score": 0.9163457725542439,
            "num_actual": 268.0,
            "num_correct": 253.2,
            "num_predicted": 284.59999999999997,
            "precision": 0.8897000847110277,
            "recall": 0.944776119402985
        },
        "birthplace": {
            "f1_score": 0.8665692114392306,
            "num_actual": 268.0,
            "num_correct": 227.8,
            "num_predicted": 257.8,
            "precision": 0.884079911038675,
            "recall": 0.85
        },
        "hypernym": {
            "f1_score": 0.9020852087745825,
            "num_actual": 268.0,
            "num_correct": 241.4,
            "num_predicted": 267.2,
            "precision": 0.9034569767836637,
            "recall": 0.9007462686567166
        },
        "spouse": {
            "f1_score": 0.8924824982870572,
            "num_actual": 268.0,
            "num_correct": 239.8,
            "num_predicted": 269.4,
            "precision": 0.8904048136077676,
            "recall": 0.8947761194029851
        }
    },
    "ranges": {
        "birthdate": {
            "f1_score": [
                0.9228007181328546,
                0.907103825136612
            ],
            "num_actual": [
                268,
                268
            ],
            "num_correct": [
                257,
                248
            ],
            "num_predicted": [
                289,
                277
            ],
            "precision": [
                0.8953068592057761,
                0.8858131487889274
            ],
            "recall": [
                0.9589552238805971,
                0.9253731343283582
            ]
        },
        "birthplace": {
            "f1_score": [
                0.8776699029126215,
                0.8566037735849057
            ],
            "num_actual": [
                268,
                268
            ],
            "num_correct": [
                230,
                226
            ],
            "num_predicted": [
                266,
                247
            ],
            "precision": [
                0.9149797570850202,
                0.8646616541353384
            ],
            "recall": [
                0.8582089552238806,
                0.8432835820895522
            ]
        },
        "hypernym": {
            "f1_score": [
                0.9101123595505618,
                0.894736842105263
            ],
            "num_actual": [
                268,
                268
            ],
            "num_correct": [
                244,
                238
            ],
            "num_predicted": [
                270,
                264
            ],
            "precision": [
                0.9135338345864662,
                0.8962962962962963
            ],
            "recall": [
                0.9104477611940298,
                0.8880597014925373
            ]
        },
        "spouse": {
            "f1_score": [
                0.896421845574388,
                0.8872458410351202
            ],
            "num_actual": [
                268,
                268
            ],
            "num_correct": [
                243,
                238
            ],
            "num_predicted": [
                279,
                263
            ],
            "precision": [
                0.9049429657794676,
                0.8709677419354839
            ],
            "recall": [
                0.9067164179104478,
                0.8880597014925373
            ]
        }
    },
    "stddevs": {
        "birthdate": {
            "f1_score": 0.007289532670816339,
            "num_actual": 0.0,
            "num_correct": 4.324349662087931,
            "num_predicted": 5.366563145999495,
            "precision": 0.0040237375795916935,
            "recall": 0.01613563306749229
        },
        "birthplace": {
            "f1_score": 0.008101447219660482,
            "num_actual": 0.0,
            "num_correct": 1.4832396974191326,
            "num_predicted": 7.155417527999327,
            "precision": 0.02053645399895061,
            "recall": 0.005534476482907235
        },
        "hypernym": {
            "f1_score": 0.006943028050987076,
            "num_actual": 0.0,
            "num_correct": 2.408318915758459,
            "num_predicted": 2.3874672772626644,
            "precision": 0.0069024553697802265,
            "recall": 0.008986264611039014
        },
        "spouse": {
            "f1_score": 0.004271123899630909,
            "num_actual": 0.0,
            "num_correct": 1.9235384061671346,
            "num_predicted": 6.5038450166036395,
            "precision": 0.014555301292444261,
            "recall": 0.007177382112563945
        }
    }
}