{
    "means": {
        "birthdate": {
            "f1_score": 0.01560354931160135,
            "precision": 0.009679027486029645,
            "recall": 0.022282704126426675
        },
        "birthplace": {
            "f1_score": 0.004393885759283966,
            "precision": 0.00984091196634751,
            "recall": -0.0005882352941176672
        },
        "hypernym": {
            "f1_score": 0.010702654649365283,
            "precision": 0.023771109264976276,
            "recall": -0.0019227392449516988
        },
        "spouse": {
            "f1_score": 0.033761305469409336,
            "precision": 0.026698693355124294,
            "recall": 0.04091015510681886
        }
    },
    "ranges": {
        "birthdate": {
            "f1_score": [
                0.021467192241950595,
                0.009783551530066825
            ],
            "precision": [
                0.01600503302925449,
                0.003199761878185825
            ],
            "recall": [
                0.03541117939713201,
                0.017325139010828217
            ]
        },
        "birthplace": {
            "f1_score": [
                0.012611518165597357,
                -0.0015421389467191737
            ],
            "precision": [
                0.026149769730616335,
                0.0034751785372973965
            ],
            "recall": [
                0.008077260755048221,
                -0.007609013754755645
            ]
        },
        "hypernym": {
            "f1_score": [
                0.019090813205358215,
                0.006222301804019836
            ],
            "precision": [
                0.03291107799304527,
                0.01712359550561804
            ],
            "recall": [
                0.006057945566286249,
                -0.008867427568042152
            ]
        },
        "spouse": {
            "f1_score": [
                0.0425518502174872,
                0.02734953401271667
            ],
            "precision": [
                0.039144617615077926,
                0.013381154034511566
            ],
            "recall": [
                0.04622475856014041,
                0.03388937664618086
            ]
        }
    },
    "stddevs": {
        "birthdate": {
            "f1_score": 0.004312391522655674,
            "precision": 0.005125080175024683,
            "recall": 0.007522309123215802
        },
        "birthplace": {
            "f1_score": 0.005843428747161261,
            "precision": 0.009259338409782847,
            "recall": 0.005880827591875392
        },
        "hypernym": {
            "f1_score": 0.004979201946402234,
            "precision": 0.007429580339627745,
            "recall": 0.0060547248050912715
        },
        "spouse": {
            "f1_score": 0.005598743347379639,
            "precision": 0.009259495116361826,
            "recall": 0.004430880505956077
        }
    }
}