{
    "means": {
        "birthdate": {
            "f1_score": 0.9319493218658451,
            "num_actual": 255.0,
            "num_correct": 246.59999999999997,
            "num_predicted": 274.2,
            "precision": 0.8993791121970575,
            "recall": 0.9670588235294117
        },
        "birthplace": {
            "f1_score": 0.8709630971985145,
            "num_actual": 255.0,
            "num_correct": 216.60000000000002,
            "num_predicted": 242.39999999999998,
            "precision": 0.8939208230050224,
            "recall": 0.8494117647058823
        },
        "hypernym": {
            "f1_score": 0.9127878634239479,
            "num_actual": 255.0,
            "num_correct": 229.2,
            "num_predicted": 247.2,
            "precision": 0.9272280860486399,
            "recall": 0.8988235294117648
        },
        "spouse": {
            "f1_score": 0.9262438037564664,
            "num_actual": 255.0,
            "num_correct": 238.6,
            "num_predicted": 260.2,
            "precision": 0.9171035069628919,
            "recall": 0.9356862745098039
        }
    },
    "ranges": {
        "birthdate": {
            "f1_score": [
                0.9360902255639099,
                0.9236641221374046
            ],
            "num_actual": [
                255,
                255
            ],
            "num_correct": [
                249,
                242
            ],
            "num_predicted": [
                279,
                269
            ],
            "precision": [
                0.9040590405904059,
                0.8924731182795699
            ],
            "recall": [
                0.9764705882352941,
                0.9490196078431372
            ]
        },
        "birthplace": {
            "f1_score": [
                0.8770491803278688,
                0.8656126482213439
            ],
            "num_actual": [
                255,
                255
            ],
            "num_correct": [
                219,
                214
            ],
            "num_predicted": [
                251,
                233
            ],
            "precision": [
                0.9184549356223176,
                0.8725099601593626
            ],
            "recall": [
                0.8588235294117647,
                0.8392156862745098
            ]
        },
        "hypernym": {
            "f1_score": [
                0.9166666666666667,
                0.906930693069307
            ],
            "num_actual": [
                255,
                255
            ],
            "num_correct": [
                231,
                228
            ],
            "num_predicted": [
                250,
                244
            ],
            "precision": [
                0.9344262295081968,
                0.916
            ],
            "recall": [
                0.9058823529411765,
                0.8941176470588236
            ]
        },
        "spouse": {
            "f1_score": [
                0.9310344827586207,
                0.9186046511627908
            ],
            "num_actual": [
                255,
                255
            ],
            "num_correct": [
                243,
                237
            ],
            "num_predicted": [
                267,
                255
            ],
            "precision": [
                0.9294117647058824,
                0.9080459770114943
            ],
            "recall": [
                0.9529411764705882,
                0.9294117647058824
            ]
        }
    },
    "stddevs": {
        "birthdate": {
            "f1_score": 0.005038727749417799,
            "num_actual": 0.0,
            "num_correct": 3.0495901363953815,
            "num_predicted": 4.147288270665544,
            "precision": 0.004353710805701254,
            "recall": 0.011959177005472083
        },
        "birthplace": {
            "f1_score": 0.004602100757530132,
            "num_actual": 0.0,
            "num_correct": 2.3021728866442674,
            "num_predicted": 6.730527468185536,
            "precision": 0.016426895744459425,
            "recall": 0.00902812896723239
        },
        "hypernym": {
            "f1_score": 0.004177778344055504,
            "num_actual": 0.0,
            "num_correct": 1.3038404810405297,
            "num_predicted": 2.3874672772626644,
            "precision": 0.006961433682304716,
            "recall": 0.0051130999256491175
        },
        "spouse": {
            "f1_score": 0.005416729383676743,
            "num_actual": 0.0,
            "num_correct": 2.5099800796022262,
            "num_predicted": 4.604345773288535,
            "precision": 0.009875716997388007,
            "recall": 0.009843059135694972
        }
    }
}