{
    "means": {
        "birthdate": {
            "f1_score": 0.9235587933054363,
            "num_actual": 523.0,
            "num_correct": 506.20000000000005,
            "num_predicted": 573.2,
            "precision": 0.8832616931907471,
            "recall": 0.9678776290630975
        },
        "birthplace": {
            "f1_score": 0.8416981130748973,
            "num_actual": 523.0,
            "num_correct": 421.79999999999995,
            "num_predicted": 479.20000000000005,
            "precision": 0.8811020692263913,
            "recall": 0.8065009560229445
        },
        "hypernym": {
            "f1_score": 0.879524570799204,
            "num_actual": 523.0,
            "num_correct": 460.19999999999993,
            "num_predicted": 523.4,
            "precision": 0.8795996099731165,
            "recall": 0.8799235181644359
        },
        "spouse": {
            "f1_score": 0.8912556898787656,
            "num_actual": 523.0,
            "num_correct": 464.8,
            "num_predicted": 520.0,
            "precision": 0.8941863093174509,
            "recall": 0.8887189292543021
        }
    },
    "ranges": {
        "birthdate": {
            "f1_score": [
                0.9318801089918257,
                0.9197080291970804
            ],
            "num_actual": [
                523,
                523
            ],
            "num_correct": [
                513,
                498
            ],
            "num_predicted": [
                585,
                554
            ],
            "precision": [
                0.8989169675090253,
                0.8717948717948718
            ],
            "recall": [
                0.9808795411089866,
                0.9521988527724665
            ]
        },
        "birthplace": {
            "f1_score": [
                0.8554455445544554,
                0.8317853457172344
            ],
            "num_actual": [
                523,
                523
            ],
            "num_correct": [
                434,
                403
            ],
            "num_predicted": [
                514,
                446
            ],
            "precision": [
                0.9035874439461884,
                0.8443579766536965
            ],
            "recall": [
                0.8298279158699808,
                0.7705544933078394
            ]
        },
        "hypernym": {
            "f1_score": [
                0.8867745004757374,
                0.8698224852071006
            ],
            "num_actual": [
                523,
                523
            ],
            "num_correct": [
                466,
                441
            ],
            "num_predicted": [
                539,
                491
            ],
            "precision": [
                0.8981670061099797,
                0.8645640074211502
            ],
            "recall": [
                0.8910133843212237,
                0.8432122370936902
            ]
        },
        "spouse": {
            "f1_score": [
                0.8959537572254335,
                0.8830409356725145
            ],
            "num_actual": [
                523,
                523
            ],
            "num_correct": [
                477,
                453
            ],
            "num_predicted": [
                543,
                503
            ],
            "precision": [
                0.9092702169625246,
                0.8784530386740331
            ],
            "recall": [
                0.9120458891013384,
                0.8661567877629063
            ]
        }
    },
    "stddevs": {
        "birthdate": {
            "f1_score": 0.0050469326216120575,
            "num_actual": 0.0,
            "num_correct": 5.761944116355173,
            "num_predicted": 11.606032913963322,
            "precision": 0.01038499849166242,
            "recall": 0.011017101560908547
        },
        "birthplace": {
            "f1_score": 0.008856638276021582,
            "num_actual": 0.0,
            "num_correct": 12.457929201917949,
            "num_predicted": 25.013996082193664,
            "precision": 0.022643287897340266,
            "recall": 0.023820132317242705
        },
        "hypernym": {
            "f1_score": 0.006462417422851491,
            "num_actual": 0.0,
            "num_correct": 10.802777420645118,
            "num_predicted": 18.902380802428038,
            "precision": 0.012871085169013304,
            "recall": 0.020655406158021274
        },
        "spouse": {
            "f1_score": 0.005801637029900416,
            "num_actual": 0.0,
            "num_correct": 8.843076387773658,
            "num_predicted": 17.0,
            "precision": 0.014161330064543691,
            "recall": 0.016908367854251746
        }
    }
}