{
    "means": {
        "birthdate": {
            "f1_score": 0.9170990142158519,
            "num_actual": 268.0,
            "num_correct": 256.59999999999997,
            "num_predicted": 291.6,
            "precision": 0.880238589204133,
            "recall": 0.9574626865671643
        },
        "birthplace": {
            "f1_score": 0.8492961035164855,
            "num_actual": 268.0,
            "num_correct": 220.4,
            "num_predicted": 251.0,
            "precision": 0.8789227143030032,
            "recall": 0.8223880597014925
        },
        "hypernym": {
            "f1_score": 0.8859088414496494,
            "num_actual": 268.0,
            "num_correct": 239.2,
            "num_predicted": 272.0,
            "precision": 0.8798594704229497,
            "recall": 0.8925373134328358
        },
        "spouse": {
            "f1_score": 0.8718594599407172,
            "num_actual": 268.0,
            "num_correct": 230.20000000000002,
            "num_predicted": 260.0,
            "precision": 0.8858016282460139,
            "recall": 0.8589552238805971
        }
    },
    "ranges": {
        "birthdate": {
            "f1_score": [
                0.9236234458259325,
                0.9103942652329748
            ],
            "num_actual": [
                268,
                268
            ],
            "num_correct": [
                260,
                252
            ],
            "num_predicted": [
                298,
                279
            ],
            "precision": [
                0.9032258064516129,
                0.8691275167785235
            ],
            "recall": [
                0.9701492537313433,
                0.9402985074626866
            ]
        },
        "birthplace": {
            "f1_score": [
                0.8637236084452975,
                0.8445297504798465
            ],
            "num_actual": [
                268,
                268
            ],
            "num_correct": [
                228,
                214
            ],
            "num_predicted": [
                270,
                238
            ],
            "precision": [
                0.8991596638655462,
                0.8444444444444444
            ],
            "recall": [
                0.8507462686567164,
                0.7985074626865671
            ]
        },
        "hypernym": {
            "f1_score": [
                0.8962962962962964,
                0.8761904761904762
            ],
            "num_actual": [
                268,
                268
            ],
            "num_correct": [
                243,
                230
            ],
            "num_predicted": [
                283,
                257
            ],
            "precision": [
                0.8949416342412452,
                0.8586572438162544
            ],
            "recall": [
                0.9067164179104478,
                0.8582089552238806
            ]
        },
        "spouse": {
            "f1_score": [
                0.8827838827838829,
                0.8571428571428572
            ],
            "num_actual": [
                268,
                268
            ],
            "num_correct": [
                241,
                222
            ],
            "num_predicted": [
                278,
                250
            ],
            "precision": [
                0.90234375,
                0.8669064748201439
            ],
            "recall": [
                0.8992537313432836,
                0.8283582089552238
            ]
        }
    },
    "stddevs": {
        "birthdate": {
            "f1_score": 0.00534838259179471,
            "num_actual": 0.0,
            "num_correct": 3.4351128074635335,
            "num_predicted": 7.6354436675284285,
            "precision": 0.013661282903931734,
            "recall": 0.012817585102475862
        },
        "birthplace": {
            "f1_score": 0.008154018193770372,
            "num_actual": 0.0,
            "num_correct": 6.107372593840988,
            "num_predicted": 12.62933094031509,
            "precision": 0.022182126025213907,
            "recall": 0.022788703708361904
        },
        "hypernym": {
            "f1_score": 0.008702936983918802,
            "num_actual": 0.0,
            "num_correct": 5.263078946776307,
            "num_predicted": 10.04987562112089,
            "precision": 0.017204731067916455,
            "recall": 0.019638354279016064
        },
        "spouse": {
            "f1_score": 0.010765467314611326,
            "num_actual": 0.0,
            "num_correct": 6.978538528947161,
            "num_predicted": 11.157956802210698,
            "precision": 0.01494448977558728,
            "recall": 0.02603932286920584
        }
    }
}