{
    "means": {
        "birthdate": {
            "f1_score": 0.013199471456112267,
            "precision": 0.006203282635997898,
            "recall": 0.021360842844600512
        },
        "birthplace": {
            "f1_score": -0.01580523728665395,
            "precision": 0.004631198874037556,
            "recall": -0.03258413813286511
        },
        "hypernym": {
            "f1_score": -0.01317450862425771,
            "precision": -0.00039163374163795305,
            "recall": -0.02587064676616919
        },
        "spouse": {
            "f1_score": 0.03923930235905853,
            "precision": 0.01681889701470114,
            "recall": 0.061044776119402996
        }
    },
    "ranges": {
        "birthdate": {
            "f1_score": [
                0.018973764506802104,
                0.006912490083129108
            ],
            "precision": [
                0.014092664092664076,
                -0.008680351906158346
            ],
            "recall": [
                0.03263096283289435,
                0.009862452443664016
            ]
        },
        "birthplace": {
            "f1_score": [
                -0.0024700617107829004,
                -0.02943511554648759
            ],
            "precision": [
                0.01639969488939741,
                -0.004712678625722111
            ],
            "recall": [
                -0.006160374597600327,
                -0.05733099209833181
            ]
        },
        "hypernym": {
            "f1_score": [
                -0.002738645732516032,
                -0.026217556138815934
            ],
            "precision": [
                0.014632089394897685,
                -0.01960643596331324
            ],
            "recall": [
                -0.009247878255779995,
                -0.03631840796019903
            ]
        },
        "spouse": {
            "f1_score": [
                0.05230596175478053,
                0.02490842490842482
            ],
            "precision": [
                0.0250434782608695,
                0.0011311534749034458
            ],
            "recall": [
                0.07752414398595264,
                0.026236464735147846
            ]
        }
    },
    "stddevs": {
        "birthdate": {
            "f1_score": 0.004804608547345126,
            "precision": 0.00904855674705156,
            "recall": 0.008380552905617704
        },
        "birthplace": {
            "f1_score": 0.010750870123283593,
            "precision": 0.008347820156580565,
            "recall": 0.01907156790218124
        },
        "hypernym": {
            "f1_score": 0.008605990896432403,
            "precision": 0.016280872935961567,
            "recall": 0.01089710758220224
        },
        "spouse": {
            "f1_score": 0.011941197939819499,
            "precision": 0.010675448486324533,
            "recall": 0.021224014301089132
        }
    }
}