{
    "means": {
        "birthdate": {
            "f1_score": 0.9302984856719643,
            "num_actual": 255.0,
            "num_correct": 249.6,
            "num_predicted": 281.6,
            "precision": 0.886441871840131,
            "recall": 0.9788235294117646
        },
        "birthplace": {
            "f1_score": 0.8334908662298315,
            "num_actual": 255.0,
            "num_correct": 201.4,
            "num_predicted": 228.20000000000002,
            "precision": 0.8835539131770407,
            "recall": 0.7898039215686274
        },
        "hypernym": {
            "f1_score": 0.8727343328253919,
            "num_actual": 255.0,
            "num_correct": 220.99999999999997,
            "num_predicted": 251.39999999999998,
            "precision": 0.8794678366813118,
            "recall": 0.8666666666666666
        },
        "spouse": {
            "f1_score": 0.9110987622997758,
            "num_actual": 255.0,
            "num_correct": 234.60000000000002,
            "num_predicted": 260.0,
            "precision": 0.9026205252607149,
            "recall": 0.9200000000000002
        }
    },
    "ranges": {
        "birthdate": {
            "f1_score": [
                0.9405204460966542,
                0.9261992619926198
            ],
            "num_actual": [
                255,
                255
            ],
            "num_correct": [
                253,
                246
            ],
            "num_predicted": [
                287,
                275
            ],
            "precision": [
                0.8945454545454545,
                0.8745644599303136
            ],
            "recall": [
                0.9921568627450981,
                0.9647058823529412
            ]
        },
        "birthplace": {
            "f1_score": [
                0.8466257668711656,
                0.816414686825054
            ],
            "num_actual": [
                255,
                255
            ],
            "num_correct": [
                207,
                189
            ],
            "num_predicted": [
                244,
                208
            ],
            "precision": [
                0.9086538461538461,
                0.8442622950819673
            ],
            "recall": [
                0.8117647058823529,
                0.7411764705882353
            ]
        },
        "hypernym": {
            "f1_score": [
                0.8793774319066148,
                0.8629856850715746
            ],
            "num_actual": [
                255,
                255
            ],
            "num_correct": [
                226,
                211
            ],
            "num_predicted": [
                259,
                234
            ],
            "precision": [
                0.9017094017094017,
                0.87109375
            ],
            "recall": [
                0.8862745098039215,
                0.8274509803921568
            ]
        },
        "spouse": {
            "f1_score": [
                0.9194499017681729,
                0.9076923076923077
            ],
            "num_actual": [
                255,
                255
            ],
            "num_correct": [
                238,
                231
            ],
            "num_predicted": [
                269,
                253
            ],
            "precision": [
                0.9212598425196851,
                0.8847583643122676
            ],
            "recall": [
                0.9333333333333333,
                0.9058823529411765
            ]
        }
    },
    "stddevs": {
        "birthdate": {
            "f1_score": 0.005838592468345216,
            "num_actual": 0.0,
            "num_correct": 2.701851217221259,
            "num_predicted": 4.449719092257398,
            "precision": 0.00827026615823091,
            "recall": 0.01059549496949513
        },
        "birthplace": {
            "f1_score": 0.012372241223642692,
            "num_actual": 0.0,
            "num_correct": 7.231873892705817,
            "num_predicted": 13.160547101089682,
            "precision": 0.023956622713737614,
            "recall": 0.02836028977531692
        },
        "hypernym": {
            "f1_score": 0.006683551478792825,
            "num_actual": 0.0,
            "num_correct": 5.873670062235365,
            "num_predicted": 9.964938534682489,
            "precision": 0.012734181990242222,
            "recall": 0.02303400024406027
        },
        "spouse": {
            "f1_score": 0.0047885056599888814,
            "num_actual": 0.0,
            "num_correct": 2.6076809620810595,
            "num_predicted": 6.928203230275509,
            "precision": 0.015175304959804233,
            "recall": 0.010226199851298289
        }
    }
}