{
    "means": {
        "birthdate": {
            "f1_score": 0.8848455283430234,
            "num_actual": 523.0,
            "num_correct": 470.6,
            "num_predicted": 540.6,
            "precision": 0.8708273432451537,
            "recall": 0.8998087954110898
        },
        "birthplace": {
            "f1_score": 0.818596739011637,
            "num_actual": 523.0,
            "num_correct": 425.6,
            "num_predicted": 516.8,
            "precision": 0.823915703733292,
            "recall": 0.8137667304015297
        },
        "hypernym": {
            "f1_score": 0.870471705269776,
            "num_actual": 523.0,
            "num_correct": 453.99999999999994,
            "num_predicted": 520.0,
            "precision": 0.8732134313438132,
            "recall": 0.8680688336520076
        },
        "spouse": {
            "f1_score": 0.8678410027398373,
            "num_actual": 523.0,
            "num_correct": 455.4,
            "num_predicted": 526.6,
            "precision": 0.8652748849237386,
            "recall": 0.8707456978967494
        }
    },
    "ranges": {
        "birthdate": {
            "f1_score": [
                0.9020332717190387,
                0.8711194731890876
            ],
            "num_actual": [
                523,
                523
            ],
            "num_correct": [
                488,
                457
            ],
            "num_predicted": [
                561,
                516
            ],
            "precision": [
                0.8856589147286822,
                0.8538324420677362
            ],
            "recall": [
                0.9330783938814532,
                0.8738049713193117
            ]
        },
        "birthplace": {
            "f1_score": [
                0.8267419962335216,
                0.8119001919385797
            ],
            "num_actual": [
                523,
                523
            ],
            "num_correct": [
                439,
                415
            ],
            "num_predicted": [
                539,
                488
            ],
            "precision": [
                0.8504098360655737,
                0.8144712430426716
            ],
            "recall": [
                0.8393881453154876,
                0.7934990439770554
            ]
        },
        "hypernym": {
            "f1_score": [
                0.8814531548757171,
                0.8504854368932038
            ],
            "num_actual": [
                523,
                523
            ],
            "num_correct": [
                469,
                438
            ],
            "num_predicted": [
                543,
                503
            ],
            "precision": [
                0.8886679920477137,
                0.8637200736648251
            ],
            "recall": [
                0.8967495219885278,
                0.8374760994263862
            ]
        },
        "spouse": {
            "f1_score": [
                0.884765625,
                0.8509021842355176
            ],
            "num_actual": [
                523,
                523
            ],
            "num_correct": [
                465,
                448
            ],
            "num_predicted": [
                544,
                501
            ],
            "precision": [
                0.9041916167664671,
                0.8452830188679246
            ],
            "recall": [
                0.8891013384321224,
                0.8565965583173997
            ]
        }
    },
    "stddevs": {
        "birthdate": {
            "f1_score": 0.011393466458283028,
            "num_actual": 0.0,
            "num_correct": 12.621410380777577,
            "num_predicted": 19.65451602049768,
            "precision": 0.014779576167301552,
            "recall": 0.024132715833226733
        },
        "birthplace": {
            "f1_score": 0.0063689253631814815,
            "num_actual": 0.0,
            "num_correct": 8.988882021697693,
            "num_predicted": 18.40380395461764,
            "precision": 0.015095255004749031,
            "recall": 0.017187154917204007
        },
        "hypernym": {
            "f1_score": 0.012368475849337772,
            "num_actual": 0.0,
            "num_correct": 12.041594578792296,
            "num_predicted": 15.905973720586866,
            "precision": 0.01126322400424915,
            "recall": 0.023024081412604796
        },
        "spouse": {
            "f1_score": 0.012221330865112411,
            "num_actual": 0.0,
            "num_correct": 6.268971207462991,
            "num_predicted": 15.725775020646836,
            "precision": 0.022694832138931396,
            "recall": 0.011986560626124253
        }
    }
}