{
    "means": {
        "birthdate": {
            "f1_score": 0.8880511174431,
            "num_actual": 268.0,
            "num_correct": 241.39999999999998,
            "num_predicted": 275.6,
            "precision": 0.8760449968116308,
            "recall": 0.9007462686567164
        },
        "birthplace": {
            "f1_score": 0.8228956806121001,
            "num_actual": 268.0,
            "num_correct": 219.79999999999995,
            "num_predicted": 266.2,
            "precision": 0.8259984022727713,
            "recall": 0.8201492537313433
        },
        "hypernym": {
            "f1_score": 0.8801235742730855,
            "num_actual": 268.0,
            "num_correct": 239.59999999999997,
            "num_predicted": 276.4,
            "precision": 0.8673907772303593,
            "recall": 0.8940298507462686
        },
        "spouse": {
            "f1_score": 0.8663597637358126,
            "num_actual": 268.0,
            "num_correct": 230.0,
            "num_predicted": 263.0,
            "precision": 0.8752944506492684,
            "recall": 0.8582089552238806
        }
    },
    "ranges": {
        "birthdate": {
            "f1_score": [
                0.9021739130434784,
                0.8729281767955801
            ],
            "num_actual": [
                268,
                268
            ],
            "num_correct": [
                249,
                234
            ],
            "num_predicted": [
                284,
                263
            ],
            "precision": [
                0.8897338403041825,
                0.8618181818181818
            ],
            "recall": [
                0.9291044776119403,
                0.8731343283582089
            ]
        },
        "birthplace": {
            "f1_score": [
                0.8339483394833948,
                0.8156424581005587
            ],
            "num_actual": [
                268,
                268
            ],
            "num_correct": [
                226,
                214
            ],
            "num_predicted": [
                274,
                252
            ],
            "precision": [
                0.8492063492063492,
                0.8141263940520446
            ],
            "recall": [
                0.8432835820895522,
                0.7985074626865671
            ]
        },
        "hypernym": {
            "f1_score": [
                0.8888888888888888,
                0.8652751423149905
            ],
            "num_actual": [
                268,
                268
            ],
            "num_correct": [
                248,
                228
            ],
            "num_predicted": [
                293,
                259
            ],
            "precision": [
                0.8847583643122676,
                0.8464163822525598
            ],
            "recall": [
                0.9253731343283582,
                0.8507462686567164
            ]
        },
        "spouse": {
            "f1_score": [
                0.8754863813229571,
                0.8598484848484849
            ],
            "num_actual": [
                268,
                268
            ],
            "num_correct": [
                234,
                225
            ],
            "num_predicted": [
                275,
                246
            ],
            "precision": [
                0.9146341463414634,
                0.850909090909091
            ],
            "recall": [
                0.8731343283582089,
                0.8395522388059702
            ]
        }
    },
    "stddevs": {
        "birthdate": {
            "f1_score": 0.011682154971001339,
            "num_actual": 0.0,
            "num_correct": 6.4265076052238514,
            "num_predicted": 8.532291603080617,
            "precision": 0.010128485863624668,
            "recall": 0.023979505989641235
        },
        "birthplace": {
            "f1_score": 0.007715603228899579,
            "num_actual": 0.0,
            "num_correct": 4.324349662087931,
            "num_predicted": 8.348652585896719,
            "precision": 0.014360017198544614,
            "recall": 0.016135633067492286
        },
        "hypernym": {
            "f1_score": 0.009625542471921811,
            "num_actual": 0.0,
            "num_correct": 7.536577472566709,
            "num_predicted": 12.915107432770352,
            "precision": 0.015924296257699765,
            "recall": 0.02812155773345786
        },
        "spouse": {
            "f1_score": 0.006180027398214265,
            "num_actual": 0.0,
            "num_correct": 3.8078865529319543,
            "num_predicted": 10.908712114635714,
            "precision": 0.023714290515889257,
            "recall": 0.014208531913925177
        }
    }
}