{
    "means": {
        "birthdate": {
            "f1_score": -0.00652509249555302,
            "precision": -0.01051696155170707,
            "recall": -0.0019227392449517437
        },
        "birthplace": {
            "f1_score": -0.00882767122518242,
            "precision": -0.004194977703203562,
            "recall": -0.013090430201931501
        },
        "hypernym": {
            "f1_score": -0.020122335497185808,
            "precision": 0.012964891283724776,
            "recall": -0.05324553702077848
        },
        "spouse": {
            "f1_score": 0.0028480769331618917,
            "precision": -0.01993843033421916,
            "recall": 0.02571261340357041
        }
    },
    "ranges": {
        "birthdate": {
            "f1_score": [
                0.0007698760572176777,
                -0.026007634081645747
            ],
            "precision": [
                0.010642900406679923,
                -0.038259145333909506
            ],
            "recall": [
                0.008150424348844054,
                -0.011837869476148732
            ]
        },
        "birthplace": {
            "f1_score": [
                -0.004339652201159394,
                -0.014717570252625545
            ],
            "precision": [
                0.00773595412609307,
                -0.021043933342514753
            ],
            "recall": [
                -0.007989464442493377,
                -0.021085747731928617
            ]
        },
        "hypernym": {
            "f1_score": [
                -0.008887947618291259,
                -0.03160023306028725
            ],
            "precision": [
                0.037583617747440234,
                -0.033534686760493204
            ],
            "recall": [
                -0.027216856892010588,
                -0.06845185835528245
            ]
        },
        "spouse": {
            "f1_score": [
                0.018631265735866487,
                -0.022662766764164233
            ],
            "precision": [
                -0.011693404634581128,
                -0.02312384735423456
            ],
            "recall": [
                0.05456540825285339,
                -0.0339186420836991
            ]
        }
    },
    "stddevs": {
        "birthdate": {
            "f1_score": 0.011061650522627491,
            "precision": 0.017554771870969457,
            "recall": 0.008355875643370564
        },
        "birthplace": {
            "f1_score": 0.003955888286269161,
            "precision": 0.011927961730200956,
            "recall": 0.005738121358428725
        },
        "hypernym": {
            "f1_score": 0.010203512148586657,
            "precision": 0.02805436740240228,
            "recall": 0.015636476982415656
        },
        "spouse": {
            "f1_score": 0.01637327913448673,
            "precision": 0.004730567921824987,
            "recall": 0.03631189782135624
        }
    }
}