{
    "means": {
        "birthdate": {
            "f1_score": 0.8815260249475468,
            "num_actual": 255.0,
            "num_correct": 229.20000000000002,
            "num_predicted": 265.0,
            "precision": 0.8655280352599236,
            "recall": 0.8988235294117647
        },
        "birthplace": {
            "f1_score": 0.8140680093869177,
            "num_actual": 255.0,
            "num_correct": 205.79999999999998,
            "num_predicted": 250.6,
            "precision": 0.8218034245695678,
            "recall": 0.8070588235294116
        },
        "hypernym": {
            "f1_score": 0.8600012387758997,
            "num_actual": 255.0,
            "num_correct": 214.4,
            "num_predicted": 243.6,
            "precision": 0.880355668514084,
            "recall": 0.8407843137254902
        },
        "spouse": {
            "f1_score": 0.8692078406689745,
            "num_actual": 255.0,
            "num_correct": 225.4,
            "num_predicted": 263.6,
            "precision": 0.8553560203150492,
            "recall": 0.8839215686274509
        }
    },
    "ranges": {
        "birthdate": {
            "f1_score": [
                0.9018867924528302,
                0.8692307692307693
            ],
            "num_actual": [
                255,
                255
            ],
            "num_correct": [
                239,
                223
            ],
            "num_predicted": [
                278,
                253
            ],
            "precision": [
                0.889763779527559,
                0.8345323741007195
            ],
            "recall": [
                0.9372549019607843,
                0.8745098039215686
            ]
        },
        "birthplace": {
            "f1_score": [
                0.8192307692307692,
                0.807920792079208
            ],
            "num_actual": [
                255,
                255
            ],
            "num_correct": [
                213,
                201
            ],
            "num_predicted": [
                265,
                236
            ],
            "precision": [
                0.8516949152542372,
                0.8037735849056604
            ],
            "recall": [
                0.8352941176470589,
                0.788235294117647
            ]
        },
        "hypernym": {
            "f1_score": [
                0.8752475247524752,
                0.8349900596421471
            ],
            "num_actual": [
                255,
                255
            ],
            "num_correct": [
                221,
                209
            ],
            "num_predicted": [
                250,
                234
            ],
            "precision": [
                0.8966942148760331,
                0.8467741935483871
            ],
            "recall": [
                0.8666666666666667,
                0.8196078431372549
            ]
        },
        "spouse": {
            "f1_score": [
                0.8941176470588236,
                0.8392156862745097
            ],
            "num_actual": [
                255,
                255
            ],
            "num_correct": [
                233,
                214
            ],
            "num_predicted": [
                276,
                255
            ],
            "precision": [
                0.8941176470588236,
                0.8392156862745098
            ],
            "recall": [
                0.9137254901960784,
                0.8392156862745098
            ]
        }
    },
    "stddevs": {
        "birthdate": {
            "f1_score": 0.013612690919524238,
            "num_actual": 0.0,
            "num_correct": 6.3796551630946325,
            "num_predicted": 11.554220008291344,
            "precision": 0.02221868135900671,
            "recall": 0.025018255541547584
        },
        "birthplace": {
            "f1_score": 0.005407996326732151,
            "num_actual": 0.0,
            "num_correct": 4.764451699828638,
            "num_predicted": 10.644247272588137,
            "precision": 0.017956050980365002,
            "recall": 0.018684124313053503
        },
        "hypernym": {
            "f1_score": 0.01630350847207141,
            "num_actual": 0.0,
            "num_correct": 4.979959839195493,
            "num_predicted": 6.2289646009589745,
            "precision": 0.019827909422693323,
            "recall": 0.019529254271354896
        },
        "spouse": {
            "f1_score": 0.020032291463125365,
            "num_actual": 0.0,
            "num_correct": 7.021395872616783,
            "num_predicted": 8.87693640846886,
            "precision": 0.022100706361096942,
            "recall": 0.027534885774967766
        }
    }
}