{
    "means": {
        "birthdate": {
            "f1_score": 0.8899260867062919,
            "num_actual": 523.0,
            "num_correct": 475.5999999999999,
            "num_predicted": 545.8,
            "precision": 0.8716091724955937,
            "recall": 0.9093690248565965
        },
        "birthplace": {
            "f1_score": 0.832684849392699,
            "num_actual": 523.0,
            "num_correct": 432.8,
            "num_predicted": 516.6,
            "precision": 0.8384906069916076,
            "recall": 0.8275334608030592
        },
        "hypernym": {
            "f1_score": 0.8766206054251157,
            "num_actual": 523.0,
            "num_correct": 462.79999999999995,
            "num_predicted": 533.0,
            "precision": 0.8691391086324789,
            "recall": 0.8848948374760994
        },
        "spouse": {
            "f1_score": 0.8658442040451586,
            "num_actual": 523.0,
            "num_correct": 446.2,
            "num_predicted": 507.40000000000003,
            "precision": 0.8796832374364483,
            "recall": 0.8531548757170172
        }
    },
    "ranges": {
        "birthdate": {
            "f1_score": [
                0.8980716253443527,
                0.8825214899713466
            ],
            "num_actual": [
                523,
                523
            ],
            "num_correct": [
                489,
                462
            ],
            "num_predicted": [
                566,
                524
            ],
            "precision": [
                0.8816793893129771,
                0.8566308243727598
            ],
            "recall": [
                0.9349904397705545,
                0.8833652007648184
            ]
        },
        "birthplace": {
            "f1_score": [
                0.8394088669950739,
                0.8272552783109406
            ],
            "num_actual": [
                523,
                523
            ],
            "num_correct": [
                445,
                426
            ],
            "num_predicted": [
                551,
                492
            ],
            "precision": [
                0.8658536585365854,
                0.8076225045372051
            ],
            "recall": [
                0.8508604206500956,
                0.8145315487571702
            ]
        },
        "hypernym": {
            "f1_score": [
                0.888235294117647,
                0.8695652173913043
            ],
            "num_actual": [
                523,
                523
            ],
            "num_correct": [
                470,
                453
            ],
            "num_predicted": [
                558,
                497
            ],
            "precision": [
                0.9114688128772636,
                0.8422939068100358
            ],
            "recall": [
                0.8986615678776291,
                0.8661567877629063
            ]
        },
        "spouse": {
            "f1_score": [
                0.8857677902621723,
                0.8540218470705064
            ],
            "num_actual": [
                523,
                523
            ],
            "num_correct": [
                473,
                430
            ],
            "num_predicted": [
                545,
                484
            ],
            "precision": [
                0.8884297520661157,
                0.8678899082568807
            ],
            "recall": [
                0.904397705544933,
                0.8221797323135756
            ]
        }
    },
    "stddevs": {
        "birthdate": {
            "f1_score": 0.006618765136518433,
            "num_actual": 0.0,
            "num_correct": 9.710818709048173,
            "num_predicted": 16.498484778912275,
            "precision": 0.010849970296602039,
            "recall": 0.01856753099244392
        },
        "birthplace": {
            "f1_score": 0.005661230877670327,
            "num_actual": 0.0,
            "num_correct": 7.694153624668537,
            "num_predicted": 21.847196616499794,
            "precision": 0.021408977544179347,
            "recall": 0.01471157480816165
        },
        "hypernym": {
            "f1_score": 0.007623002074309907,
            "num_actual": 0.0,
            "num_correct": 7.085195833567341,
            "num_predicted": 22.54994456755936,
            "precision": 0.025459143573059822,
            "recall": 0.013547219567050389
        },
        "spouse": {
            "f1_score": 0.01238548091385873,
            "num_actual": 0.0,
            "num_correct": 16.754103974847474,
            "num_predicted": 23.754999473794985,
            "precision": 0.008107607546987163,
            "recall": 0.032034615630683494
        }
    }
}