{
    "means": {
        "birthdate": {
            "f1_score": 0.8691226265389183,
            "num_actual": 268.0,
            "num_correct": 230.2,
            "num_predicted": 261.59999999999997,
            "precision": 0.8800800907857864,
            "recall": 0.8589552238805971
        },
        "birthplace": {
            "f1_score": 0.8220815152679133,
            "num_actual": 268.0,
            "num_correct": 229.4,
            "num_predicted": 290.2,
            "precision": 0.7913005372696424,
            "recall": 0.8559701492537313
        },
        "hypernym": {
            "f1_score": 0.8864094207349826,
            "num_actual": 268.0,
            "num_correct": 234.2,
            "num_predicted": 260.40000000000003,
            "precision": 0.8994225695428307,
            "recall": 0.8738805970149253
        },
        "spouse": {
            "f1_score": 0.8570958104021924,
            "num_actual": 268.0,
            "num_correct": 230.20000000000002,
            "num_predicted": 269.2,
            "precision": 0.8557597791941629,
            "recall": 0.858955223880597
        }
    },
    "ranges": {
        "birthdate": {
            "f1_score": [
                0.8921389396709324,
                0.8538461538461538
            ],
            "num_actual": [
                268,
                268
            ],
            "num_correct": [
                244,
                222
            ],
            "num_predicted": [
                279,
                252
            ],
            "precision": [
                0.8914728682170543,
                0.8740458015267175
            ],
            "recall": [
                0.9104477611940298,
                0.8283582089552238
            ]
        },
        "birthplace": {
            "f1_score": [
                0.8446069469835467,
                0.8091068301225919
            ],
            "num_actual": [
                268,
                268
            ],
            "num_correct": [
                233,
                223
            ],
            "num_predicted": [
                303,
                279
            ],
            "precision": [
                0.8279569892473119,
                0.7623762376237624
            ],
            "recall": [
                0.8694029850746269,
                0.832089552238806
            ]
        },
        "hypernym": {
            "f1_score": [
                0.8934579439252336,
                0.8773946360153256
            ],
            "num_actual": [
                268,
                268
            ],
            "num_correct": [
                239,
                229
            ],
            "num_predicted": [
                267,
                254
            ],
            "precision": [
                0.9073359073359073,
                0.8923076923076924
            ],
            "recall": [
                0.8917910447761194,
                0.8544776119402985
            ]
        },
        "spouse": {
            "f1_score": [
                0.8745247148288975,
                0.849056603773585
            ],
            "num_actual": [
                268,
                268
            ],
            "num_correct": [
                237,
                225
            ],
            "num_predicted": [
                285,
                258
            ],
            "precision": [
                0.8914728682170543,
                0.8315789473684211
            ],
            "recall": [
                0.8843283582089553,
                0.8395522388059702
            ]
        }
    },
    "stddevs": {
        "birthdate": {
            "f1_score": 0.014864171623673591,
            "num_actual": 0.0,
            "num_correct": 8.31865373723417,
            "num_predicted": 10.358571330062848,
            "precision": 0.007036027800818854,
            "recall": 0.031039752750873763
        },
        "birthplace": {
            "f1_score": 0.013842692254335424,
            "num_actual": 0.0,
            "num_correct": 3.8470768123342687,
            "num_predicted": 12.132600710482482,
            "precision": 0.026391546020490236,
            "recall": 0.014354764225127865
        },
        "hypernym": {
            "f1_score": 0.007678072280557062,
            "num_actual": 0.0,
            "num_correct": 3.8340579025361627,
            "num_predicted": 4.722287581247038,
            "precision": 0.005875564827066071,
            "recall": 0.014306186203493153
        },
        "spouse": {
            "f1_score": 0.01026821917272803,
            "num_actual": 0.0,
            "num_correct": 4.324349662087931,
            "num_predicted": 10.521406750050108,
            "precision": 0.022621667849685383,
            "recall": 0.01613563306749229
        }
    }
}