{
    "means": {
        "birthdate": {
            "f1_score": 0.04115737081803892,
            "precision": -0.016224657997243108,
            "recall": 0.1033977172958736
        },
        "birthplace": {
            "f1_score": 0.022811963969947113,
            "precision": 0.10814946997962516,
            "recall": -0.058323090430201924
        },
        "hypernym": {
            "f1_score": -0.019408219450799312,
            "precision": -0.05739929427556589,
            "recall": 0.022589991220368734
        },
        "spouse": {
            "f1_score": 0.01825082693809783,
            "precision": 0.054274653136412686,
            "recall": -0.011896400351185289
        }
    },
    "ranges": {
        "birthdate": {
            "f1_score": [
                0.05726323243051845,
                0.011920100919473486
            ],
            "precision": [
                0.0014005602240896309,
                -0.032829585310501286
            ],
            "recall": [
                0.12534386889083993,
                0.05033655253146041
            ]
        },
        "birthplace": {
            "f1_score": [
                0.04178780208416766,
                -0.011273613650213399
            ],
            "precision": [
                0.14768976897689767,
                0.087535968499167
            ],
            "recall": [
                -0.022724612232952857,
                -0.09723441615452155
            ]
        },
        "hypernym": {
            "f1_score": [
                -0.004851752021563294,
                -0.04346515594708833
            ],
            "precision": [
                0.022640896540523037,
                -0.12138273007838218
            ],
            "recall": [
                0.0631694468832309,
                -0.029616622768510403
            ]
        },
        "spouse": {
            "f1_score": [
                0.025331369661266367,
                0.010482180293501009
            ],
            "precision": [
                0.09885583524027453,
                -0.04478297274667098
            ],
            "recall": [
                0.09473222124670755,
                -0.04511267193444546
            ]
        }
    },
    "stddevs": {
        "birthdate": {
            "f1_score": 0.018492512701913107,
            "precision": 0.0135734854694822,
            "recall": 0.030582904499196845
        },
        "birthplace": {
            "f1_score": 0.02011785083837502,
            "precision": 0.023073757543942506,
            "recall": 0.034655336074601716
        },
        "hypernym": {
            "f1_score": 0.016183770309682512,
            "precision": 0.05180283263226562,
            "recall": 0.03542319402570308
        },
        "spouse": {
            "f1_score": 0.005825190284382184,
            "precision": 0.05716281860482521,
            "recall": 0.05986910582974312
        }
    }
}