{
    "means": {
        "birthdate": {
            "f1_score": 0.9102799973569572,
            "num_actual": 255.0,
            "num_correct": 245.4,
            "num_predicted": 284.2,
            "precision": 0.8638554327885433,
            "recall": 0.9623529411764705
        },
        "birthplace": {
            "f1_score": 0.8448934792378604,
            "num_actual": 255.0,
            "num_correct": 203.4,
            "num_predicted": 226.39999999999998,
            "precision": 0.8994500072492676,
            "recall": 0.7976470588235294
        },
        "hypernym": {
            "f1_score": 0.8670012012841832,
            "num_actual": 255.0,
            "num_correct": 228.60000000000002,
            "num_predicted": 272.6,
            "precision": 0.842023275267265,
            "recall": 0.8964705882352941
        },
        "spouse": {
            "f1_score": 0.8753466373402903,
            "num_actual": 255.0,
            "num_correct": 216.0,
            "num_predicted": 238.20000000000002,
            "precision": 0.9100344323305757,
            "recall": 0.8470588235294118
        }
    },
    "ranges": {
        "birthdate": {
            "f1_score": [
                0.9182156133828995,
                0.9038112522686025
            ],
            "num_actual": [
                255,
                255
            ],
            "num_correct": [
                249,
                240
            ],
            "num_predicted": [
                296,
                272
            ],
            "precision": [
                0.8823529411764706,
                0.8412162162162162
            ],
            "recall": [
                0.9764705882352941,
                0.9411764705882353
            ]
        },
        "birthplace": {
            "f1_score": [
                0.8530020703933747,
                0.8333333333333333
            ],
            "num_actual": [
                255,
                255
            ],
            "num_correct": [
                214,
                195
            ],
            "num_predicted": [
                248,
                213
            ],
            "precision": [
                0.9166666666666666,
                0.8629032258064516
            ],
            "recall": [
                0.8392156862745098,
                0.7647058823529411
            ]
        },
        "hypernym": {
            "f1_score": [
                0.8857142857142857,
                0.8483754512635379
            ],
            "num_actual": [
                255,
                255
            ],
            "num_correct": [
                235,
                217
            ],
            "num_predicted": [
                299,
                235
            ],
            "precision": [
                0.9234042553191489,
                0.7859531772575251
            ],
            "recall": [
                0.9215686274509803,
                0.8509803921568627
            ]
        },
        "spouse": {
            "f1_score": [
                0.8966789667896679,
                0.8595387840670861
            ],
            "num_actual": [
                255,
                255
            ],
            "num_correct": [
                243,
                205
            ],
            "num_predicted": [
                287,
                222
            ],
            "precision": [
                0.9304347826086956,
                0.8466898954703833
            ],
            "recall": [
                0.9529411764705882,
                0.803921568627451
            ]
        }
    },
    "stddevs": {
        "birthdate": {
            "f1_score": 0.006356078578501877,
            "num_actual": 0.0,
            "num_correct": 3.361547262794322,
            "num_predicted": 8.642916174532761,
            "precision": 0.016337912031851174,
            "recall": 0.013182538285467928
        },
        "birthplace": {
            "f1_score": 0.00798349706969069,
            "num_actual": 0.0,
            "num_correct": 7.402702209328699,
            "num_predicted": 13.758633653092156,
            "precision": 0.021831890565778635,
            "recall": 0.029030204742465506
        },
        "hypernym": {
            "f1_score": 0.013536975182997768,
            "num_actual": 0.0,
            "num_correct": 7.231873892705817,
            "num_predicted": 23.522329816580672,
            "precision": 0.050027949535518264,
            "recall": 0.02836028977531693
        },
        "spouse": {
            "f1_score": 0.014460200770104828,
            "num_actual": 0.0,
            "num_correct": 15.443445211480501,
            "num_predicted": 27.462701979229937,
            "precision": 0.03561246505191977,
            "recall": 0.060562530241099984
        }
    }
}