{
    "means": {
        "birthdate": {
            "f1_score": 0.7571503305846443,
            "num_actual": 523.0,
            "num_correct": 398.2,
            "num_predicted": 528.1999999999999,
            "precision": 0.7539752477541288,
            "recall": 0.761376673040153
        },
        "birthplace": {
            "f1_score": 0.7013620008352326,
            "num_actual": 523.0,
            "num_correct": 377.8,
            "num_predicted": 554.8,
            "precision": 0.6835463504213728,
            "recall": 0.7223709369024855
        },
        "hypernym": {
            "f1_score": 0.7324362702392675,
            "num_actual": 523.0,
            "num_correct": 365.8,
            "num_predicted": 475.8,
            "precision": 0.7695940708865818,
            "recall": 0.6994263862332697
        },
        "spouse": {
            "f1_score": 0.8093937179643,
            "num_actual": 523.0,
            "num_correct": 435.4,
            "num_predicted": 552.8,
            "precision": 0.7877902397353606,
            "recall": 0.8325047801147227
        }
    },
    "ranges": {
        "birthdate": {
            "f1_score": [
                0.7832558139534883,
                0.7236580516898609
            ],
            "num_actual": [
                523,
                523
            ],
            "num_correct": [
                421,
                364
            ],
            "num_predicted": [
                557,
                483
            ],
            "precision": [
                0.7626811594202898,
                0.7396768402154399
            ],
            "recall": [
                0.8049713193116634,
                0.6959847036328872
            ]
        },
        "birthplace": {
            "f1_score": [
                0.7157695939565629,
                0.6862068965517242
            ],
            "num_actual": [
                523,
                523
            ],
            "num_correct": [
                398,
                362
            ],
            "num_predicted": [
                637,
                504
            ],
            "precision": [
                0.7182539682539683,
                0.6248037676609105
            ],
            "recall": [
                0.7609942638623327,
                0.6921606118546845
            ]
        },
        "hypernym": {
            "f1_score": [
                0.7408123791102514,
                0.7238658777120316
            ],
            "num_actual": [
                523,
                523
            ],
            "num_correct": [
                383,
                354
            ],
            "num_predicted": [
                511,
                448
            ],
            "precision": [
                0.7901785714285714,
                0.7474541751527495
            ],
            "recall": [
                0.7323135755258127,
                0.6768642447418738
            ]
        },
        "spouse": {
            "f1_score": [
                0.8162511542012928,
                0.8
            ],
            "num_actual": [
                523,
                523
            ],
            "num_correct": [
                442,
                422
            ],
            "num_predicted": [
                570,
                532
            ],
            "precision": [
                0.7962962962962963,
                0.775438596491228
            ],
            "recall": [
                0.8451242829827916,
                0.8068833652007649
            ]
        }
    },
    "stddevs": {
        "birthdate": {
            "f1_score": 0.021821934120973063,
            "num_actual": 0.0,
            "num_correct": 22.253089673121796,
            "num_predicted": 30.35951251255527,
            "precision": 0.008725868363509665,
            "recall": 0.042548928629295955
        },
        "birthplace": {
            "f1_score": 0.010734905493080593,
            "num_actual": 0.0,
            "num_correct": 13.461054936371072,
            "num_predicted": 50.08692444141485,
            "precision": 0.03627749511980093,
            "recall": 0.0257381547540556
        },
        "hypernym": {
            "f1_score": 0.006778052105358944,
            "num_actual": 0.0,
            "num_correct": 10.756393447619885,
            "num_predicted": 24.99399927982715,
            "precision": 0.01990271099429813,
            "recall": 0.020566717873078198
        },
        "spouse": {
            "f1_score": 0.006084556694423314,
            "num_actual": 0.0,
            "num_correct": 9.04433524367601,
            "num_predicted": 16.037456157383563,
            "precision": 0.008159994743106564,
            "recall": 0.017293184022325055
        }
    }
}