{
    "means": {
        "birthdate": {
            "f1_score": 0.7527748044307699,
            "num_actual": 268.0,
            "num_correct": 206.2,
            "num_predicted": 279.6,
            "precision": 0.7375531999739169,
            "recall": 0.7694029850746269
        },
        "birthplace": {
            "f1_score": 0.7027267927637975,
            "num_actual": 268.0,
            "num_correct": 193.39999999999998,
            "num_predicted": 282.59999999999997,
            "precision": 0.686763269429586,
            "recall": 0.7216417910447761
        },
        "hypernym": {
            "f1_score": 0.7173366742592655,
            "num_actual": 268.0,
            "num_correct": 178.20000000000002,
            "num_predicted": 228.79999999999995,
            "precision": 0.7798347684017373,
            "recall": 0.6649253731343283
        },
        "spouse": {
            "f1_score": 0.7747575147528942,
            "num_actual": 268.0,
            "num_correct": 217.8,
            "num_predicted": 294.20000000000005,
            "precision": 0.740504352122473,
            "recall": 0.8126865671641791
        }
    },
    "ranges": {
        "birthdate": {
            "f1_score": [
                0.7642857142857142,
                0.7224334600760457
            ],
            "num_actual": [
                268,
                268
            ],
            "num_correct": [
                214,
                190
            ],
            "num_predicted": [
                292,
                258
            ],
            "precision": [
                0.7454545454545455,
                0.7328767123287672
            ],
            "recall": [
                0.7985074626865671,
                0.7089552238805971
            ]
        },
        "birthplace": {
            "f1_score": [
                0.7153284671532848,
                0.6913996627318719
            ],
            "num_actual": [
                268,
                268
            ],
            "num_correct": [
                205,
                186
            ],
            "num_predicted": [
                325,
                257
            ],
            "precision": [
                0.7237354085603113,
                0.6307692307692307
            ],
            "recall": [
                0.7649253731343284,
                0.6940298507462687
            ]
        },
        "hypernym": {
            "f1_score": [
                0.7243460764587525,
                0.7078189300411523
            ],
            "num_actual": [
                268,
                268
            ],
            "num_correct": [
                185,
                172
            ],
            "num_predicted": [
                246,
                214
            ],
            "precision": [
                0.8084112149532711,
                0.7520325203252033
            ],
            "recall": [
                0.6902985074626866,
                0.6417910447761194
            ]
        },
        "spouse": {
            "f1_score": [
                0.781981981981982,
                0.7599999999999999
            ],
            "num_actual": [
                268,
                268
            ],
            "num_correct": [
                223,
                209
            ],
            "num_predicted": [
                303,
                282
            ],
            "precision": [
                0.7560975609756098,
                0.7260726072607261
            ],
            "recall": [
                0.832089552238806,
                0.7798507462686567
            ]
        }
    },
    "stddevs": {
        "birthdate": {
            "f1_score": 0.01728584074183753,
            "num_actual": 0.0,
            "num_correct": 9.654014708917737,
            "num_predicted": 13.68575902169843,
            "precision": 0.005123817880831973,
            "recall": 0.036022442943722865
        },
        "birthplace": {
            "f1_score": 0.009390604382833187,
            "num_actual": 0.0,
            "num_correct": 7.436396977031282,
            "num_predicted": 25.323901753086947,
            "precision": 0.03425729082103138,
            "recall": 0.02774774991429585
        },
        "hypernym": {
            "f1_score": 0.006052238204412713,
            "num_actual": 0.0,
            "num_correct": 5.540758070878027,
            "num_predicted": 13.21741275741966,
            "precision": 0.02220165730403903,
            "recall": 0.020674470413724007
        },
        "spouse": {
            "f1_score": 0.009440397837957087,
            "num_actual": 0.0,
            "num_correct": 5.357238094391549,
            "num_predicted": 9.47100839404126,
            "precision": 0.010952740400272505,
            "recall": 0.019989694382058044
        }
    }
}