{
    "means": {
        "birthdate": {
            "f1_score": 0.009122820371132191,
            "precision": 0.03499135605474697,
            "recall": -0.01646180860403865
        },
        "birthplace": {
            "f1_score": -0.002795227962604585,
            "precision": -0.006354959109177005,
            "recall": 0.0014954638571846642
        },
        "hypernym": {
            "f1_score": 0.029998927699166966,
            "precision": -0.019611076595531206,
            "recall": 0.07076090137547555
        },
        "spouse": {
            "f1_score": 0.07253490583946556,
            "precision": 0.10108881587089047,
            "recall": 0.04064676616915423
        }
    },
    "ranges": {
        "birthdate": {
            "f1_score": [
                0.03959778085991672,
                -0.006076602470903358
            ],
            "precision": [
                0.06327713382507894,
                0.01270464287558748
            ],
            "recall": [
                0.013257243195785806,
                -0.03943517705589705
            ]
        },
        "birthplace": {
            "f1_score": [
                0.0016847992906108278,
                -0.010623648622524517
            ],
            "precision": [
                0.014843750000000044,
                -0.021686162952379795
            ],
            "recall": [
                0.028489903424056218,
                -0.013696224758560138
            ]
        },
        "hypernym": {
            "f1_score": [
                0.04516911776761279,
                0.014013110544846219
            ],
            "precision": [
                -0.0030474774691070516,
                -0.03490694144899753
            ],
            "recall": [
                0.09938542581211596,
                0.04992683640620421
            ]
        },
        "spouse": {
            "f1_score": [
                0.08356435643564375,
                0.056600695183372296
            ],
            "precision": [
                0.11086524822695032,
                0.08579967222597129
            ],
            "recall": [
                0.05544337137840216,
                0.0228124085455077
            ]
        }
    },
    "stddevs": {
        "birthdate": {
            "f1_score": 0.017631369371110588,
            "precision": 0.018327096694632658,
            "recall": 0.020301841322230185
        },
        "birthplace": {
            "f1_score": 0.005785931630021455,
            "precision": 0.013825679530924926,
            "recall": 0.016498179182291513
        },
        "hypernym": {
            "f1_score": 0.013139524395215553,
            "precision": 0.014858735161736013,
            "recall": 0.021286983511392774
        },
        "spouse": {
            "f1_score": 0.0108167040686855,
            "precision": 0.009760036919282962,
            "recall": 0.015225712670814757
        }
    }
}