{
    "means": {
        "birthdate": {
            "f1_score": 0.761897624801902,
            "num_actual": 255.0,
            "num_correct": 192.0,
            "num_predicted": 248.60000000000002,
            "precision": 0.772544556028664,
            "recall": 0.7529411764705882
        },
        "birthplace": {
            "f1_score": 0.6999315648011929,
            "num_actual": 255.0,
            "num_correct": 184.39999999999998,
            "num_predicted": 272.20000000000005,
            "precision": 0.6804083103204089,
            "recall": 0.7231372549019608
        },
        "hypernym": {
            "f1_score": 0.7473356019584325,
            "num_actual": 255.0,
            "num_correct": 187.60000000000002,
            "num_predicted": 247.0,
            "precision": 0.7602236918062062,
            "recall": 0.7356862745098038
        },
        "spouse": {
            "f1_score": 0.8472924205923598,
            "num_actual": 255.0,
            "num_correct": 217.60000000000002,
            "num_predicted": 258.59999999999997,
            "precision": 0.8415931679933634,
            "recall": 0.8533333333333333
        }
    },
    "ranges": {
        "birthdate": {
            "f1_score": [
                0.803883495145631,
                0.725
            ],
            "num_actual": [
                255,
                255
            ],
            "num_correct": [
                207,
                174
            ],
            "num_predicted": [
                268,
                225
            ],
            "precision": [
                0.7961538461538461,
                0.746268656716418
            ],
            "recall": [
                0.8117647058823529,
                0.6823529411764706
            ]
        },
        "birthplace": {
            "f1_score": [
                0.7162426614481409,
                0.6807760141093474
            ],
            "num_actual": [
                255,
                255
            ],
            "num_correct": [
                193,
                176
            ],
            "num_predicted": [
                312,
                247
            ],
            "precision": [
                0.71484375,
                0.6185897435897436
            ],
            "recall": [
                0.7568627450980392,
                0.6901960784313725
            ]
        },
        "hypernym": {
            "f1_score": [
                0.7615384615384616,
                0.730844793713163
            ],
            "num_actual": [
                255,
                255
            ],
            "num_correct": [
                198,
                181
            ],
            "num_predicted": [
                265,
                234
            ],
            "precision": [
                0.7829787234042553,
                0.7322834645669292
            ],
            "recall": [
                0.7764705882352941,
                0.7098039215686275
            ]
        },
        "spouse": {
            "f1_score": [
                0.8554913294797689,
                0.8385826771653543
            ],
            "num_actual": [
                255,
                255
            ],
            "num_correct": [
                222,
                213
            ],
            "num_predicted": [
                267,
                250
            ],
            "precision": [
                0.852,
                0.8314606741573034
            ],
            "recall": [
                0.8705882352941177,
                0.8352941176470589
            ]
        }
    },
    "stddevs": {
        "birthdate": {
            "f1_score": 0.028824723122484814,
            "num_actual": 0.0,
            "num_correct": 12.90348790056394,
            "num_predicted": 17.03819239238717,
            "precision": 0.01768380794210461,
            "recall": 0.050601913335544854
        },
        "birthplace": {
            "f1_score": 0.012677776632510684,
            "num_actual": 0.0,
            "num_correct": 6.6932802122726045,
            "num_predicted": 25.897876360813832,
            "precision": 0.039557624925024286,
            "recall": 0.026248157695186684
        },
        "hypernym": {
            "f1_score": 0.011925692809786784,
            "num_actual": 0.0,
            "num_correct": 6.5038450166036395,
            "num_predicted": 13.095800853708795,
            "precision": 0.020431667052499162,
            "recall": 0.02550527457491624
        },
        "spouse": {
            "f1_score": 0.006493626437675028,
            "num_actual": 0.0,
            "num_correct": 4.505552130427524,
            "num_predicted": 7.162401831787993,
            "precision": 0.007272227440617043,
            "recall": 0.0176688318840295
        }
    }
}