{
    "means": {
        "birthdate": {
            "f1_score": 0.7952564999916503,
            "num_actual": 523.0,
            "num_correct": 460.0,
            "num_predicted": 633.8,
            "precision": 0.7258785545217413,
            "recall": 0.8795411089866159
        },
        "birthplace": {
            "f1_score": 0.7368160748602083,
            "num_actual": 523.0,
            "num_correct": 365.6,
            "num_predicted": 469.40000000000003,
            "precision": 0.7793421094273038,
            "recall": 0.6990439770554493
        },
        "hypernym": {
            "f1_score": 0.7177202068824104,
            "num_actual": 523.0,
            "num_correct": 348.0,
            "num_predicted": 449.0,
            "precision": 0.7832551916175676,
            "recall": 0.6653919694072659
        },
        "spouse": {
            "f1_score": 0.829301451368848,
            "num_actual": 523.0,
            "num_correct": 457.5999999999999,
            "num_predicted": 580.6,
            "precision": 0.7883791810353915,
            "recall": 0.8749521988527726
        }
    },
    "ranges": {
        "birthdate": {
            "f1_score": [
                0.8020477815699659,
                0.7902097902097902
            ],
            "num_actual": [
                523,
                523
            ],
            "num_correct": [
                470,
                450
            ],
            "num_predicted": [
                649,
                613
            ],
            "precision": [
                0.734094616639478,
                0.7193798449612403
            ],
            "recall": [
                0.8986615678776291,
                0.8604206500956023
            ]
        },
        "birthplace": {
            "f1_score": [
                0.7420349434737924,
                0.7313131313131314
            ],
            "num_actual": [
                523,
                523
            ],
            "num_correct": [
                374,
                361
            ],
            "num_predicted": [
                492,
                450
            ],
            "precision": [
                0.8022222222222222,
                0.7601626016260162
            ],
            "recall": [
                0.7151051625239006,
                0.6902485659655831
            ]
        },
        "hypernym": {
            "f1_score": [
                0.7416934619506967,
                0.6535947712418301
            ],
            "num_actual": [
                523,
                523
            ],
            "num_correct": [
                352,
                345
            ],
            "num_predicted": [
                548,
                410
            ],
            "precision": [
                0.8439024390243902,
                0.6386861313868614
            ],
            "recall": [
                0.6730401529636711,
                0.6596558317399618
            ]
        },
        "spouse": {
            "f1_score": [
                0.838248436103664,
                0.8208820882088208
            ],
            "num_actual": [
                523,
                523
            ],
            "num_correct": [
                469,
                452
            ],
            "num_predicted": [
                596,
                558
            ],
            "precision": [
                0.8100358422939068,
                0.7755102040816326
            ],
            "recall": [
                0.8967495219885278,
                0.864244741873805
            ]
        }
    },
    "stddevs": {
        "birthdate": {
            "f1_score": 0.004613235330411637,
            "num_actual": 0.0,
            "num_correct": 8.602325267042627,
            "num_predicted": 15.84929020492716,
            "precision": 0.005489589822432185,
            "recall": 0.016448040663561432
        },
        "birthplace": {
            "f1_score": 0.0037946671477297133,
            "num_actual": 0.0,
            "num_correct": 6.024948132556827,
            "num_predicted": 17.18429515575195,
            "precision": 0.016757632303139227,
            "recall": 0.011519977308904084
        },
        "hypernym": {
            "f1_score": 0.03668243093628699,
            "num_actual": 0.0,
            "num_correct": 2.9154759474226504,
            "num_predicted": 55.98214000911362,
            "precision": 0.0824812186424971,
            "recall": 0.005574523800043316
        },
        "spouse": {
            "f1_score": 0.007544126229307053,
            "num_actual": 0.0,
            "num_correct": 6.8044103344816005,
            "num_predicted": 14.892951352905172,
            "precision": 0.013263804990771256,
            "recall": 0.013010344807804226
        }
    }
}