{
    "means": {
        "birthdate": {
            "f1_score": 0.7800593946246537,
            "num_actual": 268.0,
            "num_correct": 232.39999999999998,
            "num_predicted": 327.79999999999995,
            "precision": 0.7091045785094385,
            "recall": 0.8671641791044775
        },
        "birthplace": {
            "f1_score": 0.7286837077761648,
            "num_actual": 268.0,
            "num_correct": 185.2,
            "num_predicted": 240.4,
            "precision": 0.7714611044626909,
            "recall": 0.691044776119403
        },
        "hypernym": {
            "f1_score": 0.6969199416190036,
            "num_actual": 268.0,
            "num_correct": 170.8,
            "num_predicted": 222.40000000000003,
            "precision": 0.7696966516066442,
            "recall": 0.637313432835821
        },
        "spouse": {
            "f1_score": 0.796820395220098,
            "num_actual": 268.0,
            "num_correct": 226.2,
            "num_predicted": 299.79999999999995,
            "precision": 0.754941900205058,
            "recall": 0.8440298507462686
        }
    },
    "ranges": {
        "birthdate": {
            "f1_score": [
                0.7906197654941374,
                0.7710843373493976
            ],
            "num_actual": [
                268,
                268
            ],
            "num_correct": [
                237,
                224
            ],
            "num_predicted": [
                338,
                313
            ],
            "precision": [
                0.7173252279635258,
                0.7011834319526628
            ],
            "recall": [
                0.8843283582089553,
                0.835820895522388
            ]
        },
        "birthplace": {
            "f1_score": [
                0.7449392712550607,
                0.7154150197628458
            ],
            "num_actual": [
                268,
                268
            ],
            "num_correct": [
                189,
                181
            ],
            "num_predicted": [
                257,
                226
            ],
            "precision": [
                0.8141592920353983,
                0.7354085603112841
            ],
            "recall": [
                0.7052238805970149,
                0.6753731343283582
            ]
        },
        "hypernym": {
            "f1_score": [
                0.7181628392484343,
                0.6666666666666666
            ],
            "num_actual": [
                268,
                268
            ],
            "num_correct": [
                173,
                169
            ],
            "num_predicted": [
                242,
                211
            ],
            "precision": [
                0.8151658767772512,
                0.7024793388429752
            ],
            "recall": [
                0.6455223880597015,
                0.6305970149253731
            ]
        },
        "spouse": {
            "f1_score": [
                0.8065099457504521,
                0.7832167832167832
            ],
            "num_actual": [
                268,
                268
            ],
            "num_correct": [
                232,
                223
            ],
            "num_predicted": [
                308,
                285
            ],
            "precision": [
                0.7824561403508772,
                0.7368421052631579
            ],
            "recall": [
                0.8656716417910447,
                0.832089552238806
            ]
        }
    },
    "stddevs": {
        "birthdate": {
            "f1_score": 0.007492378945841392,
            "num_actual": 0.0,
            "num_correct": 5.683308895353129,
            "num_predicted": 10.183319694480774,
            "precision": 0.007390096778025057,
            "recall": 0.021206376475198265
        },
        "birthplace": {
            "f1_score": 0.011661100446591145,
            "num_actual": 0.0,
            "num_correct": 3.63318042491699,
            "num_predicted": 11.970797801316335,
            "precision": 0.029131390096543894,
            "recall": 0.013556643376555917
        },
        "hypernym": {
            "f1_score": 0.01925165832526649,
            "num_actual": 0.0,
            "num_correct": 1.6431676725154984,
            "num_predicted": 11.696153213770756,
            "precision": 0.04135389704332475,
            "recall": 0.006131222658639914
        },
        "spouse": {
            "f1_score": 0.009771389814362513,
            "num_actual": 0.0,
            "num_correct": 3.768288736283354,
            "num_predicted": 10.059821071967434,
            "precision": 0.018381762528794584,
            "recall": 0.01406077886672892
        }
    }
}