{
    "means": {
        "birthdate": {
            "f1_score": 0.03133847686851851,
            "precision": 0.034792407671076095,
            "recall": 0.025384840503365536
        },
        "birthplace": {
            "f1_score": 0.016742645049858052,
            "precision": 0.016442131259984883,
            "recall": 0.016406204272753876
        },
        "hypernym": {
            "f1_score": 0.04303749595093604,
            "precision": 0.031172225754557626,
            "recall": 0.05758852794849281
        },
        "spouse": {
            "f1_score": 0.06692037254605188,
            "precision": 0.06923326312673858,
            "recall": 0.06342112964588824
        }
    },
    "ranges": {
        "birthdate": {
            "f1_score": [
                0.04333007706501668,
                0.013613038738666927
            ],
            "precision": [
                0.04801270952643688,
                0.013444002805704902
            ],
            "recall": [
                0.0504536142815335,
                0.01352063213345045
            ]
        },
        "birthplace": {
            "f1_score": [
                0.03510204081632651,
                -0.005899605284288234
            ],
            "precision": [
                0.05182548224190742,
                -0.023980720606826877
            ],
            "recall": [
                0.03443078724026927,
                0.004580040971612576
            ]
        },
        "hypernym": {
            "f1_score": [
                0.06868418135461696,
                -0.024955436720142554
            ],
            "precision": [
                0.08192886965265478,
                -0.11424404472532812
            ],
            "recall": [
                0.07155399473222124,
                0.04056189640035124
            ]
        },
        "spouse": {
            "f1_score": [
                0.0776366490652205,
                0.05892174144410811
            ],
            "precision": [
                0.08411301959689055,
                0.055952380952380976
            ],
            "recall": [
                0.07398302604623941,
                0.051214515657009074
            ]
        }
    },
    "stddevs": {
        "birthdate": {
            "f1_score": 0.011963800141538309,
            "precision": 0.012845739130542712,
            "recall": 0.015449204092624088
        },
        "birthplace": {
            "f1_score": 0.017382991386989642,
            "precision": 0.0279857966125461,
            "recall": 0.011827031962440934
        },
        "hypernym": {
            "f1_score": 0.038927069658293276,
            "precision": 0.08180014762673779,
            "recall": 0.012401557624821247
        },
        "spouse": {
            "f1_score": 0.007468903620790369,
            "precision": 0.013044181040384784,
            "recall": 0.008192940119191248
        }
    }
}