{
    "means": {
        "birthdate": {
            "f1_score": 0.8113978714931722,
            "num_actual": 255.0,
            "num_correct": 227.6,
            "num_predicted": 306.0,
            "precision": 0.7438969861805147,
            "recall": 0.8925490196078432
        },
        "birthplace": {
            "f1_score": 0.7454263528260228,
            "num_actual": 255.0,
            "num_correct": 180.40000000000003,
            "num_predicted": 229.0,
            "precision": 0.7879032357226757,
            "recall": 0.7074509803921568
        },
        "hypernym": {
            "f1_score": 0.7399574375699397,
            "num_actual": 255.0,
            "num_correct": 177.2,
            "num_predicted": 226.59999999999997,
            "precision": 0.8008688773612018,
            "recall": 0.6949019607843137
        },
        "spouse": {
            "f1_score": 0.8637407677661498,
            "num_actual": 255.0,
            "num_correct": 231.39999999999998,
            "num_predicted": 280.8,
            "precision": 0.8241751633317966,
            "recall": 0.9074509803921569
        }
    },
    "ranges": {
        "birthdate": {
            "f1_score": [
                0.8233215547703181,
                0.8042328042328043
            ],
            "num_actual": [
                255,
                255
            ],
            "num_correct": [
                233,
                223
            ],
            "num_predicted": [
                312,
                298
            ],
            "precision": [
                0.7533333333333333,
                0.7307692307692307
            ],
            "recall": [
                0.9137254901960784,
                0.8745098039215686
            ]
        },
        "birthplace": {
            "f1_score": [
                0.7551020408163265,
                0.7390396659707724
            ],
            "num_actual": [
                255,
                255
            ],
            "num_correct": [
                185,
                177
            ],
            "num_predicted": [
                235,
                223
            ],
            "precision": [
                0.7982062780269058,
                0.7735042735042735
            ],
            "recall": [
                0.7254901960784313,
                0.6941176470588235
            ]
        },
        "hypernym": {
            "f1_score": [
                0.7748917748917747,
                0.6417112299465241
            ],
            "num_actual": [
                255,
                255
            ],
            "num_correct": [
                180,
                174
            ],
            "num_predicted": [
                306,
                199
            ],
            "precision": [
                0.8743718592964824,
                0.5882352941176471
            ],
            "recall": [
                0.7058823529411765,
                0.6823529411764706
            ]
        },
        "spouse": {
            "f1_score": [
                0.87292817679558,
                0.8560747663551401
            ],
            "num_actual": [
                255,
                255
            ],
            "num_correct": [
                237,
                229
            ],
            "num_predicted": [
                288,
                273
            ],
            "precision": [
                0.8388278388278388,
                0.8169014084507042
            ],
            "recall": [
                0.9294117647058824,
                0.8980392156862745
            ]
        }
    },
    "stddevs": {
        "birthdate": {
            "f1_score": 0.007662243087460882,
            "num_actual": 0.0,
            "num_correct": 3.6469165057620936,
            "num_predicted": 6.519202405202649,
            "precision": 0.009293030933754375,
            "recall": 0.014301633355929775
        },
        "birthplace": {
            "f1_score": 0.00647200785587908,
            "num_actual": 0.0,
            "num_correct": 3.1304951684997055,
            "num_predicted": 5.522680508593631,
            "precision": 0.009018131141666028,
            "recall": 0.012276451641175322
        },
        "hypernym": {
            "f1_score": 0.055585385640388195,
            "num_actual": 0.0,
            "num_correct": 2.588435821108957,
            "num_predicted": 44.63518791267715,
            "precision": 0.12009704968784844,
            "recall": 0.010150728710231198
        },
        "spouse": {
            "f1_score": 0.00652785909003266,
            "num_actual": 0.0,
            "num_correct": 3.361547262794322,
            "num_predicted": 5.630275304103699,
            "precision": 0.00879131176536593,
            "recall": 0.013182538285467931
        }
    }
}