{
    "means": {
        "birthdate": {
            "f1_score": 0.9064163049653292,
            "num_actual": 523.0,
            "num_correct": 494.0,
            "num_predicted": 567.0,
            "precision": 0.8713898382561241,
            "recall": 0.9445506692160611
        },
        "birthplace": {
            "f1_score": 0.8409384152367494,
            "num_actual": 523.0,
            "num_correct": 435.3999999999999,
            "num_predicted": 512.6,
            "precision": 0.8498100531996959,
            "recall": 0.8325047801147227
        },
        "hypernym": {
            "f1_score": 0.8863600931746518,
            "num_actual": 523.0,
            "num_correct": 457.80000000000007,
            "num_predicted": 510.00000000000006,
            "precision": 0.8980501710889579,
            "recall": 0.8753346080305927
        },
        "spouse": {
            "f1_score": 0.8953720980638362,
            "num_actual": 523.0,
            "num_correct": 465.59999999999997,
            "num_predicted": 517.0,
            "precision": 0.9006578420540654,
            "recall": 0.8902485659655832
        }
    },
    "ranges": {
        "birthdate": {
            "f1_score": [
                0.9196675900277008,
                0.8957169459962756
            ],
            "num_actual": [
                523,
                523
            ],
            "num_correct": [
                500,
                481
            ],
            "num_predicted": [
                579,
                551
            ],
            "precision": [
                0.8892857142857142,
                0.8581314878892734
            ],
            "recall": [
                0.9560229445506692,
                0.9196940726577438
            ]
        },
        "birthplace": {
            "f1_score": [
                0.8518518518518519,
                0.8283018867924529
            ],
            "num_actual": [
                523,
                523
            ],
            "num_correct": [
                439,
                427
            ],
            "num_predicted": [
                537,
                503
            ],
            "precision": [
                0.8687872763419483,
                0.8175046554934823
            ],
            "recall": [
                0.8393881453154876,
                0.8164435946462715
            ]
        },
        "hypernym": {
            "f1_score": [
                0.8958333333333334,
                0.8725868725868725
            ],
            "num_actual": [
                523,
                523
            ],
            "num_correct": [
                473,
                452
            ],
            "num_predicted": [
                533,
                492
            ],
            "precision": [
                0.9227642276422764,
                0.8810916179337231
            ],
            "recall": [
                0.904397705544933,
                0.864244741873805
            ]
        },
        "spouse": {
            "f1_score": [
                0.9052224371373307,
                0.8863198458574182
            ],
            "num_actual": [
                523,
                523
            ],
            "num_correct": [
                471,
                458
            ],
            "num_predicted": [
                527,
                507
            ],
            "precision": [
                0.9158512720156555,
                0.8932038834951457
            ],
            "recall": [
                0.9005736137667304,
                0.875717017208413
            ]
        }
    },
    "stddevs": {
        "birthdate": {
            "f1_score": 0.008998010750813731,
            "num_actual": 0.0,
            "num_correct": 7.516648189186454,
            "num_predicted": 11.937336386313323,
            "precision": 0.011858436562050332,
            "recall": 0.014372176269954946
        },
        "birthplace": {
            "f1_score": 0.010183262413819769,
            "num_actual": 0.0,
            "num_correct": 4.8270073544588685,
            "num_predicted": 14.518953130305228,
            "precision": 0.01992999612164609,
            "recall": 0.009229459568755021
        },
        "hypernym": {
            "f1_score": 0.009987998322887342,
            "num_actual": 0.0,
            "num_correct": 8.700574693662482,
            "num_predicted": 16.537835408541227,
            "precision": 0.018691375362322172,
            "recall": 0.016635898075836483
        },
        "spouse": {
            "f1_score": 0.007597064697660819,
            "num_actual": 0.0,
            "num_correct": 6.18869937870632,
            "num_predicted": 8.717797887081348,
            "precision": 0.009406160036648285,
            "recall": 0.01183307720593944
        }
    }
}