{
    "means": {
        "birthdate": {
            "f1_score": 0.9081299085292673,
            "num_actual": 268.0,
            "num_correct": 253.0,
            "num_predicted": 289.2,
            "precision": 0.8749924557462168,
            "recall": 0.9440298507462688
        },
        "birthplace": {
            "f1_score": 0.8343268689510259,
            "num_actual": 268.0,
            "num_correct": 222.60000000000002,
            "num_predicted": 265.6,
            "precision": 0.8385068496366728,
            "recall": 0.8305970149253732
        },
        "hypernym": {
            "f1_score": 0.8726661296824372,
            "num_actual": 268.0,
            "num_correct": 232.79999999999998,
            "num_predicted": 265.6,
            "precision": 0.8771208196685709,
            "recall": 0.8686567164179104
        },
        "spouse": {
            "f1_score": 0.8785868704682536,
            "num_actual": 268.0,
            "num_correct": 233.0,
            "num_predicted": 262.4,
            "precision": 0.8881043653108412,
            "recall": 0.8694029850746269
        }
    },
    "ranges": {
        "birthdate": {
            "f1_score": [
                0.9186256781193489,
                0.896551724137931
            ],
            "num_actual": [
                268,
                268
            ],
            "num_correct": [
                255,
                247
            ],
            "num_predicted": [
                297,
                283
            ],
            "precision": [
                0.8912280701754386,
                0.8552188552188552
            ],
            "recall": [
                0.9514925373134329,
                0.9216417910447762
            ]
        },
        "birthplace": {
            "f1_score": [
                0.8468809073724007,
                0.8145315487571703
            ],
            "num_actual": [
                268,
                268
            ],
            "num_correct": [
                226,
                213
            ],
            "num_predicted": [
                280,
                255
            ],
            "precision": [
                0.8582375478927203,
                0.8071428571428572
            ],
            "recall": [
                0.8432835820895522,
                0.7947761194029851
            ]
        },
        "hypernym": {
            "f1_score": [
                0.8867562380038388,
                0.8534322820037106
            ],
            "num_actual": [
                268,
                268
            ],
            "num_correct": [
                239,
                230
            ],
            "num_predicted": [
                275,
                253
            ],
            "precision": [
                0.9130434782608695,
                0.8487084870848709
            ],
            "recall": [
                0.8917910447761194,
                0.8582089552238806
            ]
        },
        "spouse": {
            "f1_score": [
                0.888045540796964,
                0.8679245283018869
            ],
            "num_actual": [
                268,
                268
            ],
            "num_correct": [
                236,
                230
            ],
            "num_predicted": [
                268,
                256
            ],
            "precision": [
                0.9034749034749034,
                0.8778625954198473
            ],
            "recall": [
                0.8805970149253731,
                0.8582089552238806
            ]
        }
    },
    "stddevs": {
        "birthdate": {
            "f1_score": 0.01012272713249515,
            "num_actual": 0.0,
            "num_correct": 3.391164991562634,
            "num_predicted": 5.761944116355173,
            "precision": 0.014053920059012218,
            "recall": 0.012653600714785926
        },
        "birthplace": {
            "f1_score": 0.013983331820133973,
            "num_actual": 0.0,
            "num_correct": 5.458937625582473,
            "num_predicted": 9.476286192385706,
            "precision": 0.01975074735493849,
            "recall": 0.020369170244710706
        },
        "hypernym": {
            "f1_score": 0.013585054702984004,
            "num_actual": 0.0,
            "num_correct": 3.5637059362410923,
            "num_predicted": 8.933084573650916,
            "precision": 0.0255340358490282,
            "recall": 0.013297410209854808
        },
        "spouse": {
            "f1_score": 0.007206316610877334,
            "num_actual": 0.0,
            "num_correct": 2.8284271247461903,
            "num_predicted": 5.128352561983234,
            "precision": 0.011911718840745301,
            "recall": 0.010553832555023079
        }
    }
}