{
    "means": {
        "birthdate": {
            "f1_score": -0.0034931482109023856,
            "precision": -0.00729736965610781,
            "recall": 0.0010681884694176077
        },
        "birthplace": {
            "f1_score": 0.013580876416965214,
            "precision": 0.02346076576894516,
            "recall": 0.003912788996195538
        },
        "hypernym": {
            "f1_score": 0.02835244620448463,
            "precision": 0.043830852620925585,
            "recall": 0.01369622475856016
        },
        "spouse": {
            "f1_score": 0.03426300247587,
            "precision": 0.025514326895824602,
            "recall": 0.04275387767047116
        }
    },
    "ranges": {
        "birthdate": {
            "f1_score": [
                0.003870030379078071,
                -0.018389782555977785
            ],
            "precision": [
                0.005991109193956179,
                -0.025201612903225756
            ],
            "recall": [
                0.009291776412057362,
                -0.010316066725197581
            ]
        },
        "birthplace": {
            "f1_score": [
                0.03636308344958927,
                0.0028184914251944138
            ],
            "precision": [
                0.03578897338403042,
                0.010614911123673076
            ],
            "recall": [
                0.04443956687152473,
                -0.011911033069944343
            ]
        },
        "hypernym": {
            "f1_score": [
                0.03992787896208427,
                0.016077770093327226
            ],
            "precision": [
                0.0686468848159556,
                0.020010915044569866
            ],
            "recall": [
                0.025856014047410003,
                0.0009950248756219748
            ]
        },
        "spouse": {
            "f1_score": [
                0.04157329981235525,
                0.0233231753311407
            ],
            "precision": [
                0.03457886943646016,
                0.009929033864541803
            ],
            "recall": [
                0.04862452443664034,
                0.03590869183494294
            ]
        }
    },
    "stddevs": {
        "birthdate": {
            "f1_score": 0.00881642087931518,
            "precision": 0.012320903357125115,
            "recall": 0.008476923546181016
        },
        "birthplace": {
            "f1_score": 0.013849866588366221,
            "precision": 0.009230390891450956,
            "recall": 0.02304395282658164
        },
        "hypernym": {
            "f1_score": 0.009513109785933354,
            "precision": 0.017608606233125157,
            "recall": 0.008959568409482728
        },
        "spouse": {
            "f1_score": 0.0068002941370492636,
            "precision": 0.00947880601991678,
            "recall": 0.004706033409678071
        }
    }
}