{
    "means": {
        "birthdate": {
            "f1_score": 0.9046367603183649,
            "num_actual": 255.0,
            "num_correct": 241.0,
            "num_predicted": 277.8,
            "precision": 0.867695086090109,
            "recall": 0.9450980392156862
        },
        "birthplace": {
            "f1_score": 0.8479077453679913,
            "num_actual": 255.0,
            "num_correct": 212.8,
            "num_predicted": 247.0,
            "precision": 0.861967615405618,
            "recall": 0.8345098039215686
        },
        "hypernym": {
            "f1_score": 0.9010185758869218,
            "num_actual": 255.0,
            "num_correct": 225.0,
            "num_predicted": 244.39999999999998,
            "precision": 0.9209516722894966,
            "recall": 0.8823529411764706
        },
        "spouse": {
            "f1_score": 0.9128498729441236,
            "num_actual": 255.0,
            "num_correct": 232.59999999999997,
            "num_predicted": 254.6,
            "precision": 0.9136186922066658,
            "recall": 0.912156862745098
        }
    },
    "ranges": {
        "birthdate": {
            "f1_score": [
                0.9207547169811321,
                0.8948374760994264
            ],
            "num_actual": [
                255,
                255
            ],
            "num_correct": [
                245,
                234
            ],
            "num_predicted": [
                286,
                268
            ],
            "precision": [
                0.8872727272727273,
                0.8566433566433567
            ],
            "recall": [
                0.9607843137254902,
                0.9176470588235294
            ]
        },
        "birthplace": {
            "f1_score": [
                0.8606060606060607,
                0.8320312500000001
            ],
            "num_actual": [
                255,
                255
            ],
            "num_correct": [
                214,
                212
            ],
            "num_predicted": [
                257,
                240
            ],
            "precision": [
                0.8875,
                0.8287937743190662
            ],
            "recall": [
                0.8392156862745098,
                0.8313725490196079
            ]
        },
        "hypernym": {
            "f1_score": [
                0.9122807017543859,
                0.8933601609657948
            ],
            "num_actual": [
                255,
                255
            ],
            "num_correct": [
                234,
                221
            ],
            "num_predicted": [
                258,
                236
            ],
            "precision": [
                0.9364406779661016,
                0.9069767441860465
            ],
            "recall": [
                0.9176470588235294,
                0.8666666666666667
            ]
        },
        "spouse": {
            "f1_score": [
                0.923076923076923,
                0.901185770750988
            ],
            "num_actual": [
                255,
                255
            ],
            "num_correct": [
                236,
                228
            ],
            "num_predicted": [
                259,
                251
            ],
            "precision": [
                0.9285714285714286,
                0.9073359073359073
            ],
            "recall": [
                0.9254901960784314,
                0.8941176470588236
            ]
        }
    },
    "stddevs": {
        "birthdate": {
            "f1_score": 0.009911101338343069,
            "num_actual": 0.0,
            "num_correct": 4.358898943540674,
            "num_predicted": 6.760177512462228,
            "precision": 0.01257992250838619,
            "recall": 0.017093721347218357
        },
        "birthplace": {
            "f1_score": 0.010344116475409955,
            "num_actual": 0.0,
            "num_correct": 0.8366600265340756,
            "num_predicted": 6.324555320336759,
            "precision": 0.021217415452819494,
            "recall": 0.0032810197118983237
        },
        "hypernym": {
            "f1_score": 0.007256818075116828,
            "num_actual": 0.0,
            "num_correct": 5.244044240850758,
            "num_predicted": 8.61974477580398,
            "precision": 0.01318168738256384,
            "recall": 0.0205648793758853
        },
        "spouse": {
            "f1_score": 0.00934250590502189,
            "num_actual": 0.0,
            "num_correct": 3.4351128074635335,
            "num_predicted": 3.6469165057620936,
            "precision": 0.008837077789636029,
            "recall": 0.013471030617504034
        }
    }
}