{
    "means": {
        "birthdate": {
            "f1_score": 0.7623980417664383,
            "num_actual": 523.0,
            "num_correct": 435.0,
            "num_predicted": 617.6,
            "precision": 0.7044271344839239,
            "recall": 0.8317399617590824
        },
        "birthplace": {
            "f1_score": 0.703530194725243,
            "num_actual": 523.0,
            "num_correct": 356.20000000000005,
            "num_predicted": 489.20000000000005,
            "precision": 0.7289254610378962,
            "recall": 0.6810707456978967
        },
        "hypernym": {
            "f1_score": 0.7036606028499086,
            "num_actual": 523.0,
            "num_correct": 336.8,
            "num_predicted": 434.4,
            "precision": 0.7785480073024118,
            "recall": 0.6439770554493308
        },
        "spouse": {
            "f1_score": 0.8088684776848292,
            "num_actual": 523.0,
            "num_correct": 439.8,
            "num_predicted": 564.4,
            "precision": 0.7794388306440869,
            "recall": 0.8409177820267687
        }
    },
    "ranges": {
        "birthdate": {
            "f1_score": [
                0.7803223070398642,
                0.7424511545293073
            ],
            "num_actual": [
                523,
                523
            ],
            "num_correct": [
                460,
                409
            ],
            "num_predicted": [
                656,
                577
            ],
            "precision": [
                0.7154605263157895,
                0.693200663349917
            ],
            "recall": [
                0.8795411089866156,
                0.7820267686424475
            ]
        },
        "birthplace": {
            "f1_score": [
                0.7303822937625755,
                0.6701244813278008
            ],
            "num_actual": [
                523,
                523
            ],
            "num_correct": [
                372,
                323
            ],
            "num_predicted": [
                518,
                441
            ],
            "precision": [
                0.7707006369426752,
                0.7084942084942085
            ],
            "recall": [
                0.7112810707456979,
                0.6175908221797323
            ]
        },
        "hypernym": {
            "f1_score": [
                0.7156348373557188,
                0.6911618669314797
            ],
            "num_actual": [
                523,
                523
            ],
            "num_correct": [
                348,
                314
            ],
            "num_predicted": [
                484,
                381
            ],
            "precision": [
                0.8241469816272966,
                0.71900826446281
            ],
            "recall": [
                0.6653919694072657,
                0.6003824091778203
            ]
        },
        "spouse": {
            "f1_score": [
                0.8143497757847532,
                0.7992633517495397
            ],
            "num_actual": [
                523,
                523
            ],
            "num_correct": [
                454,
                433
            ],
            "num_predicted": [
                592,
                550
            ],
            "precision": [
                0.7894736842105263,
                0.7668918918918919
            ],
            "recall": [
                0.8680688336520076,
                0.8279158699808795
            ]
        }
    },
    "stddevs": {
        "birthdate": {
            "f1_score": 0.018114156796108935,
            "num_actual": 0.0,
            "num_correct": 21.874642854227357,
            "num_predicted": 32.11385993617086,
            "precision": 0.008344808325241128,
            "recall": 0.04182532094498535
        },
        "birthplace": {
            "f1_score": 0.022373236707205063,
            "num_actual": 0.0,
            "num_correct": 19.46021582614129,
            "num_predicted": 33.13155595501062,
            "precision": 0.024944396225554756,
            "recall": 0.03720882567139829
        },
        "hypernym": {
            "f1_score": 0.010961640353225372,
            "num_actual": 0.0,
            "num_correct": 13.917614738165444,
            "num_predicted": 40.82033806817381,
            "precision": 0.04383667398366922,
            "recall": 0.02661111804620543
        },
        "spouse": {
            "f1_score": 0.006107333971312187,
            "num_actual": 0.0,
            "num_correct": 8.871302046486749,
            "num_predicted": 16.979399282660147,
            "precision": 0.010043081099608728,
            "recall": 0.01696233660896127
        }
    }
}