{
    "means": {
        "birthdate": {
            "f1_score": 0.744428667863868,
            "num_actual": 268.0,
            "num_correct": 218.0,
            "num_predicted": 317.4,
            "precision": 0.686848071322743,
            "recall": 0.8134328358208955
        },
        "birthplace": {
            "f1_score": 0.6939074204970727,
            "num_actual": 268.0,
            "num_correct": 181.2,
            "num_predicted": 254.0,
            "precision": 0.7134286165402033,
            "recall": 0.6761194029850747
        },
        "hypernym": {
            "f1_score": 0.6842577784862438,
            "num_actual": 268.0,
            "num_correct": 168.20000000000002,
            "num_predicted": 223.8,
            "precision": 0.7542890315058274,
            "recall": 0.6276119402985074
        },
        "spouse": {
            "f1_score": 0.7748650211267145,
            "num_actual": 268.0,
            "num_correct": 215.4,
            "num_predicted": 288.0,
            "precision": 0.7482390514360285,
            "recall": 0.8037313432835822
        }
    },
    "ranges": {
        "birthdate": {
            "f1_score": [
                0.7656765676567656,
                0.724137931034483
            ],
            "num_actual": [
                268,
                268
            ],
            "num_correct": [
                232,
                205
            ],
            "num_predicted": [
                338,
                297
            ],
            "precision": [
                0.6955128205128205,
                0.6730769230769231
            ],
            "recall": [
                0.8656716417910447,
                0.7649253731343284
            ]
        },
        "birthplace": {
            "f1_score": [
                0.72936660268714,
                0.654690618762475
            ],
            "num_actual": [
                268,
                268
            ],
            "num_correct": [
                190,
                164
            ],
            "num_predicted": [
                267,
                233
            ],
            "precision": [
                0.7509881422924901,
                0.7022900763358778
            ],
            "recall": [
                0.7089552238805971,
                0.6119402985074627
            ]
        },
        "hypernym": {
            "f1_score": [
                0.6916666666666667,
                0.6718446601941748
            ],
            "num_actual": [
                268,
                268
            ],
            "num_correct": [
                173,
                162
            ],
            "num_predicted": [
                247,
                201
            ],
            "precision": [
                0.8059701492537313,
                0.7004048582995951
            ],
            "recall": [
                0.6455223880597015,
                0.6044776119402985
            ]
        },
        "spouse": {
            "f1_score": [
                0.7818181818181819,
                0.763765541740675
            ],
            "num_actual": [
                268,
                268
            ],
            "num_correct": [
                220,
                213
            ],
            "num_predicted": [
                299,
                282
            ],
            "precision": [
                0.7624113475177305,
                0.7288135593220338
            ],
            "recall": [
                0.8208955223880597,
                0.7947761194029851
            ]
        }
    },
    "stddevs": {
        "birthdate": {
            "f1_score": 0.01887465045604185,
            "num_actual": 0.0,
            "num_correct": 11.113055385446435,
            "num_predicted": 15.899685531481431,
            "precision": 0.00838367565890638,
            "recall": 0.041466624572561284
        },
        "birthplace": {
            "f1_score": 0.02695216754194156,
            "num_actual": 0.0,
            "num_correct": 10.35374328443583,
            "num_predicted": 13.0,
            "precision": 0.02103504091037285,
            "recall": 0.038633370464312804
        },
        "hypernym": {
            "f1_score": 0.009081049318920478,
            "num_actual": 0.0,
            "num_correct": 4.266145801540309,
            "num_predicted": 18.047160441465575,
            "precision": 0.04234949067282366,
            "recall": 0.01591845448335939
        },
        "spouse": {
            "f1_score": 0.0067817504282836555,
            "num_actual": 0.0,
            "num_correct": 2.701851217221259,
            "num_predicted": 8.336666000266533,
            "precision": 0.014969362170712321,
            "recall": 0.010081534392616652
        }
    }
}