{
    "means": {
        "birthdate": {
            "f1_score": 0.036914930364962295,
            "precision": 0.03618595064036485,
            "recall": 0.03754755633596722
        },
        "birthplace": {
            "f1_score": 0.01982634131011709,
            "precision": 0.0326098580696097,
            "recall": 0.010155106818846927
        },
        "hypernym": {
            "f1_score": 0.03983221389035616,
            "precision": 0.05018567315299769,
            "recall": 0.03356453028972779
        },
        "spouse": {
            "f1_score": 0.06959767312892914,
            "precision": 0.06397549925949957,
            "recall": 0.0762686567164179
        }
    },
    "ranges": {
        "birthdate": {
            "f1_score": [
                0.04301270417422853,
                0.030134950667841776
            ],
            "precision": [
                0.041699709225482384,
                0.029330040135844504
            ],
            "recall": [
                0.046912496341820265,
                0.02844600526777885
            ]
        },
        "birthplace": {
            "f1_score": [
                0.03213443523320525,
                0.0021344543953124573
            ],
            "precision": [
                0.06056041597887085,
                0.012553673664122189
            ],
            "recall": [
                0.031079894644424955,
                -0.030523851331577423
            ]
        },
        "hypernym": {
            "f1_score": [
                0.05382308845577222,
                0.008019018209445394
            ],
            "precision": [
                0.07859078590785906,
                0.037991766172978725
            ],
            "recall": [
                0.05978928884986823,
                -0.008399180567749465
            ]
        },
        "spouse": {
            "f1_score": [
                0.07800048919270319,
                0.06419294990723556
            ],
            "precision": [
                0.08835061978244374,
                0.0404055538907202
            ],
            "recall": [
                0.09675153643546963,
                0.05658472344161536
            ]
        }
    },
    "stddevs": {
        "birthdate": {
            "f1_score": 0.0045804304335181276,
            "precision": 0.005836454443086272,
            "recall": 0.008137153464301319
        },
        "birthplace": {
            "f1_score": 0.011092143478793037,
            "precision": 0.019355141171692774,
            "recall": 0.02378893072646599
        },
        "hypernym": {
            "f1_score": 0.01870583023221817,
            "precision": 0.01695717792213075,
            "recall": 0.025208680331660693
        },
        "spouse": {
            "f1_score": 0.005979812526861454,
            "precision": 0.01699380644010457,
            "recall": 0.017214320541377597
        }
    }
}