{
    "means": {
        "birthdate": {
            "f1_score": 0.7813435982288303,
            "num_actual": 255.0,
            "num_correct": 216.99999999999997,
            "num_predicted": 300.2,
            "precision": 0.7230340219631077,
            "recall": 0.8509803921568628
        },
        "birthplace": {
            "f1_score": 0.7137337618071897,
            "num_actual": 255.0,
            "num_correct": 175.0,
            "num_predicted": 235.2,
            "precision": 0.746038474609813,
            "recall": 0.6862745098039216
        },
        "hypernym": {
            "f1_score": 0.7240899923766,
            "num_actual": 255.0,
            "num_correct": 168.60000000000002,
            "num_predicted": 210.60000000000002,
            "precision": 0.8044747046588251,
            "recall": 0.6611764705882354
        },
        "spouse": {
            "f1_score": 0.8444626942556437,
            "num_actual": 255.0,
            "num_correct": 224.40000000000003,
            "num_predicted": 276.4,
            "precision": 0.8122145506955281,
            "recall": 0.8799999999999999
        }
    },
    "ranges": {
        "birthdate": {
            "f1_score": [
                0.7958115183246074,
                0.761904761904762
            ],
            "num_actual": [
                255,
                255
            ],
            "num_correct": [
                228,
                204
            ],
            "num_predicted": [
                318,
                280
            ],
            "precision": [
                0.7364864864864865,
                0.7147766323024055
            ],
            "recall": [
                0.8941176470588236,
                0.8
            ]
        },
        "birthplace": {
            "f1_score": [
                0.7315010570824525,
                0.6868250539956803
            ],
            "num_actual": [
                255,
                255
            ],
            "num_correct": [
                184,
                159
            ],
            "num_predicted": [
                256,
                208
            ],
            "precision": [
                0.7935779816513762,
                0.71484375
            ],
            "recall": [
                0.7215686274509804,
                0.6235294117647059
            ]
        },
        "hypernym": {
            "f1_score": [
                0.7434782608695653,
                0.6988505747126437
            ],
            "num_actual": [
                255,
                255
            ],
            "num_correct": [
                177,
                152
            ],
            "num_predicted": [
                237,
                180
            ],
            "precision": [
                0.8444444444444444,
                0.7383966244725738
            ],
            "recall": [
                0.6941176470588235,
                0.596078431372549
            ]
        },
        "spouse": {
            "f1_score": [
                0.8540145985401459,
                0.8374760994263862
            ],
            "num_actual": [
                255,
                255
            ],
            "num_correct": [
                234,
                219
            ],
            "num_predicted": [
                293,
                268
            ],
            "precision": [
                0.8215613382899628,
                0.7986348122866894
            ],
            "recall": [
                0.9176470588235294,
                0.8588235294117647
            ]
        }
    },
    "stddevs": {
        "birthdate": {
            "f1_score": 0.017506577392049204,
            "num_actual": 0.0,
            "num_correct": 10.862780491200215,
            "num_predicted": 16.407315441594946,
            "precision": 0.009197176347746904,
            "recall": 0.042599139181177303
        },
        "birthplace": {
            "f1_score": 0.017867936281744684,
            "num_actual": 0.0,
            "num_correct": 10.074720839804943,
            "num_predicted": 21.087911228948208,
            "precision": 0.032452995992722486,
            "recall": 0.03950870917570565
        },
        "hypernym": {
            "f1_score": 0.018511887934382926,
            "num_actual": 0.0,
            "num_correct": 9.91463564635635,
            "num_predicted": 23.09328906847182,
            "precision": 0.0475540607972399,
            "recall": 0.03888092410335823
        },
        "spouse": {
            "f1_score": 0.006191835992296282,
            "num_actual": 0.0,
            "num_correct": 6.4265076052238514,
            "num_predicted": 11.502173707608488,
            "precision": 0.01072317159967246,
            "recall": 0.025201990608720977
        }
    }
}