{
    "means": {
        "birthdate": {
            "f1_score": 0.9422311092944162,
            "num_actual": 523.0,
            "num_correct": 507.40000000000003,
            "num_predicted": 554.0,
            "precision": 0.915920293071033,
            "recall": 0.9701720841300191
        },
        "birthplace": {
            "f1_score": 0.881431430122496,
            "num_actual": 523.0,
            "num_correct": 451.19999999999993,
            "num_predicted": 500.79999999999995,
            "precision": 0.9011481392279087,
            "recall": 0.8627151051625239
        },
        "hypernym": {
            "f1_score": 0.9100203953000058,
            "num_actual": 523.0,
            "num_correct": 473.20000000000005,
            "num_predicted": 517.0,
            "precision": 0.9154422682782262,
            "recall": 0.9047801147227532
        },
        "spouse": {
            "f1_score": 0.9163948180754629,
            "num_actual": 523.0,
            "num_correct": 480.0,
            "num_predicted": 524.6,
            "precision": 0.9151267073387201,
            "recall": 0.9177820267686424
        }
    },
    "ranges": {
        "birthdate": {
            "f1_score": [
                0.9460966542750929,
                0.9352112676056338
            ],
            "num_actual": [
                523,
                523
            ],
            "num_correct": [
                511,
                498
            ],
            "num_predicted": [
                562,
                542
            ],
            "precision": [
                0.9204339963833634,
                0.9092526690391459
            ],
            "recall": [
                0.9770554493307839,
                0.9521988527724665
            ]
        },
        "birthplace": {
            "f1_score": [
                0.8908382066276803,
                0.8671875
            ],
            "num_actual": [
                523,
                523
            ],
            "num_correct": [
                458,
                444
            ],
            "num_predicted": [
                516,
                486
            ],
            "precision": [
                0.9197530864197531,
                0.8862275449101796
            ],
            "recall": [
                0.875717017208413,
                0.8489483747609943
            ]
        },
        "hypernym": {
            "f1_score": [
                0.9202689721421711,
                0.9023696682464455
            ],
            "num_actual": [
                523,
                523
            ],
            "num_correct": [
                479,
                469
            ],
            "num_predicted": [
                532,
                508
            ],
            "precision": [
                0.9251968503937008,
                0.8947368421052632
            ],
            "recall": [
                0.9158699808795411,
                0.8967495219885278
            ]
        },
        "spouse": {
            "f1_score": [
                0.9217557251908396,
                0.9123468426013195
            ],
            "num_actual": [
                523,
                523
            ],
            "num_correct": [
                484,
                475
            ],
            "num_predicted": [
                538,
                512
            ],
            "precision": [
                0.927734375,
                0.8996282527881041
            ],
            "recall": [
                0.9254302103250478,
                0.9082217973231358
            ]
        }
    },
    "stddevs": {
        "birthdate": {
            "f1_score": 0.004199878188566279,
            "num_actual": 0.0,
            "num_correct": 5.319774431308154,
            "num_predicted": 7.516648189186454,
            "precision": 0.004428241461109129,
            "recall": 0.010171652832329176
        },
        "birthplace": {
            "f1_score": 0.008839154775637893,
            "num_actual": 0.0,
            "num_correct": 6.1400325732035,
            "num_predicted": 10.756393447619885,
            "precision": 0.014258816942356003,
            "recall": 0.01174002404054207
        },
        "hypernym": {
            "f1_score": 0.006630860537204647,
            "num_actual": 0.0,
            "num_correct": 4.207136793592526,
            "num_predicted": 9.433981132056603,
            "precision": 0.012582547554300143,
            "recall": 0.00804423861107556
        },
        "spouse": {
            "f1_score": 0.003785616992557385,
            "num_actual": 0.0,
            "num_correct": 3.605551275463989,
            "num_predicted": 9.316651759081692,
            "precision": 0.010597366359188592,
            "recall": 0.006893979494195001
        }
    }
}