{
    "means": {
        "birthdate": {
            "f1_score": 0.9416065342817475,
            "num_actual": 268.0,
            "num_correct": 258.0,
            "num_predicted": 280.0,
            "precision": 0.9215669478319408,
            "recall": 0.9626865671641791
        },
        "birthplace": {
            "f1_score": 0.8770068468729185,
            "num_actual": 268.0,
            "num_correct": 228.79999999999998,
            "num_predicted": 253.8,
            "precision": 0.9020322971609263,
            "recall": 0.8537313432835821
        },
        "hypernym": {
            "f1_score": 0.9122813162360079,
            "num_actual": 268.0,
            "num_correct": 245.39999999999998,
            "num_predicted": 270.0,
            "precision": 0.9090561228058281,
            "recall": 0.9156716417910449
        },
        "spouse": {
            "f1_score": 0.9045905875162853,
            "num_actual": 268.0,
            "num_correct": 243.6,
            "num_predicted": 270.59999999999997,
            "precision": 0.9005377294159254,
            "recall": 0.9089552238805971
        }
    },
    "ranges": {
        "birthdate": {
            "f1_score": [
                0.9431192660550459,
                0.9403254972875226
            ],
            "num_actual": [
                268,
                268
            ],
            "num_correct": [
                260,
                254
            ],
            "num_predicted": [
                285,
                272
            ],
            "precision": [
                0.9338235294117647,
                0.9122807017543859
            ],
            "recall": [
                0.9701492537313433,
                0.9477611940298507
            ]
        },
        "birthplace": {
            "f1_score": [
                0.8871892925430209,
                0.8587786259541985
            ],
            "num_actual": [
                268,
                268
            ],
            "num_correct": [
                234,
                225
            ],
            "num_predicted": [
                266,
                242
            ],
            "precision": [
                0.9297520661157025,
                0.87890625
            ],
            "recall": [
                0.8731343283582089,
                0.8395522388059702
            ]
        },
        "hypernym": {
            "f1_score": [
                0.9199255121042831,
                0.9084112149532712
            ],
            "num_actual": [
                268,
                268
            ],
            "num_correct": [
                248,
                243
            ],
            "num_predicted": [
                278,
                264
            ],
            "precision": [
                0.9204545454545454,
                0.8920863309352518
            ],
            "recall": [
                0.9253731343283582,
                0.9067164179104478
            ]
        },
        "spouse": {
            "f1_score": [
                0.9165120593692022,
                0.896551724137931
            ],
            "num_actual": [
                268,
                268
            ],
            "num_correct": [
                247,
                239
            ],
            "num_predicted": [
                283,
                263
            ],
            "precision": [
                0.9114391143911439,
                0.872791519434629
            ],
            "recall": [
                0.9216417910447762,
                0.8917910447761194
            ]
        }
    },
    "stddevs": {
        "birthdate": {
            "f1_score": 0.0011070536766314208,
            "num_actual": 0.0,
            "num_correct": 2.5495097567963922,
            "num_predicted": 5.431390245600108,
            "precision": 0.008971552714031017,
            "recall": 0.009513096107449243
        },
        "birthplace": {
            "f1_score": 0.010906388212009266,
            "num_actual": 0.0,
            "num_correct": 4.08656334834051,
            "num_predicted": 8.78635305459552,
            "precision": 0.022145642762567322,
            "recall": 0.015248370702763058
        },
        "hypernym": {
            "f1_score": 0.004775496777018972,
            "num_actual": 0.0,
            "num_correct": 2.3021728866442674,
            "num_predicted": 5.338539126015656,
            "precision": 0.01145076242944534,
            "recall": 0.008590197338224885
        },
        "spouse": {
            "f1_score": 0.0075220141297636395,
            "num_actual": 0.0,
            "num_correct": 3.4351128074635335,
            "num_predicted": 7.536577472566709,
            "precision": 0.015794947171230988,
            "recall": 0.012817585102475902
        }
    }
}