{
    "means": {
        "birthdate": {
            "f1_score": 0.0012813655821956706,
            "precision": -0.01134217900653065,
            "recall": 0.015352648522095393
        },
        "birthplace": {
            "f1_score": 0.009081986966938493,
            "precision": -0.001230703714635672,
            "recall": 0.018425519461515917
        },
        "hypernym": {
            "f1_score": -0.004696350106867153,
            "precision": 0.013477349529079417,
            "recall": -0.022338308457711453
        },
        "spouse": {
            "f1_score": 0.024303417574335476,
            "precision": 0.03024599371187997,
            "recall": 0.01810359964881474
        }
    },
    "ranges": {
        "birthdate": {
            "f1_score": [
                0.0060332763178354565,
                -0.011216931216931236
            ],
            "precision": [
                0.0033262304454030334,
                -0.030119825708061043
            ],
            "recall": [
                0.029280070237050038,
                0.006321334503950782
            ]
        },
        "birthplace": {
            "f1_score": [
                0.017221374045801485,
                -0.0017267180844939833
            ],
            "precision": [
                0.01630075187969926,
                -0.05084581611570249
            ],
            "recall": [
                0.042800702370500376,
                0.005297044190810674
            ]
        },
        "hypernym": {
            "f1_score": [
                0.0007094085306376119,
                -0.012550645163611818
            ],
            "precision": [
                0.03256302521008403,
                0.005551464340338708
            ],
            "recall": [
                -0.00867720222417323,
                -0.043400643839625386
            ]
        },
        "spouse": {
            "f1_score": [
                0.03631961259079908,
                -0.006708137800574776
            ],
            "precision": [
                0.05662024527125342,
                -0.0016351928225164514
            ],
            "recall": [
                0.03446005267778751,
                -0.011837869476148732
            ]
        }
    },
    "stddevs": {
        "birthdate": {
            "f1_score": 0.007070725509495986,
            "precision": 0.012367563023189112,
            "recall": 0.008979050449096101
        },
        "birthplace": {
            "f1_score": 0.006992310341486298,
            "precision": 0.028848639551359533,
            "recall": 0.014810051447735431
        },
        "hypernym": {
            "f1_score": 0.005130275818830796,
            "precision": 0.011154332260799177,
            "recall": 0.01461054289775164
        },
        "spouse": {
            "f1_score": 0.017885585554741623,
            "precision": 0.02154404102605069,
            "recall": 0.019895376477904354
        }
    }
}