{
    "means": {
        "birthdate": {
            "f1_score": 0.9428878998639432,
            "num_actual": 255.0,
            "num_correct": 249.39999999999998,
            "num_predicted": 274.0,
            "precision": 0.9102247688254101,
            "recall": 0.9780392156862745
        },
        "birthplace": {
            "f1_score": 0.886088833839857,
            "num_actual": 255.0,
            "num_correct": 222.39999999999998,
            "num_predicted": 247.0,
            "precision": 0.9008015934462905,
            "recall": 0.872156862745098
        },
        "hypernym": {
            "f1_score": 0.9075849661291409,
            "num_actual": 255.0,
            "num_correct": 227.79999999999998,
            "num_predicted": 247.0,
            "precision": 0.9225334723349077,
            "recall": 0.8933333333333333
        },
        "spouse": {
            "f1_score": 0.9288940050906207,
            "num_actual": 255.0,
            "num_correct": 236.39999999999998,
            "num_predicted": 254.0,
            "precision": 0.9307837231278053,
            "recall": 0.9270588235294117
        }
    },
    "ranges": {
        "birthdate": {
            "f1_score": [
                0.9491525423728814,
                0.9295238095238095
            ],
            "num_actual": [
                255,
                255
            ],
            "num_correct": [
                252,
                244
            ],
            "num_predicted": [
                277,
                270
            ],
            "precision": [
                0.9188191881918819,
                0.9037037037037037
            ],
            "recall": [
                0.9882352941176471,
                0.9568627450980393
            ]
        },
        "birthplace": {
            "f1_score": [
                0.8946322067594432,
                0.876
            ],
            "num_actual": [
                255,
                255
            ],
            "num_correct": [
                225,
                219
            ],
            "num_predicted": [
                256,
                236
            ],
            "precision": [
                0.9279661016949152,
                0.87890625
            ],
            "recall": [
                0.8823529411764706,
                0.8588235294117647
            ]
        },
        "hypernym": {
            "f1_score": [
                0.9206349206349207,
                0.8958742632612966
            ],
            "num_actual": [
                255,
                255
            ],
            "num_correct": [
                232,
                223
            ],
            "num_predicted": [
                254,
                238
            ],
            "precision": [
                0.9369747899159664,
                0.8976377952755905
            ],
            "recall": [
                0.9098039215686274,
                0.8745098039215686
            ]
        },
        "spouse": {
            "f1_score": [
                0.9393346379647749,
                0.9098039215686274
            ],
            "num_actual": [
                255,
                255
            ],
            "num_correct": [
                240,
                232
            ],
            "num_predicted": [
                256,
                249
            ],
            "precision": [
                0.9477911646586346,
                0.9098039215686274
            ],
            "recall": [
                0.9411764705882353,
                0.9098039215686274
            ]
        }
    },
    "stddevs": {
        "birthdate": {
            "f1_score": 0.007740496555386648,
            "num_actual": 0.0,
            "num_correct": 3.2093613071762426,
            "num_predicted": 3.24037034920393,
            "precision": 0.005951659277547818,
            "recall": 0.0125857306163774
        },
        "birthplace": {
            "f1_score": 0.007767151617923469,
            "num_actual": 0.0,
            "num_correct": 3.1304951684997055,
            "num_predicted": 7.3484692283495345,
            "precision": 0.018234584275732456,
            "recall": 0.012276451641175332
        },
        "hypernym": {
            "f1_score": 0.0089636498954584,
            "num_actual": 0.0,
            "num_correct": 3.271085446759225,
            "num_predicted": 6.164414002968976,
            "precision": 0.015939765682698063,
            "recall": 0.012827786065722454
        },
        "spouse": {
            "f1_score": 0.01153197950652368,
            "num_actual": 0.0,
            "num_correct": 2.8809720581775866,
            "num_predicted": 2.8284271247461903,
            "precision": 0.013948817653604242,
            "recall": 0.011297929639912106
        }
    }
}