{"spouse": {"num_actual": 255, "f1_score": 0.9165048543689319, "num_correct": 236, "recall": 0.9254901960784314, "precision": 0.9076923076923077, "num_predicted": 260}, "hypernym": {"num_actual": 255, "f1_score": 0.9030927835051547, "num_correct": 219, "recall": 0.8588235294117647, "precision": 0.9521739130434783, "num_predicted": 230}, "birthdate": {"num_actual": 255, "f1_score": 0.9097744360902256, "num_correct": 242, "recall": 0.9490196078431372, "precision": 0.8736462093862816, "num_predicted": 277}, "birthplace": {"num_actual": 255, "f1_score": 0.86328125, "num_correct": 221, "recall": 0.8666666666666667, "precision": 0.8599221789883269, "num_predicted": 257}}