{"birthplace": {"num_correct": 205, "num_predicted": 231, "num_actual": 255, "precision": 0.8874458874458875, "recall": 0.803921568627451, "f1_score": 0.8436213991769548}, "birthdate": {"num_correct": 238, "num_predicted": 274, "num_actual": 255, "precision": 0.8686131386861314, "recall": 0.9333333333333333, "f1_score": 0.8998109640831758}, "hypernym": {"num_correct": 228, "num_predicted": 256, "num_actual": 255, "precision": 0.890625, "recall": 0.8941176470588236, "f1_score": 0.8923679060665363}, "spouse": {"num_correct": 234, "num_predicted": 262, "num_actual": 255, "precision": 0.8931297709923665, "recall": 0.9176470588235294, "f1_score": 0.9052224371373307}}