{"birthplace": {"num_correct": 202, "num_predicted": 228, "num_actual": 255, "precision": 0.8859649122807017, "recall": 0.792156862745098, "f1_score": 0.8364389233954451}, "birthdate": {"num_correct": 246, "num_predicted": 275, "num_actual": 255, "precision": 0.8945454545454545, "recall": 0.9647058823529412, "f1_score": 0.9283018867924527}, "hypernym": {"num_correct": 226, "num_predicted": 259, "num_actual": 255, "precision": 0.8725868725868726, "recall": 0.8862745098039215, "f1_score": 0.8793774319066148}, "spouse": {"num_correct": 236, "num_predicted": 265, "num_actual": 255, "precision": 0.8905660377358491, "recall": 0.9254901960784314, "f1_score": 0.9076923076923077}}