{"birthplace": {"num_correct": 234, "num_predicted": 266, "num_actual": 268, "precision": 0.8796992481203008, "recall": 0.8731343283582089, "f1_score": 0.8764044943820225}, "birthdate": {"num_correct": 259, "num_predicted": 282, "num_actual": 268, "precision": 0.9184397163120568, "recall": 0.9664179104477612, "f1_score": 0.9418181818181818}, "hypernym": {"num_correct": 243, "num_predicted": 267, "num_actual": 268, "precision": 0.9101123595505618, "recall": 0.9067164179104478, "f1_score": 0.9084112149532712}, "spouse": {"num_correct": 239, "num_predicted": 263, "num_actual": 268, "precision": 0.908745247148289, "recall": 0.8917910447761194, "f1_score": 0.9001883239171374}}