{"birthplace": {"num_correct": 209, "num_predicted": 236, "num_actual": 255, "precision": 0.885593220338983, "recall": 0.8196078431372549, "f1_score": 0.8513238289205703}, "birthdate": {"num_correct": 245, "num_predicted": 285, "num_actual": 255, "precision": 0.8596491228070176, "recall": 0.9607843137254902, "f1_score": 0.9074074074074074}, "hypernym": {"num_correct": 227, "num_predicted": 261, "num_actual": 255, "precision": 0.8697318007662835, "recall": 0.8901960784313725, "f1_score": 0.8798449612403101}, "spouse": {"num_correct": 221, "num_predicted": 242, "num_actual": 255, "precision": 0.9132231404958677, "recall": 0.8666666666666667, "f1_score": 0.8893360160965794}}