{"birthplace": {"num_correct": 225, "num_predicted": 253, "num_actual": 268, "precision": 0.8893280632411067, "recall": 0.8395522388059702, "f1_score": 0.8637236084452975}, "birthdate": {"num_correct": 258, "num_predicted": 296, "num_actual": 268, "precision": 0.8716216216216216, "recall": 0.9626865671641791, "f1_score": 0.9148936170212765}, "hypernym": {"num_correct": 242, "num_predicted": 272, "num_actual": 268, "precision": 0.8897058823529411, "recall": 0.9029850746268657, "f1_score": 0.8962962962962964}, "spouse": {"num_correct": 222, "num_predicted": 250, "num_actual": 268, "precision": 0.888, "recall": 0.8283582089552238, "f1_score": 0.8571428571428572}}