{"birthplace": {"num_correct": 184, "num_predicted": 226, "num_actual": 268, "precision": 0.8141592920353983, "recall": 0.6865671641791045, "f1_score": 0.7449392712550607}, "birthdate": {"num_correct": 237, "num_predicted": 338, "num_actual": 268, "precision": 0.7011834319526628, "recall": 0.8843283582089553, "f1_score": 0.7821782178217823}, "hypernym": {"num_correct": 172, "num_predicted": 211, "num_actual": 268, "precision": 0.8151658767772512, "recall": 0.6417910447761194, "f1_score": 0.7181628392484343}, "spouse": {"num_correct": 232, "num_predicted": 308, "num_actual": 268, "precision": 0.7532467532467533, "recall": 0.8656716417910447, "f1_score": 0.8055555555555556}}