{"birthplace": {"num_correct": 206, "num_predicted": 244, "num_actual": 255, "precision": 0.8442622950819673, "recall": 0.807843137254902, "f1_score": 0.8256513026052105}, "birthdate": {"num_correct": 250, "num_predicted": 283, "num_actual": 255, "precision": 0.8833922261484098, "recall": 0.9803921568627451, "f1_score": 0.929368029739777}, "hypernym": {"num_correct": 211, "num_predicted": 234, "num_actual": 255, "precision": 0.9017094017094017, "recall": 0.8274509803921568, "f1_score": 0.8629856850715746}, "spouse": {"num_correct": 234, "num_predicted": 259, "num_actual": 255, "precision": 0.9034749034749034, "recall": 0.9176470588235294, "f1_score": 0.9105058365758755}}