{"birthplace": {"num_correct": 231, "num_predicted": 303, "num_actual": 268, "precision": 0.7623762376237624, "recall": 0.8619402985074627, "f1_score": 0.8091068301225919}, "birthdate": {"num_correct": 222, "num_predicted": 252, "num_actual": 268, "precision": 0.8809523809523809, "recall": 0.8283582089552238, "f1_score": 0.8538461538461538}, "hypernym": {"num_correct": 232, "num_predicted": 260, "num_actual": 268, "precision": 0.8923076923076924, "recall": 0.8656716417910447, "f1_score": 0.8787878787878788}, "spouse": {"num_correct": 229, "num_predicted": 268, "num_actual": 268, "precision": 0.8544776119402985, "recall": 0.8544776119402985, "f1_score": 0.8544776119402986}}