{"birthplace": {"num_correct": 181, "num_predicted": 234, "num_actual": 255, "precision": 0.7735042735042735, "recall": 0.7098039215686275, "f1_score": 0.7402862985685073}, "birthdate": {"num_correct": 228, "num_predicted": 309, "num_actual": 255, "precision": 0.7378640776699029, "recall": 0.8941176470588236, "f1_score": 0.8085106382978723}, "hypernym": {"num_correct": 175, "num_predicted": 211, "num_actual": 255, "precision": 0.8293838862559242, "recall": 0.6862745098039216, "f1_score": 0.7510729613733906}, "spouse": {"num_correct": 229, "num_predicted": 273, "num_actual": 255, "precision": 0.8388278388278388, "recall": 0.8980392156862745, "f1_score": 0.8674242424242424}}