{"birthplace": {"num_correct": 216, "num_predicted": 242, "num_actual": 255, "precision": 0.8925619834710744, "recall": 0.8470588235294118, "f1_score": 0.869215291750503}, "birthdate": {"num_correct": 245, "num_predicted": 271, "num_actual": 255, "precision": 0.9040590405904059, "recall": 0.9607843137254902, "f1_score": 0.9315589353612167}, "hypernym": {"num_correct": 229, "num_predicted": 250, "num_actual": 255, "precision": 0.916, "recall": 0.8980392156862745, "f1_score": 0.906930693069307}, "spouse": {"num_correct": 237, "num_predicted": 261, "num_actual": 255, "precision": 0.9080459770114943, "recall": 0.9294117647058824, "f1_score": 0.9186046511627908}}