{"birthplace": {"num_correct": 159, "num_predicted": 221, "num_actual": 255, "precision": 0.7194570135746606, "recall": 0.6235294117647059, "f1_score": 0.6680672268907563}, "birthdate": {"num_correct": 215, "num_predicted": 281, "num_actual": 255, "precision": 0.7651245551601423, "recall": 0.8431372549019608, "f1_score": 0.8022388059701492}, "hypernym": {"num_correct": 185, "num_predicted": 279, "num_actual": 255, "precision": 0.6630824372759857, "recall": 0.7254901960784313, "f1_score": 0.6928838951310862}, "spouse": {"num_correct": 208, "num_predicted": 244, "num_actual": 255, "precision": 0.8524590163934426, "recall": 0.8156862745098039, "f1_score": 0.8336673346693387}}