{"birthplace": {"num_correct": 196, "num_predicted": 305, "num_actual": 268, "precision": 0.6426229508196721, "recall": 0.7313432835820896, "f1_score": 0.6841186736474695}, "birthdate": {"num_correct": 186, "num_predicted": 251, "num_actual": 268, "precision": 0.7410358565737052, "recall": 0.6940298507462687, "f1_score": 0.7167630057803467}, "hypernym": {"num_correct": 182, "num_predicted": 250, "num_actual": 268, "precision": 0.728, "recall": 0.6791044776119403, "f1_score": 0.7027027027027027}, "spouse": {"num_correct": 210, "num_predicted": 270, "num_actual": 268, "precision": 0.7777777777777778, "recall": 0.7835820895522388, "f1_score": 0.7806691449814127}}