{"birthplace": {"num_correct": 201, "num_predicted": 236, "num_actual": 255, "precision": 0.8516949152542372, "recall": 0.788235294117647, "f1_score": 0.8187372708757636}, "birthdate": {"num_correct": 239, "num_predicted": 275, "num_actual": 255, "precision": 0.8690909090909091, "recall": 0.9372549019607843, "f1_score": 0.9018867924528302}, "hypernym": {"num_correct": 221, "num_predicted": 250, "num_actual": 255, "precision": 0.884, "recall": 0.8666666666666667, "f1_score": 0.8752475247524752}, "spouse": {"num_correct": 228, "num_predicted": 255, "num_actual": 255, "precision": 0.8941176470588236, "recall": 0.8941176470588236, "f1_score": 0.8941176470588236}}