{"birthplace": {"num_correct": 173, "num_predicted": 218, "num_actual": 255, "precision": 0.7935779816513762, "recall": 0.6784313725490196, "f1_score": 0.7315010570824525}, "birthdate": {"num_correct": 228, "num_predicted": 318, "num_actual": 255, "precision": 0.7169811320754716, "recall": 0.8941176470588236, "f1_score": 0.7958115183246074}, "hypernym": {"num_correct": 168, "num_predicted": 201, "num_actual": 255, "precision": 0.835820895522388, "recall": 0.6588235294117647, "f1_score": 0.7368421052631579}, "spouse": {"num_correct": 228, "num_predicted": 284, "num_actual": 255, "precision": 0.8028169014084507, "recall": 0.8941176470588236, "f1_score": 0.8460111317254174}}