{"birthplace": {"f1_score": 0.8671586715867159, "num_correct": 235, "precision": 0.8576642335766423, "recall": 0.8768656716417911, "num_actual": 268, "num_predicted": 274}, "hypernym": {"f1_score": 0.9067164179104478, "num_correct": 243, "precision": 0.9067164179104478, "recall": 0.9067164179104478, "num_actual": 268, "num_predicted": 268}, "birthdate": {"f1_score": 0.9253731343283582, "num_correct": 248, "precision": 0.9253731343283582, "recall": 0.9253731343283582, "num_actual": 268, "num_predicted": 268}, "spouse": {"f1_score": 0.8851851851851852, "num_correct": 239, "precision": 0.8786764705882353, "recall": 0.8917910447761194, "num_actual": 268, "num_predicted": 272}}