{"birthplace": {"num_actual": 268, "num_correct": 226, "f1_score": 0.8417132216014896, "precision": 0.8401486988847584, "num_predicted": 269, "recall": 0.8432835820895522}, "birthdate": {"num_actual": 268, "num_correct": 255, "f1_score": 0.9172661870503598, "precision": 0.8854166666666666, "num_predicted": 288, "recall": 0.9514925373134329}, "spouse": {"num_actual": 268, "num_correct": 230, "f1_score": 0.8778625954198473, "precision": 0.8984375, "num_predicted": 256, "recall": 0.8582089552238806}, "hypernym": {"num_actual": 268, "num_correct": 232, "f1_score": 0.8640595903165734, "precision": 0.862453531598513, "num_predicted": 269, "recall": 0.8656716417910447}}