{"birthplace": {"num_correct": 222, "num_predicted": 257, "num_actual": 268, "precision": 0.8638132295719845, "recall": 0.8283582089552238, "f1_score": 0.8457142857142856}, "birthdate": {"num_correct": 246, "num_predicted": 279, "num_actual": 268, "precision": 0.8817204301075269, "recall": 0.917910447761194, "f1_score": 0.8994515539305302}, "hypernym": {"num_correct": 244, "num_predicted": 276, "num_actual": 268, "precision": 0.8840579710144928, "recall": 0.9104477611940298, "f1_score": 0.8970588235294118}, "spouse": {"num_correct": 230, "num_predicted": 267, "num_actual": 268, "precision": 0.8614232209737828, "recall": 0.8582089552238806, "f1_score": 0.8598130841121496}}