{"birthplace": {"num_correct": 230, "num_predicted": 266, "num_actual": 268, "precision": 0.8646616541353384, "recall": 0.8582089552238806, "f1_score": 0.8614232209737829}, "birthdate": {"num_correct": 249, "num_predicted": 281, "num_actual": 268, "precision": 0.8861209964412812, "recall": 0.9291044776119403, "f1_score": 0.907103825136612}, "hypernym": {"num_correct": 244, "num_predicted": 269, "num_actual": 268, "precision": 0.9070631970260223, "recall": 0.9104477611940298, "f1_score": 0.9087523277467411}, "spouse": {"num_correct": 238, "num_predicted": 263, "num_actual": 268, "precision": 0.9049429657794676, "recall": 0.8880597014925373, "f1_score": 0.896421845574388}}