{"birthdate": {"precision": 0.9067164179104478, "num_correct": 243, "f1_score": 0.9292543021032506, "num_predicted": 268, "recall": 0.9529411764705882, "num_actual": 255}, "birthplace": {"precision": 0.876, "num_correct": 219, "f1_score": 0.8673267326732672, "num_predicted": 250, "recall": 0.8588235294117647, "num_actual": 255}, "spouse": {"precision": 0.9080459770114943, "num_correct": 237, "f1_score": 0.9186046511627908, "num_predicted": 261, "recall": 0.9294117647058824, "num_actual": 255}, "hypernym": {"precision": 0.9190283400809717, "num_correct": 227, "f1_score": 0.9043824701195218, "num_predicted": 247, "recall": 0.8901960784313725, "num_actual": 255}}