{"birthplace": {"num_correct": 195, "num_predicted": 213, "num_actual": 255, "precision": 0.9154929577464789, "recall": 0.7647058823529411, "f1_score": 0.8333333333333333}, "birthdate": {"num_correct": 245, "num_predicted": 287, "num_actual": 255, "precision": 0.8536585365853658, "recall": 0.9607843137254902, "f1_score": 0.9040590405904059}, "hypernym": {"num_correct": 217, "num_predicted": 235, "num_actual": 255, "precision": 0.9234042553191489, "recall": 0.8509803921568627, "f1_score": 0.8857142857142857}, "spouse": {"num_correct": 243, "num_predicted": 287, "num_actual": 255, "precision": 0.8466898954703833, "recall": 0.9529411764705882, "f1_score": 0.8966789667896679}}