{"birthplace": {"num_correct": 204, "num_predicted": 227, "num_actual": 255, "precision": 0.8986784140969163, "recall": 0.8, "f1_score": 0.8464730290456431}, "birthdate": {"num_correct": 249, "num_predicted": 296, "num_actual": 255, "precision": 0.8412162162162162, "recall": 0.9764705882352941, "f1_score": 0.9038112522686025}, "hypernym": {"num_correct": 230, "num_predicted": 276, "num_actual": 255, "precision": 0.8333333333333334, "recall": 0.9019607843137255, "f1_score": 0.8662900188323917}, "spouse": {"num_correct": 208, "num_predicted": 224, "num_actual": 255, "precision": 0.9285714285714286, "recall": 0.8156862745098039, "f1_score": 0.8684759916492693}}