{"birthplace": {"num_correct": 237, "num_predicted": 269, "num_actual": 268, "precision": 0.8810408921933085, "recall": 0.8843283582089553, "f1_score": 0.8826815642458101}, "birthdate": {"num_correct": 256, "num_predicted": 278, "num_actual": 268, "precision": 0.920863309352518, "recall": 0.9552238805970149, "f1_score": 0.9377289377289377}, "hypernym": {"num_correct": 245, "num_predicted": 269, "num_actual": 268, "precision": 0.9107806691449815, "recall": 0.914179104477612, "f1_score": 0.9124767225325886}, "spouse": {"num_correct": 238, "num_predicted": 262, "num_actual": 268, "precision": 0.9083969465648855, "recall": 0.8880597014925373, "f1_score": 0.8981132075471697}}