{"birthplace": {"num_correct": 232, "num_predicted": 275, "num_actual": 268, "precision": 0.8436363636363636, "recall": 0.8656716417910447, "f1_score": 0.8545119705340699}, "birthdate": {"num_correct": 252, "num_predicted": 283, "num_actual": 268, "precision": 0.8904593639575972, "recall": 0.9402985074626866, "f1_score": 0.9147005444646098}, "hypernym": {"num_correct": 230, "num_predicted": 256, "num_actual": 268, "precision": 0.8984375, "recall": 0.8582089552238806, "f1_score": 0.8778625954198473}, "spouse": {"num_correct": 235, "num_predicted": 266, "num_actual": 268, "precision": 0.8834586466165414, "recall": 0.8768656716417911, "f1_score": 0.8801498127340825}}