{"birthplace": {"num_correct": 219, "num_predicted": 287, "num_actual": 268, "precision": 0.7630662020905923, "recall": 0.8171641791044776, "f1_score": 0.789189189189189}, "birthdate": {"num_correct": 220, "num_predicted": 250, "num_actual": 268, "precision": 0.88, "recall": 0.8208955223880597, "f1_score": 0.8494208494208494}, "hypernym": {"num_correct": 226, "num_predicted": 262, "num_actual": 268, "precision": 0.8625954198473282, "recall": 0.8432835820895522, "f1_score": 0.8528301886792453}, "spouse": {"num_correct": 232, "num_predicted": 286, "num_actual": 268, "precision": 0.8111888111888111, "recall": 0.8656716417910447, "f1_score": 0.8375451263537905}}