{"birthplace": {"num_correct": 228, "num_predicted": 253, "num_actual": 255, "precision": 0.9011857707509882, "recall": 0.8941176470588236, "f1_score": 0.8976377952755906}, "birthdate": {"num_correct": 252, "num_predicted": 277, "num_actual": 255, "precision": 0.9097472924187726, "recall": 0.9882352941176471, "f1_score": 0.9473684210526316}, "hypernym": {"num_correct": 229, "num_predicted": 246, "num_actual": 255, "precision": 0.9308943089430894, "recall": 0.8980392156862745, "f1_score": 0.9141716566866267}, "spouse": {"num_correct": 236, "num_predicted": 247, "num_actual": 255, "precision": 0.9554655870445344, "recall": 0.9254901960784314, "f1_score": 0.9402390438247012}}