{"birthplace": {"num_correct": 203, "num_predicted": 227, "num_actual": 255, "precision": 0.8942731277533039, "recall": 0.796078431372549, "f1_score": 0.842323651452282}, "birthdate": {"num_correct": 253, "num_predicted": 283, "num_actual": 255, "precision": 0.8939929328621908, "recall": 0.9921568627450981, "f1_score": 0.9405204460966542}, "hypernym": {"num_correct": 223, "num_predicted": 256, "num_actual": 255, "precision": 0.87109375, "recall": 0.8745098039215686, "f1_score": 0.8727984344422701}, "spouse": {"num_correct": 234, "num_predicted": 254, "num_actual": 255, "precision": 0.9212598425196851, "recall": 0.9176470588235294, "f1_score": 0.9194499017681729}}