{"birthplace": {"num_correct": 228, "num_predicted": 270, "num_actual": 268, "precision": 0.8444444444444444, "recall": 0.8507462686567164, "f1_score": 0.8475836431226765}, "birthdate": {"num_correct": 254, "num_predicted": 290, "num_actual": 268, "precision": 0.8758620689655172, "recall": 0.9477611940298507, "f1_score": 0.9103942652329748}, "hypernym": {"num_correct": 230, "num_predicted": 257, "num_actual": 268, "precision": 0.8949416342412452, "recall": 0.8582089552238806, "f1_score": 0.8761904761904762}, "spouse": {"num_correct": 231, "num_predicted": 256, "num_actual": 268, "precision": 0.90234375, "recall": 0.8619402985074627, "f1_score": 0.8816793893129772}}