{"birthplace": {"num_correct": 197, "num_predicted": 288, "num_actual": 268, "precision": 0.6840277777777778, "recall": 0.7350746268656716, "f1_score": 0.7086330935251798}, "birthdate": {"num_correct": 221, "num_predicted": 329, "num_actual": 268, "precision": 0.6717325227963525, "recall": 0.8246268656716418, "f1_score": 0.7403685092127303}, "hypernym": {"num_correct": 160, "num_predicted": 205, "num_actual": 268, "precision": 0.7804878048780488, "recall": 0.5970149253731343, "f1_score": 0.6765327695560253}, "spouse": {"num_correct": 209, "num_predicted": 265, "num_actual": 268, "precision": 0.7886792452830189, "recall": 0.7798507462686567, "f1_score": 0.7842401500938087}}