{"birthplace": {"num_correct": 178, "num_predicted": 194, "num_actual": 255, "precision": 0.9175257731958762, "recall": 0.6980392156862745, "f1_score": 0.7928730512249442}, "birthdate": {"num_correct": 241, "num_predicted": 288, "num_actual": 255, "precision": 0.8368055555555556, "recall": 0.9450980392156862, "f1_score": 0.8876611418047882}, "hypernym": {"num_correct": 227, "num_predicted": 317, "num_actual": 255, "precision": 0.7160883280757098, "recall": 0.8901960784313725, "f1_score": 0.7937062937062936}, "spouse": {"num_correct": 197, "num_predicted": 221, "num_actual": 255, "precision": 0.8914027149321267, "recall": 0.7725490196078432, "f1_score": 0.8277310924369747}}