{"birthplace": {"num_correct": 179, "num_predicted": 269, "num_actual": 255, "precision": 0.6654275092936803, "recall": 0.7019607843137254, "f1_score": 0.6832061068702291}, "birthdate": {"num_correct": 174, "num_predicted": 228, "num_actual": 255, "precision": 0.7631578947368421, "recall": 0.6823529411764706, "f1_score": 0.7204968944099379}, "hypernym": {"num_correct": 203, "num_predicted": 284, "num_actual": 255, "precision": 0.7147887323943662, "recall": 0.796078431372549, "f1_score": 0.7532467532467532}, "spouse": {"num_correct": 207, "num_predicted": 242, "num_actual": 255, "precision": 0.8553719008264463, "recall": 0.8117647058823529, "f1_score": 0.8329979879275653}}