{"birthplace": {"num_correct": 230, "num_predicted": 276, "num_actual": 268, "precision": 0.8333333333333334, "recall": 0.8582089552238806, "f1_score": 0.8455882352941176}, "birthdate": {"num_correct": 248, "num_predicted": 282, "num_actual": 268, "precision": 0.8794326241134752, "recall": 0.9253731343283582, "f1_score": 0.9018181818181819}, "hypernym": {"num_correct": 242, "num_predicted": 279, "num_actual": 268, "precision": 0.8673835125448028, "recall": 0.9029850746268657, "f1_score": 0.8848263254113347}, "spouse": {"num_correct": 222, "num_predicted": 244, "num_actual": 268, "precision": 0.9098360655737705, "recall": 0.8283582089552238, "f1_score": 0.8671875}}