{"birthplace": {"num_correct": 181, "num_predicted": 238, "num_actual": 268, "precision": 0.7605042016806722, "recall": 0.6753731343283582, "f1_score": 0.7154150197628458}, "birthdate": {"num_correct": 229, "num_predicted": 323, "num_actual": 268, "precision": 0.7089783281733746, "recall": 0.8544776119402985, "f1_score": 0.774957698815567}, "hypernym": {"num_correct": 170, "num_predicted": 242, "num_actual": 268, "precision": 0.7024793388429752, "recall": 0.6343283582089553, "f1_score": 0.6666666666666666}, "spouse": {"num_correct": 224, "num_predicted": 304, "num_actual": 268, "precision": 0.7368421052631579, "recall": 0.835820895522388, "f1_score": 0.7832167832167832}}