{"birthplace": {"num_correct": 228, "num_predicted": 263, "num_actual": 268, "precision": 0.8669201520912547, "recall": 0.8507462686567164, "f1_score": 0.8587570621468926}, "birthdate": {"num_correct": 247, "num_predicted": 280, "num_actual": 268, "precision": 0.8821428571428571, "recall": 0.9216417910447762, "f1_score": 0.9014598540145986}, "hypernym": {"num_correct": 241, "num_predicted": 271, "num_actual": 268, "precision": 0.8892988929889298, "recall": 0.8992537313432836, "f1_score": 0.8942486085343228}, "spouse": {"num_correct": 232, "num_predicted": 264, "num_actual": 268, "precision": 0.8787878787878788, "recall": 0.8656716417910447, "f1_score": 0.8721804511278195}}