{"birthplace": {"num_correct": 231, "num_predicted": 279, "num_actual": 268, "precision": 0.8279569892473119, "recall": 0.8619402985074627, "f1_score": 0.8446069469835467}, "birthdate": {"num_correct": 244, "num_predicted": 279, "num_actual": 268, "precision": 0.8745519713261649, "recall": 0.9104477611940298, "f1_score": 0.8921389396709324}, "hypernym": {"num_correct": 236, "num_predicted": 262, "num_actual": 268, "precision": 0.9007633587786259, "recall": 0.8805970149253731, "f1_score": 0.890566037735849}, "spouse": {"num_correct": 230, "num_predicted": 258, "num_actual": 268, "precision": 0.8914728682170543, "recall": 0.8582089552238806, "f1_score": 0.8745247148288975}}