{"birthplace": {"num_correct": 219, "num_predicted": 250, "num_actual": 268, "precision": 0.876, "recall": 0.8171641791044776, "f1_score": 0.8455598455598455}, "birthdate": {"num_correct": 258, "num_predicted": 299, "num_actual": 268, "precision": 0.862876254180602, "recall": 0.9626865671641791, "f1_score": 0.91005291005291}, "hypernym": {"num_correct": 241, "num_predicted": 273, "num_actual": 268, "precision": 0.8827838827838828, "recall": 0.8992537313432836, "f1_score": 0.8909426987060998}, "spouse": {"num_correct": 230, "num_predicted": 253, "num_actual": 268, "precision": 0.9090909090909091, "recall": 0.8582089552238806, "f1_score": 0.8829174664107485}}