{"birthplace": {"num_correct": 228, "num_predicted": 250, "num_actual": 268, "precision": 0.912, "recall": 0.8507462686567164, "f1_score": 0.8803088803088803}, "birthdate": {"num_correct": 260, "num_predicted": 285, "num_actual": 268, "precision": 0.9122807017543859, "recall": 0.9701492537313433, "f1_score": 0.9403254972875226}, "hypernym": {"num_correct": 247, "num_predicted": 269, "num_actual": 268, "precision": 0.9182156133828996, "recall": 0.9216417910447762, "f1_score": 0.9199255121042831}, "spouse": {"num_correct": 242, "num_predicted": 267, "num_actual": 268, "precision": 0.9063670411985019, "recall": 0.9029850746268657, "f1_score": 0.9046728971962616}}