{"birthplace": {"num_correct": 209, "num_predicted": 239, "num_actual": 255, "precision": 0.8744769874476988, "recall": 0.8196078431372549, "f1_score": 0.8461538461538461}, "birthdate": {"num_correct": 241, "num_predicted": 274, "num_actual": 255, "precision": 0.8795620437956204, "recall": 0.9450980392156862, "f1_score": 0.9111531190926276}, "hypernym": {"num_correct": 223, "num_predicted": 244, "num_actual": 255, "precision": 0.9139344262295082, "recall": 0.8745098039215686, "f1_score": 0.8937875751503006}, "spouse": {"num_correct": 241, "num_predicted": 267, "num_actual": 255, "precision": 0.9026217228464419, "recall": 0.9450980392156862, "f1_score": 0.9233716475095785}}