{"birthplace": {"num_correct": 212, "num_predicted": 245, "num_actual": 255, "precision": 0.8653061224489796, "recall": 0.8313725490196079, "f1_score": 0.8480000000000001}, "birthdate": {"num_correct": 239, "num_predicted": 269, "num_actual": 255, "precision": 0.8884758364312267, "recall": 0.9372549019607843, "f1_score": 0.9122137404580152}, "hypernym": {"num_correct": 228, "num_predicted": 250, "num_actual": 255, "precision": 0.912, "recall": 0.8941176470588236, "f1_score": 0.902970297029703}, "spouse": {"num_correct": 237, "num_predicted": 260, "num_actual": 255, "precision": 0.9115384615384615, "recall": 0.9294117647058824, "f1_score": 0.920388349514563}}