{"birthplace": {"num_correct": 201, "num_predicted": 227, "num_actual": 255, "precision": 0.8854625550660793, "recall": 0.788235294117647, "f1_score": 0.8340248962655602}, "birthdate": {"num_correct": 240, "num_predicted": 285, "num_actual": 255, "precision": 0.8421052631578947, "recall": 0.9411764705882353, "f1_score": 0.8888888888888888}, "hypernym": {"num_correct": 222, "num_predicted": 247, "num_actual": 255, "precision": 0.8987854251012146, "recall": 0.8705882352941177, "f1_score": 0.8844621513944223}, "spouse": {"num_correct": 233, "num_predicted": 264, "num_actual": 255, "precision": 0.8825757575757576, "recall": 0.9137254901960784, "f1_score": 0.8978805394990365}}