{"birthplace": {"num_correct": 225, "num_predicted": 248, "num_actual": 255, "precision": 0.907258064516129, "recall": 0.8823529411764706, "f1_score": 0.8946322067594432}, "birthdate": {"num_correct": 249, "num_predicted": 271, "num_actual": 255, "precision": 0.9188191881918819, "recall": 0.9764705882352941, "f1_score": 0.946768060836502}, "hypernym": {"num_correct": 227, "num_predicted": 244, "num_actual": 255, "precision": 0.930327868852459, "recall": 0.8901960784313725, "f1_score": 0.9098196392785571}, "spouse": {"num_correct": 240, "num_predicted": 256, "num_actual": 255, "precision": 0.9375, "recall": 0.9411764705882353, "f1_score": 0.9393346379647749}}