{"birthplace": {"num_correct": 227, "num_predicted": 269, "num_actual": 268, "precision": 0.8438661710037175, "recall": 0.8470149253731343, "f1_score": 0.845437616387337}, "birthdate": {"num_correct": 238, "num_predicted": 262, "num_actual": 268, "precision": 0.9083969465648855, "recall": 0.8880597014925373, "f1_score": 0.8981132075471697}, "hypernym": {"num_correct": 245, "num_predicted": 272, "num_actual": 268, "precision": 0.9007352941176471, "recall": 0.914179104477612, "f1_score": 0.9074074074074076}, "spouse": {"num_correct": 236, "num_predicted": 275, "num_actual": 268, "precision": 0.8581818181818182, "recall": 0.8805970149253731, "f1_score": 0.8692449355432782}}