{"birthplace": {"num_correct": 209, "num_predicted": 226, "num_actual": 255, "precision": 0.9247787610619469, "recall": 0.8196078431372549, "f1_score": 0.8690228690228691}, "birthdate": {"num_correct": 251, "num_predicted": 284, "num_actual": 255, "precision": 0.8838028169014085, "recall": 0.984313725490196, "f1_score": 0.9313543599257885}, "hypernym": {"num_correct": 233, "num_predicted": 264, "num_actual": 255, "precision": 0.8825757575757576, "recall": 0.9137254901960784, "f1_score": 0.8978805394990365}, "spouse": {"num_correct": 230, "num_predicted": 247, "num_actual": 255, "precision": 0.9311740890688259, "recall": 0.9019607843137255, "f1_score": 0.9163346613545816}}