{"birthplace": {"num_correct": 205, "num_predicted": 227, "num_actual": 255, "precision": 0.9030837004405287, "recall": 0.803921568627451, "f1_score": 0.8506224066390042}, "birthdate": {"num_correct": 252, "num_predicted": 287, "num_actual": 255, "precision": 0.8780487804878049, "recall": 0.9882352941176471, "f1_score": 0.929889298892989}, "hypernym": {"num_correct": 220, "num_predicted": 245, "num_actual": 255, "precision": 0.8979591836734694, "recall": 0.8627450980392157, "f1_score": 0.8799999999999999}, "spouse": {"num_correct": 237, "num_predicted": 263, "num_actual": 255, "precision": 0.9011406844106464, "recall": 0.9294117647058824, "f1_score": 0.9150579150579151}}