{"birthplace": {"num_correct": 224, "num_predicted": 250, "num_actual": 255, "precision": 0.896, "recall": 0.8784313725490196, "f1_score": 0.8871287128712871}, "birthdate": {"num_correct": 251, "num_predicted": 276, "num_actual": 255, "precision": 0.9094202898550725, "recall": 0.984313725490196, "f1_score": 0.9453860640301319}, "hypernym": {"num_correct": 229, "num_predicted": 250, "num_actual": 255, "precision": 0.916, "recall": 0.8980392156862745, "f1_score": 0.906930693069307}, "spouse": {"num_correct": 236, "num_predicted": 249, "num_actual": 255, "precision": 0.9477911646586346, "recall": 0.9254901960784314, "f1_score": 0.9365079365079365}}