{"birthplace": {"num_correct": 215, "num_predicted": 240, "num_actual": 255, "precision": 0.8958333333333334, "recall": 0.8431372549019608, "f1_score": 0.8686868686868686}, "birthdate": {"num_correct": 249, "num_predicted": 277, "num_actual": 255, "precision": 0.8989169675090253, "recall": 0.9764705882352941, "f1_score": 0.9360902255639099}, "hypernym": {"num_correct": 228, "num_predicted": 246, "num_actual": 255, "precision": 0.926829268292683, "recall": 0.8941176470588236, "f1_score": 0.9101796407185628}, "spouse": {"num_correct": 238, "num_predicted": 261, "num_actual": 255, "precision": 0.9118773946360154, "recall": 0.9333333333333333, "f1_score": 0.9224806201550388}}