{"birthplace": {"num_correct": 223, "num_predicted": 263, "num_actual": 268, "precision": 0.8479087452471483, "recall": 0.832089552238806, "f1_score": 0.8399246704331449}, "birthdate": {"num_correct": 252, "num_predicted": 284, "num_actual": 268, "precision": 0.8873239436619719, "recall": 0.9402985074626866, "f1_score": 0.9130434782608696}, "hypernym": {"num_correct": 240, "num_predicted": 270, "num_actual": 268, "precision": 0.8888888888888888, "recall": 0.8955223880597015, "f1_score": 0.8921933085501859}, "spouse": {"num_correct": 230, "num_predicted": 260, "num_actual": 268, "precision": 0.8846153846153846, "recall": 0.8582089552238806, "f1_score": 0.8712121212121212}}