{"birthdate": {"recall": 0.917910447761194, "num_predicted": 279, "f1_score": 0.8994515539305302, "precision": 0.8817204301075269, "num_correct": 246, "num_actual": 268}, "hypernym": {"recall": 0.8880597014925373, "num_predicted": 263, "f1_score": 0.896421845574388, "precision": 0.9049429657794676, "num_correct": 238, "num_actual": 268}, "birthplace": {"recall": 0.8395522388059702, "num_predicted": 263, "f1_score": 0.847457627118644, "precision": 0.8555133079847909, "num_correct": 225, "num_actual": 268}, "spouse": {"recall": 0.8843283582089553, "num_predicted": 275, "f1_score": 0.8729281767955801, "precision": 0.8618181818181818, "num_correct": 237, "num_actual": 268}}