{"birthplace": {"num_correct": 189, "num_predicted": 247, "num_actual": 268, "precision": 0.7651821862348178, "recall": 0.7052238805970149, "f1_score": 0.7339805825242719}, "birthdate": {"num_correct": 236, "num_predicted": 336, "num_actual": 268, "precision": 0.7023809523809523, "recall": 0.8805970149253731, "f1_score": 0.7814569536423842}, "hypernym": {"num_correct": 170, "num_predicted": 221, "num_actual": 268, "precision": 0.7692307692307693, "recall": 0.6343283582089553, "f1_score": 0.6952965235173825}, "spouse": {"num_correct": 223, "num_predicted": 285, "num_actual": 268, "precision": 0.7824561403508772, "recall": 0.832089552238806, "f1_score": 0.8065099457504521}}