{"birthplace": {"num_correct": 219, "num_predicted": 236, "num_actual": 255, "precision": 0.9279661016949152, "recall": 0.8588235294117647, "f1_score": 0.8920570264765784}, "birthdate": {"num_correct": 251, "num_predicted": 277, "num_actual": 255, "precision": 0.9061371841155235, "recall": 0.984313725490196, "f1_score": 0.9436090225563909}, "hypernym": {"num_correct": 232, "num_predicted": 249, "num_actual": 255, "precision": 0.9317269076305221, "recall": 0.9098039215686274, "f1_score": 0.9206349206349207}, "spouse": {"num_correct": 237, "num_predicted": 255, "num_actual": 255, "precision": 0.9294117647058824, "recall": 0.9294117647058824, "f1_score": 0.9294117647058824}}