{"birthplace": {"num_correct": 226, "num_predicted": 274, "num_actual": 268, "precision": 0.8248175182481752, "recall": 0.8432835820895522, "f1_score": 0.8339483394833948}, "birthdate": {"num_correct": 234, "num_predicted": 263, "num_actual": 268, "precision": 0.8897338403041825, "recall": 0.8731343283582089, "f1_score": 0.8813559322033898}, "hypernym": {"num_correct": 244, "num_predicted": 281, "num_actual": 268, "precision": 0.8683274021352313, "recall": 0.9104477611940298, "f1_score": 0.8888888888888888}, "spouse": {"num_correct": 232, "num_predicted": 266, "num_actual": 268, "precision": 0.8721804511278195, "recall": 0.8656716417910447, "f1_score": 0.8689138576779025}}