{"birthplace": {"num_correct": 204, "num_predicted": 292, "num_actual": 268, "precision": 0.6986301369863014, "recall": 0.7611940298507462, "f1_score": 0.7285714285714286}, "birthdate": {"num_correct": 216, "num_predicted": 295, "num_actual": 268, "precision": 0.7322033898305085, "recall": 0.8059701492537313, "f1_score": 0.7673179396092362}, "hypernym": {"num_correct": 171, "num_predicted": 213, "num_actual": 268, "precision": 0.8028169014084507, "recall": 0.6380597014925373, "f1_score": 0.711018711018711}, "spouse": {"num_correct": 220, "num_predicted": 283, "num_actual": 268, "precision": 0.7773851590106007, "recall": 0.8208955223880597, "f1_score": 0.7985480943738655}}