{"spouse": {"num_actual": 268, "num_predicted": 269, "recall": 0.8880597014925373, "num_correct": 238, "precision": 0.8847583643122676, "f1_score": 0.8864059590316573}, "hypernym": {"num_actual": 268, "num_predicted": 262, "recall": 0.8917910447761194, "num_correct": 239, "precision": 0.9122137404580153, "f1_score": 0.9018867924528303}, "birthdate": {"num_actual": 268, "num_predicted": 282, "recall": 0.9477611940298507, "num_correct": 254, "precision": 0.900709219858156, "f1_score": 0.9236363636363636}, "birthplace": {"num_actual": 268, "num_predicted": 267, "recall": 0.8656716417910447, "num_correct": 232, "precision": 0.8689138576779026, "f1_score": 0.8672897196261682}}