{"birthplace": {"num_correct": 179, "num_predicted": 250, "num_actual": 255, "precision": 0.716, "recall": 0.7019607843137254, "f1_score": 0.7089108910891089}, "birthdate": {"num_correct": 207, "num_predicted": 293, "num_actual": 255, "precision": 0.7064846416382252, "recall": 0.8117647058823529, "f1_score": 0.7554744525547445}, "hypernym": {"num_correct": 162, "num_predicted": 280, "num_actual": 255, "precision": 0.5785714285714286, "recall": 0.6352941176470588, "f1_score": 0.605607476635514}, "spouse": {"num_correct": 230, "num_predicted": 291, "num_actual": 255, "precision": 0.7903780068728522, "recall": 0.9019607843137255, "f1_score": 0.8424908424908425}}