{"birthplace": {"num_correct": 229, "num_predicted": 294, "num_actual": 268, "precision": 0.7789115646258503, "recall": 0.8544776119402985, "f1_score": 0.8149466192170819}, "birthdate": {"num_correct": 231, "num_predicted": 263, "num_actual": 268, "precision": 0.8783269961977186, "recall": 0.8619402985074627, "f1_score": 0.8700564971751411}, "hypernym": {"num_correct": 237, "num_predicted": 261, "num_actual": 268, "precision": 0.9080459770114943, "recall": 0.8843283582089553, "f1_score": 0.8960302457466919}, "spouse": {"num_correct": 235, "num_predicted": 261, "num_actual": 268, "precision": 0.9003831417624522, "recall": 0.8768656716417911, "f1_score": 0.888468809073724}}