{"birthplace": {"num_correct": 225, "num_predicted": 270, "num_actual": 268, "precision": 0.8333333333333334, "recall": 0.8395522388059702, "f1_score": 0.8364312267657994}, "birthdate": {"num_correct": 244, "num_predicted": 272, "num_actual": 268, "precision": 0.8970588235294118, "recall": 0.9104477611940298, "f1_score": 0.9037037037037037}, "hypernym": {"num_correct": 242, "num_predicted": 276, "num_actual": 268, "precision": 0.8768115942028986, "recall": 0.9029850746268657, "f1_score": 0.8897058823529412}, "spouse": {"num_correct": 231, "num_predicted": 263, "num_actual": 268, "precision": 0.8783269961977186, "recall": 0.8619402985074627, "f1_score": 0.8700564971751411}}