{"birthplace": {"num_correct": 176, "num_predicted": 247, "num_actual": 255, "precision": 0.7125506072874493, "recall": 0.6901960784313725, "f1_score": 0.701195219123506}, "birthdate": {"num_correct": 200, "num_predicted": 268, "num_actual": 255, "precision": 0.746268656716418, "recall": 0.7843137254901961, "f1_score": 0.7648183556405354}, "hypernym": {"num_correct": 186, "num_predicted": 254, "num_actual": 255, "precision": 0.7322834645669292, "recall": 0.7294117647058823, "f1_score": 0.730844793713163}, "spouse": {"num_correct": 218, "num_predicted": 259, "num_actual": 255, "precision": 0.8416988416988417, "recall": 0.8549019607843137, "f1_score": 0.8482490272373541}}