{"birthplace": {"num_correct": 214, "num_predicted": 252, "num_actual": 268, "precision": 0.8492063492063492, "recall": 0.7985074626865671, "f1_score": 0.823076923076923}, "birthdate": {"num_correct": 249, "num_predicted": 284, "num_actual": 268, "precision": 0.8767605633802817, "recall": 0.9291044776119403, "f1_score": 0.9021739130434784}, "hypernym": {"num_correct": 248, "num_predicted": 293, "num_actual": 268, "precision": 0.8464163822525598, "recall": 0.9253731343283582, "f1_score": 0.8841354723707665}, "spouse": {"num_correct": 225, "num_predicted": 246, "num_actual": 268, "precision": 0.9146341463414634, "recall": 0.8395522388059702, "f1_score": 0.8754863813229571}}