{"birthplace": {"num_correct": 225, "num_predicted": 281, "num_actual": 268, "precision": 0.800711743772242, "recall": 0.8395522388059702, "f1_score": 0.8196721311475409}, "birthdate": {"num_correct": 228, "num_predicted": 257, "num_actual": 268, "precision": 0.8871595330739299, "recall": 0.8507462686567164, "f1_score": 0.8685714285714285}, "hypernym": {"num_correct": 230, "num_predicted": 254, "num_actual": 268, "precision": 0.905511811023622, "recall": 0.8582089552238806, "f1_score": 0.8812260536398467}, "spouse": {"num_correct": 240, "num_predicted": 288, "num_actual": 268, "precision": 0.8333333333333334, "recall": 0.8955223880597015, "f1_score": 0.8633093525179857}}