{"birthplace": {"num_correct": 226, "num_predicted": 247, "num_actual": 268, "precision": 0.9149797570850202, "recall": 0.8432835820895522, "f1_score": 0.8776699029126215}, "birthdate": {"num_correct": 257, "num_predicted": 289, "num_actual": 268, "precision": 0.889273356401384, "recall": 0.9589552238805971, "f1_score": 0.9228007181328546}, "hypernym": {"num_correct": 238, "num_predicted": 264, "num_actual": 268, "precision": 0.9015151515151515, "recall": 0.8880597014925373, "f1_score": 0.894736842105263}, "spouse": {"num_correct": 243, "num_predicted": 279, "num_actual": 268, "precision": 0.8709677419354839, "recall": 0.9067164179104478, "f1_score": 0.8884826325411335}}