{"spouse": {"num_predicted": 260, "recall": 0.9411764705882353, "num_correct": 240, "f1_score": 0.9320388349514563, "precision": 0.9230769230769231, "num_actual": 255}, "birthdate": {"num_predicted": 260, "recall": 0.9294117647058824, "num_correct": 237, "f1_score": 0.920388349514563, "precision": 0.9115384615384615, "num_actual": 255}, "birthplace": {"num_predicted": 259, "recall": 0.8705882352941177, "num_correct": 222, "f1_score": 0.8638132295719844, "precision": 0.8571428571428571, "num_actual": 255}, "hypernym": {"num_predicted": 247, "recall": 0.9058823529411765, "num_correct": 231, "f1_score": 0.9203187250996016, "precision": 0.9352226720647774, "num_actual": 255}}