{"birthplace": {"num_correct": 192, "num_predicted": 230, "num_actual": 255, "precision": 0.8347826086956521, "recall": 0.7529411764705882, "f1_score": 0.7917525773195875}, "birthdate": {"num_correct": 236, "num_predicted": 278, "num_actual": 255, "precision": 0.8489208633093526, "recall": 0.9254901960784314, "f1_score": 0.8855534709193247}, "hypernym": {"num_correct": 222, "num_predicted": 302, "num_actual": 255, "precision": 0.7350993377483444, "recall": 0.8705882352941177, "f1_score": 0.7971274685816877}, "spouse": {"num_correct": 190, "num_predicted": 209, "num_actual": 255, "precision": 0.9090909090909091, "recall": 0.7450980392156863, "f1_score": 0.8189655172413792}}