{"birthplace": {"num_correct": 186, "num_predicted": 238, "num_actual": 255, "precision": 0.7815126050420168, "recall": 0.7294117647058823, "f1_score": 0.7545638945233265}, "birthdate": {"num_correct": 220, "num_predicted": 291, "num_actual": 255, "precision": 0.7560137457044673, "recall": 0.8627450980392157, "f1_score": 0.8058608058608059}, "hypernym": {"num_correct": 189, "num_predicted": 225, "num_actual": 255, "precision": 0.84, "recall": 0.7411764705882353, "f1_score": 0.7875000000000001}, "spouse": {"num_correct": 228, "num_predicted": 273, "num_actual": 255, "precision": 0.8351648351648352, "recall": 0.8941176470588236, "f1_score": 0.8636363636363636}}