{"birthplace": {"num_correct": 189, "num_predicted": 257, "num_actual": 268, "precision": 0.7354085603112841, "recall": 0.7052238805970149, "f1_score": 0.72}, "birthdate": {"num_correct": 224, "num_predicted": 313, "num_actual": 268, "precision": 0.7156549520766773, "recall": 0.835820895522388, "f1_score": 0.7710843373493976}, "hypernym": {"num_correct": 173, "num_predicted": 221, "num_actual": 268, "precision": 0.7828054298642534, "recall": 0.6455223880597015, "f1_score": 0.7075664621676891}, "spouse": {"num_correct": 224, "num_predicted": 294, "num_actual": 268, "precision": 0.7619047619047619, "recall": 0.835820895522388, "f1_score": 0.797153024911032}}