{"birthplace": {"num_predicted": 244, "num_correct": 212, "num_actual": 255, "f1_score": 0.8496993987975952, "recall": 0.8313725490196079, "precision": 0.8688524590163934}, "spouse": {"num_predicted": 258, "num_correct": 236, "num_actual": 255, "f1_score": 0.9200779727095515, "recall": 0.9254901960784314, "precision": 0.9147286821705426}, "hypernym": {"num_predicted": 236, "num_correct": 221, "num_actual": 255, "f1_score": 0.90020366598778, "recall": 0.8666666666666667, "precision": 0.9364406779661016}, "birthdate": {"num_predicted": 286, "num_correct": 245, "num_actual": 255, "f1_score": 0.9057301293900184, "recall": 0.9607843137254902, "precision": 0.8566433566433567}}