{"birthplace": {"num_correct": 221, "num_predicted": 267, "num_actual": 268, "precision": 0.8277153558052435, "recall": 0.8246268656716418, "f1_score": 0.8261682242990654}, "birthdate": {"num_correct": 240, "num_predicted": 273, "num_actual": 268, "precision": 0.8791208791208791, "recall": 0.8955223880597015, "f1_score": 0.8872458410351202}, "hypernym": {"num_correct": 238, "num_predicted": 269, "num_actual": 268, "precision": 0.8847583643122676, "recall": 0.8880597014925373, "f1_score": 0.8864059590316573}, "spouse": {"num_correct": 232, "num_predicted": 268, "num_actual": 268, "precision": 0.8656716417910447, "recall": 0.8656716417910447, "f1_score": 0.8656716417910447}}