{"spouse": {"recall": 0.8880597014925373, "precision": 0.9083969465648855, "f1_score": 0.8981132075471697, "num_actual": 268, "num_correct": 238, "num_predicted": 262}, "hypernym": {"recall": 0.8917910447761194, "precision": 0.9192307692307692, "f1_score": 0.9053030303030303, "num_actual": 268, "num_correct": 239, "num_predicted": 260}, "birthdate": {"recall": 0.9589552238805971, "precision": 0.9049295774647887, "f1_score": 0.9311594202898551, "num_actual": 268, "num_correct": 257, "num_predicted": 284}, "birthplace": {"recall": 0.8843283582089553, "precision": 0.864963503649635, "f1_score": 0.874538745387454, "num_actual": 268, "num_correct": 237, "num_predicted": 274}}