{"birthplace": {"num_correct": 232, "num_predicted": 255, "num_actual": 268, "precision": 0.9098039215686274, "recall": 0.8656716417910447, "f1_score": 0.8871892925430209}, "birthdate": {"num_correct": 260, "num_predicted": 284, "num_actual": 268, "precision": 0.9154929577464789, "recall": 0.9701492537313433, "f1_score": 0.9420289855072463}, "hypernym": {"num_correct": 243, "num_predicted": 264, "num_actual": 268, "precision": 0.9204545454545454, "recall": 0.9067164179104478, "f1_score": 0.9135338345864661}, "spouse": {"num_correct": 243, "num_predicted": 269, "num_actual": 268, "precision": 0.9033457249070632, "recall": 0.9067164179104478, "f1_score": 0.9050279329608939}}