{"birthplace": {"num_correct": 232, "num_predicted": 263, "num_actual": 268, "precision": 0.8821292775665399, "recall": 0.8656716417910447, "f1_score": 0.8738229755178908}, "birthdate": {"num_correct": 258, "num_predicted": 282, "num_actual": 268, "precision": 0.9148936170212766, "recall": 0.9626865671641791, "f1_score": 0.9381818181818182}, "hypernym": {"num_correct": 244, "num_predicted": 276, "num_actual": 268, "precision": 0.8840579710144928, "recall": 0.9104477611940298, "f1_score": 0.8970588235294118}, "spouse": {"num_correct": 234, "num_predicted": 256, "num_actual": 268, "precision": 0.9140625, "recall": 0.8731343283582089, "f1_score": 0.8931297709923665}}