{"birthplace": {"num_correct": 215, "num_predicted": 241, "num_actual": 268, "precision": 0.8921161825726142, "recall": 0.8022388059701493, "f1_score": 0.844793713163065}, "birthdate": {"num_correct": 260, "num_predicted": 295, "num_actual": 268, "precision": 0.8813559322033898, "recall": 0.9701492537313433, "f1_score": 0.9236234458259325}, "hypernym": {"num_correct": 243, "num_predicted": 283, "num_actual": 268, "precision": 0.8586572438162544, "recall": 0.9067164179104478, "f1_score": 0.882032667876588}, "spouse": {"num_correct": 227, "num_predicted": 253, "num_actual": 268, "precision": 0.8972332015810277, "recall": 0.8470149253731343, "f1_score": 0.8714011516314778}}