{"birthplace": {"num_correct": 210, "num_predicted": 244, "num_actual": 255, "precision": 0.860655737704918, "recall": 0.8235294117647058, "f1_score": 0.8416833667334669}, "birthdate": {"num_correct": 240, "num_predicted": 272, "num_actual": 255, "precision": 0.8823529411764706, "recall": 0.9411764705882353, "f1_score": 0.9108159392789373}, "hypernym": {"num_correct": 223, "num_predicted": 246, "num_actual": 255, "precision": 0.9065040650406504, "recall": 0.8745098039215686, "f1_score": 0.8902195608782435}, "spouse": {"num_correct": 237, "num_predicted": 262, "num_actual": 255, "precision": 0.9045801526717557, "recall": 0.9294117647058824, "f1_score": 0.9168278529980659}}