{"birthplace": {"num_correct": 184, "num_predicted": 251, "num_actual": 255, "precision": 0.7330677290836654, "recall": 0.7215686274509804, "f1_score": 0.7272727272727274}, "birthdate": {"num_correct": 218, "num_predicted": 296, "num_actual": 255, "precision": 0.7364864864864865, "recall": 0.8549019607843137, "f1_score": 0.7912885662431941}, "hypernym": {"num_correct": 152, "num_predicted": 180, "num_actual": 255, "precision": 0.8444444444444444, "recall": 0.596078431372549, "f1_score": 0.6988505747126437}, "spouse": {"num_correct": 234, "num_predicted": 293, "num_actual": 255, "precision": 0.7986348122866894, "recall": 0.9176470588235294, "f1_score": 0.8540145985401459}}