{"birthplace": {"num_correct": 206, "num_predicted": 228, "num_actual": 255, "precision": 0.9035087719298246, "recall": 0.807843137254902, "f1_score": 0.8530020703933747}, "birthdate": {"num_correct": 246, "num_predicted": 283, "num_actual": 255, "precision": 0.8692579505300353, "recall": 0.9647058823529412, "f1_score": 0.9144981412639405}, "hypernym": {"num_correct": 234, "num_predicted": 282, "num_actual": 255, "precision": 0.8297872340425532, "recall": 0.9176470588235294, "f1_score": 0.871508379888268}, "spouse": {"num_correct": 214, "num_predicted": 230, "num_actual": 255, "precision": 0.9304347826086956, "recall": 0.8392156862745098, "f1_score": 0.8824742268041236}}