{"birthplace": {"num_correct": 234, "num_predicted": 284, "num_actual": 268, "precision": 0.823943661971831, "recall": 0.8731343283582089, "f1_score": 0.8478260869565217}, "birthdate": {"num_correct": 236, "num_predicted": 262, "num_actual": 268, "precision": 0.9007633587786259, "recall": 0.8805970149253731, "f1_score": 0.890566037735849}, "hypernym": {"num_correct": 244, "num_predicted": 266, "num_actual": 268, "precision": 0.9172932330827067, "recall": 0.9104477611940298, "f1_score": 0.9138576779026217}, "spouse": {"num_correct": 234, "num_predicted": 266, "num_actual": 268, "precision": 0.8796992481203008, "recall": 0.8731343283582089, "f1_score": 0.8764044943820225}}