{"birthplace": {"num_correct": 191, "num_predicted": 287, "num_actual": 255, "precision": 0.6655052264808362, "recall": 0.7490196078431373, "f1_score": 0.7047970479704796}, "birthdate": {"num_correct": 190, "num_predicted": 255, "num_actual": 255, "precision": 0.7450980392156863, "recall": 0.7450980392156863, "f1_score": 0.7450980392156863}, "hypernym": {"num_correct": 176, "num_predicted": 227, "num_actual": 255, "precision": 0.775330396475771, "recall": 0.6901960784313725, "f1_score": 0.7302904564315353}, "spouse": {"num_correct": 217, "num_predicted": 256, "num_actual": 255, "precision": 0.84765625, "recall": 0.8509803921568627, "f1_score": 0.8493150684931506}}