{"birthplace": {"num_correct": 164, "num_predicted": 233, "num_actual": 268, "precision": 0.703862660944206, "recall": 0.6119402985074627, "f1_score": 0.654690618762475}, "birthdate": {"num_correct": 226, "num_predicted": 328, "num_actual": 268, "precision": 0.6890243902439024, "recall": 0.8432835820895522, "f1_score": 0.7583892617449665}, "hypernym": {"num_correct": 173, "num_predicted": 247, "num_actual": 268, "precision": 0.7004048582995951, "recall": 0.6455223880597015, "f1_score": 0.6718446601941748}, "spouse": {"num_correct": 213, "num_predicted": 282, "num_actual": 268, "precision": 0.7553191489361702, "recall": 0.7947761194029851, "f1_score": 0.7745454545454545}}