{"birthplace": {"num_correct": 181, "num_predicted": 229, "num_actual": 255, "precision": 0.7903930131004366, "recall": 0.7098039215686275, "f1_score": 0.7479338842975205}, "birthdate": {"num_correct": 223, "num_predicted": 298, "num_actual": 255, "precision": 0.7483221476510067, "recall": 0.8745098039215686, "f1_score": 0.8065099457504521}, "hypernym": {"num_correct": 180, "num_predicted": 306, "num_actual": 255, "precision": 0.5882352941176471, "recall": 0.7058823529411765, "f1_score": 0.6417112299465241}, "spouse": {"num_correct": 232, "num_predicted": 284, "num_actual": 255, "precision": 0.8169014084507042, "recall": 0.9098039215686274, "f1_score": 0.8608534322820037}}