{"birthplace": {"num_correct": 220, "num_predicted": 263, "num_actual": 268, "precision": 0.8365019011406845, "recall": 0.8208955223880597, "f1_score": 0.8286252354048965}, "birthdate": {"num_correct": 252, "num_predicted": 294, "num_actual": 268, "precision": 0.8571428571428571, "recall": 0.9402985074626866, "f1_score": 0.896797153024911}, "hypernym": {"num_correct": 234, "num_predicted": 263, "num_actual": 268, "precision": 0.8897338403041825, "recall": 0.8731343283582089, "f1_score": 0.8813559322033898}, "spouse": {"num_correct": 232, "num_predicted": 262, "num_actual": 268, "precision": 0.8854961832061069, "recall": 0.8656716417910447, "f1_score": 0.8754716981132075}}