{"birthplace": {"num_correct": 186, "num_predicted": 255, "num_actual": 268, "precision": 0.7294117647058823, "recall": 0.6940298507462687, "f1_score": 0.7112810707456979}, "birthdate": {"num_correct": 218, "num_predicted": 319, "num_actual": 268, "precision": 0.6833855799373041, "recall": 0.8134328358208955, "f1_score": 0.7427597955706985}, "hypernym": {"num_correct": 166, "num_predicted": 237, "num_actual": 268, "precision": 0.70042194092827, "recall": 0.6194029850746269, "f1_score": 0.6574257425742575}, "spouse": {"num_correct": 216, "num_predicted": 295, "num_actual": 268, "precision": 0.7322033898305085, "recall": 0.8059701492537313, "f1_score": 0.7673179396092362}}