{"birthplace": {"num_correct": 216, "num_predicted": 238, "num_actual": 268, "precision": 0.907563025210084, "recall": 0.8059701492537313, "f1_score": 0.8537549407114625}, "birthdate": {"num_correct": 262, "num_predicted": 302, "num_actual": 268, "precision": 0.8675496688741722, "recall": 0.9776119402985075, "f1_score": 0.9192982456140352}, "hypernym": {"num_correct": 237, "num_predicted": 265, "num_actual": 268, "precision": 0.8943396226415095, "recall": 0.8843283582089553, "f1_score": 0.8893058161350844}, "spouse": {"num_correct": 237, "num_predicted": 267, "num_actual": 268, "precision": 0.8876404494382022, "recall": 0.8843283582089553, "f1_score": 0.885981308411215}}