{"birthplace": {"num_correct": 209, "num_predicted": 226, "num_actual": 255, "precision": 0.9247787610619469, "recall": 0.8196078431372549, "f1_score": 0.8690228690228691}, "birthdate": {"num_correct": 246, "num_predicted": 276, "num_actual": 255, "precision": 0.8913043478260869, "recall": 0.9647058823529412, "f1_score": 0.9265536723163841}, "hypernym": {"num_correct": 242, "num_predicted": 289, "num_actual": 255, "precision": 0.8373702422145328, "recall": 0.9490196078431372, "f1_score": 0.8897058823529411}, "spouse": {"num_correct": 220, "num_predicted": 233, "num_actual": 255, "precision": 0.944206008583691, "recall": 0.8627450980392157, "f1_score": 0.9016393442622951}}