{"birthplace": {"num_correct": 199, "num_predicted": 277, "num_actual": 268, "precision": 0.7184115523465704, "recall": 0.7425373134328358, "f1_score": 0.7302752293577981}, "birthdate": {"num_correct": 214, "num_predicted": 285, "num_actual": 268, "precision": 0.7508771929824561, "recall": 0.7985074626865671, "f1_score": 0.7739602169981916}, "hypernym": {"num_correct": 183, "num_predicted": 240, "num_actual": 268, "precision": 0.7625, "recall": 0.6828358208955224, "f1_score": 0.720472440944882}, "spouse": {"num_correct": 218, "num_predicted": 282, "num_actual": 268, "precision": 0.7730496453900709, "recall": 0.8134328358208955, "f1_score": 0.7927272727272728}}