{"birthplace": {"precision": 0.8755020080321285, "num_actual": 255, "f1_score": 0.8650793650793651, "recall": 0.8549019607843137, "num_correct": 218, "num_predicted": 249}, "birthdate": {"precision": 0.8978102189781022, "num_actual": 255, "f1_score": 0.9300567107750473, "recall": 0.9647058823529412, "num_correct": 246, "num_predicted": 274}, "hypernym": {"precision": 0.9338842975206612, "num_actual": 255, "f1_score": 0.9094567404426559, "recall": 0.8862745098039215, "num_correct": 226, "num_predicted": 242}, "spouse": {"precision": 0.9186046511627907, "num_actual": 255, "f1_score": 0.9239766081871345, "recall": 0.9294117647058824, "num_correct": 237, "num_predicted": 258}}