{"birthplace": {"num_correct": 203, "num_predicted": 228, "num_actual": 255, "precision": 0.8903508771929824, "recall": 0.796078431372549, "f1_score": 0.8405797101449276}, "birthdate": {"num_correct": 250, "num_predicted": 283, "num_actual": 255, "precision": 0.8833922261484098, "recall": 0.9803921568627451, "f1_score": 0.929368029739777}, "hypernym": {"num_correct": 215, "num_predicted": 240, "num_actual": 255, "precision": 0.8958333333333334, "recall": 0.8431372549019608, "f1_score": 0.8686868686868686}, "spouse": {"num_correct": 238, "num_predicted": 269, "num_actual": 255, "precision": 0.8847583643122676, "recall": 0.9333333333333333, "f1_score": 0.9083969465648856}}