{"birthplace": {"num_correct": 225, "num_predicted": 256, "num_actual": 268, "precision": 0.87890625, "recall": 0.8395522388059702, "f1_score": 0.8587786259541985}, "birthdate": {"num_correct": 254, "num_predicted": 272, "num_actual": 268, "precision": 0.9338235294117647, "recall": 0.9477611940298507, "f1_score": 0.9407407407407408}, "hypernym": {"num_correct": 248, "num_predicted": 278, "num_actual": 268, "precision": 0.8920863309352518, "recall": 0.9253731343283582, "f1_score": 0.9084249084249084}, "spouse": {"num_correct": 247, "num_predicted": 271, "num_actual": 268, "precision": 0.9114391143911439, "recall": 0.9216417910447762, "f1_score": 0.9165120593692022}}