{"birthplace": {"num_correct": 219, "num_predicted": 251, "num_actual": 255, "precision": 0.8725099601593626, "recall": 0.8588235294117647, "f1_score": 0.8656126482213439}, "birthdate": {"num_correct": 242, "num_predicted": 269, "num_actual": 255, "precision": 0.8996282527881041, "recall": 0.9490196078431372, "f1_score": 0.9236641221374046}, "hypernym": {"num_correct": 231, "num_predicted": 249, "num_actual": 255, "precision": 0.927710843373494, "recall": 0.9058823529411765, "f1_score": 0.9166666666666667}, "spouse": {"num_correct": 237, "num_predicted": 255, "num_actual": 255, "precision": 0.9294117647058824, "recall": 0.9294117647058824, "f1_score": 0.9294117647058824}}