{"birthplace": {"num_correct": 174, "num_predicted": 222, "num_actual": 255, "precision": 0.7837837837837838, "recall": 0.6823529411764706, "f1_score": 0.7295597484276729}, "birthdate": {"num_correct": 218, "num_predicted": 293, "num_actual": 255, "precision": 0.7440273037542662, "recall": 0.8549019607843137, "f1_score": 0.7956204379562043}, "hypernym": {"num_correct": 185, "num_predicted": 313, "num_actual": 255, "precision": 0.5910543130990416, "recall": 0.7254901960784313, "f1_score": 0.6514084507042254}, "spouse": {"num_correct": 229, "num_predicted": 290, "num_actual": 255, "precision": 0.7896551724137931, "recall": 0.8980392156862745, "f1_score": 0.8403669724770643}}