{"birthplace": {"num_correct": 223, "num_predicted": 279, "num_actual": 268, "precision": 0.7992831541218638, "recall": 0.832089552238806, "f1_score": 0.8153564899451553}, "birthdate": {"num_correct": 229, "num_predicted": 262, "num_actual": 268, "precision": 0.8740458015267175, "recall": 0.8544776119402985, "f1_score": 0.8641509433962263}, "hypernym": {"num_correct": 239, "num_predicted": 267, "num_actual": 268, "precision": 0.8951310861423221, "recall": 0.8917910447761194, "f1_score": 0.8934579439252336}, "spouse": {"num_correct": 230, "num_predicted": 273, "num_actual": 268, "precision": 0.8424908424908425, "recall": 0.8582089552238806, "f1_score": 0.8502772643253236}}