{"birthplace": {"num_correct": 219, "num_predicted": 246, "num_actual": 255, "precision": 0.8902439024390244, "recall": 0.8588235294117647, "f1_score": 0.874251497005988}, "birthdate": {"num_correct": 245, "num_predicted": 271, "num_actual": 255, "precision": 0.9040590405904059, "recall": 0.9607843137254902, "f1_score": 0.9315589353612167}, "hypernym": {"num_correct": 237, "num_predicted": 268, "num_actual": 255, "precision": 0.8843283582089553, "recall": 0.9294117647058824, "f1_score": 0.9063097514340346}, "spouse": {"num_correct": 225, "num_predicted": 239, "num_actual": 255, "precision": 0.9414225941422594, "recall": 0.8823529411764706, "f1_score": 0.9109311740890688}}