{"birthplace": {"num_correct": 211, "num_predicted": 230, "num_actual": 255, "precision": 0.9173913043478261, "recall": 0.8274509803921568, "f1_score": 0.8701030927835051}, "birthdate": {"num_correct": 245, "num_predicted": 271, "num_actual": 255, "precision": 0.9040590405904059, "recall": 0.9607843137254902, "f1_score": 0.9315589353612167}, "hypernym": {"num_correct": 238, "num_predicted": 274, "num_actual": 255, "precision": 0.8686131386861314, "recall": 0.9333333333333333, "f1_score": 0.8998109640831758}, "spouse": {"num_correct": 229, "num_predicted": 248, "num_actual": 255, "precision": 0.9233870967741935, "recall": 0.8980392156862745, "f1_score": 0.9105367793240557}}