{"birthplace": {"num_correct": 224, "num_predicted": 245, "num_actual": 255, "precision": 0.9142857142857143, "recall": 0.8784313725490196, "f1_score": 0.896}, "birthdate": {"num_correct": 251, "num_predicted": 277, "num_actual": 255, "precision": 0.9061371841155235, "recall": 0.984313725490196, "f1_score": 0.9436090225563909}, "hypernym": {"num_correct": 237, "num_predicted": 260, "num_actual": 255, "precision": 0.9115384615384615, "recall": 0.9294117647058824, "f1_score": 0.920388349514563}, "spouse": {"num_correct": 234, "num_predicted": 245, "num_actual": 255, "precision": 0.9551020408163265, "recall": 0.9176470588235294, "f1_score": 0.936}}