{"birthplace": {"num_correct": 207, "num_predicted": 235, "num_actual": 255, "precision": 0.8808510638297873, "recall": 0.8117647058823529, "f1_score": 0.8448979591836735}, "birthdate": {"num_correct": 246, "num_predicted": 273, "num_actual": 255, "precision": 0.9010989010989011, "recall": 0.9647058823529412, "f1_score": 0.9318181818181819}, "hypernym": {"num_correct": 231, "num_predicted": 264, "num_actual": 255, "precision": 0.875, "recall": 0.9058823529411765, "f1_score": 0.8901734104046243}, "spouse": {"num_correct": 227, "num_predicted": 249, "num_actual": 255, "precision": 0.9116465863453815, "recall": 0.8901960784313725, "f1_score": 0.9007936507936508}}