{"birthplace": {"num_correct": 221, "num_predicted": 263, "num_actual": 268, "precision": 0.8403041825095057, "recall": 0.8246268656716418, "f1_score": 0.8323917137476459}, "birthdate": {"num_correct": 244, "num_predicted": 278, "num_actual": 268, "precision": 0.8776978417266187, "recall": 0.9104477611940298, "f1_score": 0.8937728937728937}, "hypernym": {"num_correct": 236, "num_predicted": 266, "num_actual": 268, "precision": 0.8872180451127819, "recall": 0.8805970149253731, "f1_score": 0.8838951310861424}, "spouse": {"num_correct": 238, "num_predicted": 270, "num_actual": 268, "precision": 0.8814814814814815, "recall": 0.8880597014925373, "f1_score": 0.8847583643122676}}