{"birthplace": {"num_correct": 207, "num_predicted": 234, "num_actual": 255, "precision": 0.8846153846153846, "recall": 0.8117647058823529, "f1_score": 0.8466257668711656}, "birthdate": {"num_correct": 248, "num_predicted": 280, "num_actual": 255, "precision": 0.8857142857142857, "recall": 0.9725490196078431, "f1_score": 0.9271028037383177}, "hypernym": {"num_correct": 221, "num_predicted": 253, "num_actual": 255, "precision": 0.8735177865612648, "recall": 0.8666666666666667, "f1_score": 0.8700787401574804}, "spouse": {"num_correct": 231, "num_predicted": 253, "num_actual": 255, "precision": 0.9130434782608695, "recall": 0.9058823529411765, "f1_score": 0.9094488188976377}}