{"birthdate": {"f1_score": 0.896551724137931, "recall": 0.9216417910447762, "num_correct": 247, "num_actual": 268, "precision": 0.872791519434629, "num_predicted": 283}, "spouse": {"f1_score": 0.8805970149253731, "recall": 0.8805970149253731, "num_correct": 236, "num_actual": 268, "precision": 0.8805970149253731, "num_predicted": 268}, "birthplace": {"f1_score": 0.8248175182481752, "recall": 0.8432835820895522, "num_correct": 226, "num_actual": 268, "precision": 0.8071428571428572, "num_predicted": 280}, "hypernym": {"f1_score": 0.8867562380038388, "recall": 0.8619402985074627, "num_correct": 231, "num_actual": 268, "precision": 0.9130434782608695, "num_predicted": 253}}