{"birthplace": {"num_correct": 230, "num_predicted": 312, "num_actual": 268, "precision": 0.7371794871794872, "recall": 0.8582089552238806, "f1_score": 0.7931034482758621}, "birthdate": {"num_correct": 226, "num_predicted": 254, "num_actual": 268, "precision": 0.889763779527559, "recall": 0.8432835820895522, "f1_score": 0.8659003831417623}, "hypernym": {"num_correct": 224, "num_predicted": 244, "num_actual": 268, "precision": 0.9180327868852459, "recall": 0.835820895522388, "f1_score": 0.875}, "spouse": {"num_correct": 236, "num_predicted": 271, "num_actual": 268, "precision": 0.8708487084870848, "recall": 0.8805970149253731, "f1_score": 0.87569573283859}}