{"birthplace": {"num_correct": 183, "num_predicted": 234, "num_actual": 268, "precision": 0.782051282051282, "recall": 0.6828358208955224, "f1_score": 0.7290836653386455}, "birthdate": {"num_correct": 236, "num_predicted": 329, "num_actual": 268, "precision": 0.7173252279635258, "recall": 0.8805970149253731, "f1_score": 0.7906197654941374}, "hypernym": {"num_correct": 169, "num_predicted": 217, "num_actual": 268, "precision": 0.7788018433179723, "recall": 0.6305970149253731, "f1_score": 0.6969072164948453}, "spouse": {"num_correct": 228, "num_predicted": 308, "num_actual": 268, "precision": 0.7402597402597403, "recall": 0.8507462686567164, "f1_score": 0.7916666666666667}}