{"birthplace": {"num_correct": 170, "num_predicted": 254, "num_actual": 255, "precision": 0.6692913385826772, "recall": 0.6666666666666666, "f1_score": 0.6679764243614932}, "birthdate": {"num_correct": 180, "num_predicted": 225, "num_actual": 255, "precision": 0.8, "recall": 0.7058823529411765, "f1_score": 0.7500000000000001}, "hypernym": {"num_correct": 193, "num_predicted": 301, "num_actual": 255, "precision": 0.6411960132890365, "recall": 0.7568627450980392, "f1_score": 0.6942446043165468}, "spouse": {"num_correct": 206, "num_predicted": 241, "num_actual": 255, "precision": 0.8547717842323651, "recall": 0.807843137254902, "f1_score": 0.8306451612903226}}