{"birthplace": {"num_correct": 184, "num_predicted": 238, "num_actual": 255, "precision": 0.773109243697479, "recall": 0.7215686274509804, "f1_score": 0.7464503042596349}, "birthdate": {"num_correct": 223, "num_predicted": 290, "num_actual": 255, "precision": 0.7689655172413793, "recall": 0.8745098039215686, "f1_score": 0.8183486238532109}, "hypernym": {"num_correct": 183, "num_predicted": 215, "num_actual": 255, "precision": 0.8511627906976744, "recall": 0.7176470588235294, "f1_score": 0.778723404255319}, "spouse": {"num_correct": 227, "num_predicted": 278, "num_actual": 255, "precision": 0.8165467625899281, "recall": 0.8901960784313725, "f1_score": 0.8517823639774859}}