{"birthplace": {"num_correct": 205, "num_predicted": 281, "num_actual": 268, "precision": 0.7295373665480427, "recall": 0.7649253731343284, "f1_score": 0.7468123861566485}, "birthdate": {"num_correct": 216, "num_predicted": 297, "num_actual": 268, "precision": 0.7272727272727273, "recall": 0.8059701492537313, "f1_score": 0.7646017699115044}, "hypernym": {"num_correct": 178, "num_predicted": 226, "num_actual": 268, "precision": 0.7876106194690266, "recall": 0.664179104477612, "f1_score": 0.7206477732793523}, "spouse": {"num_correct": 217, "num_predicted": 278, "num_actual": 268, "precision": 0.7805755395683454, "recall": 0.8097014925373134, "f1_score": 0.7948717948717949}}