{"birthplace": {"num_correct": 188, "num_predicted": 246, "num_actual": 268, "precision": 0.7642276422764228, "recall": 0.7014925373134329, "f1_score": 0.7315175097276265}, "birthdate": {"num_correct": 222, "num_predicted": 309, "num_actual": 268, "precision": 0.7184466019417476, "recall": 0.8283582089552238, "f1_score": 0.7694974003466205}, "hypernym": {"num_correct": 182, "num_predicted": 238, "num_actual": 268, "precision": 0.7647058823529411, "recall": 0.6791044776119403, "f1_score": 0.7193675889328063}, "spouse": {"num_correct": 224, "num_predicted": 291, "num_actual": 268, "precision": 0.7697594501718213, "recall": 0.835820895522388, "f1_score": 0.8014311270125223}}