{"birthplace": {"num_correct": 188, "num_predicted": 292, "num_actual": 255, "precision": 0.6438356164383562, "recall": 0.7372549019607844, "f1_score": 0.6873857404021938}, "birthdate": {"num_correct": 172, "num_predicted": 228, "num_actual": 255, "precision": 0.7543859649122807, "recall": 0.6745098039215687, "f1_score": 0.7122153209109733}, "hypernym": {"num_correct": 183, "num_predicted": 324, "num_actual": 255, "precision": 0.5648148148148148, "recall": 0.7176470588235294, "f1_score": 0.6321243523316061}, "spouse": {"num_correct": 220, "num_predicted": 272, "num_actual": 255, "precision": 0.8088235294117647, "recall": 0.8627450980392157, "f1_score": 0.8349146110056925}}