{"birthplace": {"num_correct": 181, "num_predicted": 246, "num_actual": 255, "precision": 0.7357723577235772, "recall": 0.7098039215686275, "f1_score": 0.722554890219561}, "birthdate": {"num_correct": 202, "num_predicted": 261, "num_actual": 255, "precision": 0.7739463601532567, "recall": 0.792156862745098, "f1_score": 0.7829457364341085}, "hypernym": {"num_correct": 194, "num_predicted": 247, "num_actual": 255, "precision": 0.7854251012145749, "recall": 0.7607843137254902, "f1_score": 0.7729083665338645}, "spouse": {"num_correct": 224, "num_predicted": 270, "num_actual": 255, "precision": 0.8296296296296296, "recall": 0.8784313725490196, "f1_score": 0.8533333333333333}}