{"birthplace": {"num_correct": 167, "num_predicted": 217, "num_actual": 255, "precision": 0.7695852534562212, "recall": 0.6549019607843137, "f1_score": 0.7076271186440678}, "birthdate": {"num_correct": 218, "num_predicted": 311, "num_actual": 255, "precision": 0.7009646302250804, "recall": 0.8549019607843137, "f1_score": 0.7703180212014133}, "hypernym": {"num_correct": 181, "num_predicted": 325, "num_actual": 255, "precision": 0.556923076923077, "recall": 0.7098039215686275, "f1_score": 0.6241379310344828}, "spouse": {"num_correct": 219, "num_predicted": 266, "num_actual": 255, "precision": 0.8233082706766918, "recall": 0.8588235294117647, "f1_score": 0.8406909788867561}}