{"hypernym": {"num_correct": 226, "precision": 0.9456066945606695, "recall": 0.8862745098039215, "num_predicted": 239, "num_actual": 255, "f1_score": 0.9149797570850202}, "spouse": {"num_correct": 241, "precision": 0.909433962264151, "recall": 0.9450980392156862, "num_predicted": 265, "num_actual": 255, "f1_score": 0.926923076923077}, "birthdate": {"num_correct": 245, "precision": 0.9074074074074074, "recall": 0.9607843137254902, "num_predicted": 270, "num_actual": 255, "f1_score": 0.9333333333333333}, "birthplace": {"num_correct": 220, "precision": 0.873015873015873, "recall": 0.8627450980392157, "num_predicted": 252, "num_actual": 255, "f1_score": 0.8678500986193295}}