{"birthplace": {"num_correct": 188, "num_predicted": 276, "num_actual": 268, "precision": 0.6811594202898551, "recall": 0.7014925373134329, "f1_score": 0.6911764705882354}, "birthdate": {"num_correct": 202, "num_predicted": 281, "num_actual": 268, "precision": 0.7188612099644128, "recall": 0.753731343283582, "f1_score": 0.7358834244080146}, "hypernym": {"num_correct": 175, "num_predicted": 239, "num_actual": 268, "precision": 0.7322175732217573, "recall": 0.6529850746268657, "f1_score": 0.6903353057199211}, "spouse": {"num_correct": 222, "num_predicted": 305, "num_actual": 268, "precision": 0.7278688524590164, "recall": 0.8283582089552238, "f1_score": 0.7748691099476441}}