{"birthplace": {"num_correct": 232, "f1_score": 0.8738229755178908, "num_actual": 268, "num_predicted": 263, "recall": 0.8656716417910447, "precision": 0.8821292775665399}, "spouse": {"num_correct": 240, "f1_score": 0.888888888888889, "num_actual": 268, "num_predicted": 272, "recall": 0.8955223880597015, "precision": 0.8823529411764706}, "birthdate": {"num_correct": 253, "f1_score": 0.9233576642335767, "num_actual": 268, "num_predicted": 280, "recall": 0.9440298507462687, "precision": 0.9035714285714286}, "hypernym": {"num_correct": 241, "f1_score": 0.9026217228464419, "num_actual": 268, "num_predicted": 266, "recall": 0.8992537313432836, "precision": 0.9060150375939849}}