{"birthplace": {"num_correct": 191, "num_predicted": 277, "num_actual": 268, "precision": 0.6895306859205776, "recall": 0.7126865671641791, "f1_score": 0.7009174311926606}, "birthdate": {"num_correct": 205, "num_predicted": 275, "num_actual": 268, "precision": 0.7454545454545455, "recall": 0.7649253731343284, "f1_score": 0.7550644567219155}, "hypernym": {"num_correct": 180, "num_predicted": 229, "num_actual": 268, "precision": 0.7860262008733624, "recall": 0.6716417910447762, "f1_score": 0.7243460764587525}, "spouse": {"num_correct": 220, "num_predicted": 303, "num_actual": 268, "precision": 0.7260726072607261, "recall": 0.8208955223880597, "f1_score": 0.7705779334500876}}