{"birthplace": {"num_correct": 186, "num_predicted": 238, "num_actual": 268, "precision": 0.7815126050420168, "recall": 0.6940298507462687, "f1_score": 0.7351778656126483}, "birthdate": {"num_correct": 234, "num_predicted": 327, "num_actual": 268, "precision": 0.7155963302752294, "recall": 0.8731343283582089, "f1_score": 0.7865546218487395}, "hypernym": {"num_correct": 175, "num_predicted": 211, "num_actual": 268, "precision": 0.8293838862559242, "recall": 0.6529850746268657, "f1_score": 0.7306889352818371}, "spouse": {"num_correct": 231, "num_predicted": 305, "num_actual": 268, "precision": 0.7573770491803279, "recall": 0.8619402985074627, "f1_score": 0.806282722513089}}