{"birthplace": {"num_correct": 190, "num_predicted": 251, "num_actual": 268, "precision": 0.7569721115537849, "recall": 0.7089552238805971, "f1_score": 0.7321772639691716}, "birthdate": {"num_correct": 230, "num_predicted": 326, "num_actual": 268, "precision": 0.7055214723926381, "recall": 0.8582089552238806, "f1_score": 0.7744107744107744}, "hypernym": {"num_correct": 171, "num_predicted": 214, "num_actual": 268, "precision": 0.7990654205607477, "recall": 0.6380597014925373, "f1_score": 0.7095435684647303}, "spouse": {"num_correct": 224, "num_predicted": 293, "num_actual": 268, "precision": 0.764505119453925, "recall": 0.835820895522388, "f1_score": 0.7985739750445633}}