{"birthplace": {"num_correct": 228, "num_predicted": 273, "num_actual": 268, "precision": 0.8351648351648352, "recall": 0.8507462686567164, "f1_score": 0.8428835489833642}, "birthdate": {"num_correct": 254, "num_predicted": 287, "num_actual": 268, "precision": 0.8850174216027874, "recall": 0.9477611940298507, "f1_score": 0.9153153153153153}, "hypernym": {"num_correct": 234, "num_predicted": 263, "num_actual": 268, "precision": 0.8897338403041825, "recall": 0.8731343283582089, "f1_score": 0.8813559322033898}, "spouse": {"num_correct": 232, "num_predicted": 259, "num_actual": 268, "precision": 0.8957528957528957, "recall": 0.8656716417910447, "f1_score": 0.8804554079696395}}