{"birthplace": {"num_correct": 225, "num_predicted": 256, "num_actual": 255, "precision": 0.87890625, "recall": 0.8823529411764706, "f1_score": 0.8806262230919766}, "birthdate": {"num_correct": 252, "num_predicted": 276, "num_actual": 255, "precision": 0.9130434782608695, "recall": 0.9882352941176471, "f1_score": 0.9491525423728814}, "hypernym": {"num_correct": 223, "num_predicted": 238, "num_actual": 255, "precision": 0.9369747899159664, "recall": 0.8745098039215686, "f1_score": 0.9046653144016227}, "spouse": {"num_correct": 237, "num_predicted": 255, "num_actual": 255, "precision": 0.9294117647058824, "recall": 0.9294117647058824, "f1_score": 0.9294117647058824}}