{"birthplace": {"num_correct": 187, "num_predicted": 262, "num_actual": 268, "precision": 0.7137404580152672, "recall": 0.6977611940298507, "f1_score": 0.7056603773584906}, "birthdate": {"num_correct": 221, "num_predicted": 307, "num_actual": 268, "precision": 0.7198697068403909, "recall": 0.8246268656716418, "f1_score": 0.7686956521739131}, "hypernym": {"num_correct": 168, "num_predicted": 227, "num_actual": 268, "precision": 0.7400881057268722, "recall": 0.6268656716417911, "f1_score": 0.6787878787878788}, "spouse": {"num_correct": 217, "num_predicted": 290, "num_actual": 268, "precision": 0.7482758620689656, "recall": 0.8097014925373134, "f1_score": 0.7777777777777778}}