{"hypernym": {"num_correct": 215, "num_actual": 255, "recall": 0.8431372549019608, "num_predicted": 229, "precision": 0.9388646288209607, "f1_score": 0.8884297520661156}, "birthplace": {"num_correct": 217, "num_actual": 255, "recall": 0.8509803921568627, "num_predicted": 243, "precision": 0.8930041152263375, "f1_score": 0.8714859437751005}, "spouse": {"num_correct": 236, "num_actual": 255, "recall": 0.9254901960784314, "num_predicted": 260, "precision": 0.9076923076923077, "f1_score": 0.9165048543689319}, "birthdate": {"num_correct": 250, "num_actual": 255, "recall": 0.9803921568627451, "num_predicted": 292, "precision": 0.8561643835616438, "f1_score": 0.9140767824497258}}