{"birthplace": {"num_correct": 185, "num_predicted": 298, "num_actual": 255, "precision": 0.6208053691275168, "recall": 0.7254901960784313, "f1_score": 0.6690777576853526}, "birthdate": {"num_correct": 173, "num_predicted": 222, "num_actual": 255, "precision": 0.7792792792792793, "recall": 0.6784313725490196, "f1_score": 0.7253668763102726}, "hypernym": {"num_correct": 182, "num_predicted": 251, "num_actual": 255, "precision": 0.7250996015936255, "recall": 0.7137254901960784, "f1_score": 0.7193675889328064}, "spouse": {"num_correct": 210, "num_predicted": 247, "num_actual": 255, "precision": 0.8502024291497976, "recall": 0.8235294117647058, "f1_score": 0.8366533864541833}}