{"birthplace": {"num_correct": 175, "num_predicted": 239, "num_actual": 268, "precision": 0.7322175732217573, "recall": 0.6529850746268657, "f1_score": 0.6903353057199211}, "birthdate": {"num_correct": 219, "num_predicted": 286, "num_actual": 268, "precision": 0.7657342657342657, "recall": 0.8171641791044776, "f1_score": 0.7906137184115523}, "hypernym": {"num_correct": 190, "num_predicted": 290, "num_actual": 268, "precision": 0.6551724137931034, "recall": 0.7089552238805971, "f1_score": 0.6810035842293908}, "spouse": {"num_correct": 205, "num_predicted": 267, "num_actual": 268, "precision": 0.7677902621722846, "recall": 0.7649253731343284, "f1_score": 0.7663551401869159}}