{"birthplace": {"num_correct": 177, "num_predicted": 229, "num_actual": 255, "precision": 0.7729257641921398, "recall": 0.6941176470588235, "f1_score": 0.7314049586776858}, "birthdate": {"num_correct": 214, "num_predicted": 287, "num_actual": 255, "precision": 0.7456445993031359, "recall": 0.8392156862745098, "f1_score": 0.7896678966789668}, "hypernym": {"num_correct": 186, "num_predicted": 250, "num_actual": 255, "precision": 0.744, "recall": 0.7294117647058823, "f1_score": 0.7366336633663366}, "spouse": {"num_correct": 219, "num_predicted": 259, "num_actual": 255, "precision": 0.8455598455598455, "recall": 0.8588235294117647, "f1_score": 0.8521400778210116}}