{"birthplace": {"num_correct": 182, "num_predicted": 223, "num_actual": 255, "precision": 0.8161434977578476, "recall": 0.7137254901960784, "f1_score": 0.7615062761506276}, "birthdate": {"num_correct": 231, "num_predicted": 305, "num_actual": 255, "precision": 0.7573770491803279, "recall": 0.9058823529411765, "f1_score": 0.8250000000000001}, "hypernym": {"num_correct": 186, "num_predicted": 213, "num_actual": 255, "precision": 0.8732394366197183, "recall": 0.7294117647058823, "f1_score": 0.7948717948717949}, "spouse": {"num_correct": 233, "num_predicted": 280, "num_actual": 255, "precision": 0.8321428571428572, "recall": 0.9137254901960784, "f1_score": 0.8710280373831776}}