{"birthplace": {"num_correct": 195, "num_predicted": 300, "num_actual": 268, "precision": 0.65, "recall": 0.7276119402985075, "f1_score": 0.6866197183098592}, "birthdate": {"num_correct": 204, "num_predicted": 303, "num_actual": 268, "precision": 0.6732673267326733, "recall": 0.7611940298507462, "f1_score": 0.714535901926445}, "hypernym": {"num_correct": 164, "num_predicted": 250, "num_actual": 268, "precision": 0.656, "recall": 0.6119402985074627, "f1_score": 0.6332046332046333}, "spouse": {"num_correct": 202, "num_predicted": 257, "num_actual": 268, "precision": 0.7859922178988327, "recall": 0.753731343283582, "f1_score": 0.7695238095238095}}