{"birthplace": {"num_correct": 176, "num_predicted": 288, "num_actual": 255, "precision": 0.6111111111111112, "recall": 0.6901960784313725, "f1_score": 0.6482504604051565}, "birthdate": {"num_correct": 183, "num_predicted": 244, "num_actual": 255, "precision": 0.75, "recall": 0.7176470588235294, "f1_score": 0.7334669338677354}, "hypernym": {"num_correct": 166, "num_predicted": 236, "num_actual": 255, "precision": 0.7033898305084746, "recall": 0.6509803921568628, "f1_score": 0.6761710794297352}, "spouse": {"num_correct": 215, "num_predicted": 262, "num_actual": 255, "precision": 0.8206106870229007, "recall": 0.8431372549019608, "f1_score": 0.8317214700193424}}