{"birthplace": {"num_correct": 219, "num_predicted": 269, "num_actual": 268, "precision": 0.8141263940520446, "recall": 0.8171641791044776, "f1_score": 0.8156424581005587}, "birthdate": {"num_correct": 247, "num_predicted": 283, "num_actual": 268, "precision": 0.872791519434629, "recall": 0.9216417910447762, "f1_score": 0.896551724137931}, "hypernym": {"num_correct": 228, "num_predicted": 259, "num_actual": 268, "precision": 0.8803088803088803, "recall": 0.8507462686567164, "f1_score": 0.8652751423149905}, "spouse": {"num_correct": 234, "num_predicted": 275, "num_actual": 268, "precision": 0.850909090909091, "recall": 0.8731343283582089, "f1_score": 0.8618784530386739}}