{"birthplace": {"num_correct": 229, "num_predicted": 265, "num_actual": 268, "precision": 0.8641509433962264, "recall": 0.8544776119402985, "f1_score": 0.8592870544090055}, "birthdate": {"num_correct": 252, "num_predicted": 287, "num_actual": 268, "precision": 0.8780487804878049, "recall": 0.9402985074626866, "f1_score": 0.908108108108108}, "hypernym": {"num_correct": 232, "num_predicted": 257, "num_actual": 268, "precision": 0.9027237354085603, "recall": 0.8656716417910447, "f1_score": 0.8838095238095238}, "spouse": {"num_correct": 238, "num_predicted": 273, "num_actual": 268, "precision": 0.8717948717948718, "recall": 0.8880597014925373, "f1_score": 0.8798521256931608}}