{"birthplace": {"num_correct": 228, "num_predicted": 265, "num_actual": 255, "precision": 0.8603773584905661, "recall": 0.8941176470588236, "f1_score": 0.8769230769230769}, "birthdate": {"num_correct": 252, "num_predicted": 279, "num_actual": 255, "precision": 0.9032258064516129, "recall": 0.9882352941176471, "f1_score": 0.943820224719101}, "hypernym": {"num_correct": 219, "num_predicted": 230, "num_actual": 255, "precision": 0.9521739130434783, "recall": 0.8588235294117647, "f1_score": 0.9030927835051547}, "spouse": {"num_correct": 237, "num_predicted": 248, "num_actual": 255, "precision": 0.9556451612903226, "recall": 0.9294117647058824, "f1_score": 0.9423459244532804}}