{"birthplace": {"num_correct": 213, "num_predicted": 265, "num_actual": 255, "precision": 0.8037735849056604, "recall": 0.8352941176470589, "f1_score": 0.8192307692307692}, "birthdate": {"num_correct": 223, "num_predicted": 253, "num_actual": 255, "precision": 0.8814229249011858, "recall": 0.8745098039215686, "f1_score": 0.8779527559055118}, "hypernym": {"num_correct": 217, "num_predicted": 242, "num_actual": 255, "precision": 0.8966942148760331, "recall": 0.8509803921568627, "f1_score": 0.8732394366197183}, "spouse": {"num_correct": 225, "num_predicted": 265, "num_actual": 255, "precision": 0.8490566037735849, "recall": 0.8823529411764706, "f1_score": 0.8653846153846154}}