{"birthplace": {"num_correct": 230, "num_predicted": 275, "num_actual": 268, "precision": 0.8363636363636363, "recall": 0.8582089552238806, "f1_score": 0.8471454880294659}, "birthdate": {"num_correct": 244, "num_predicted": 275, "num_actual": 268, "precision": 0.8872727272727273, "recall": 0.9104477611940298, "f1_score": 0.8987108655616943}, "hypernym": {"num_correct": 242, "num_predicted": 264, "num_actual": 268, "precision": 0.9166666666666666, "recall": 0.9029850746268657, "f1_score": 0.9097744360902257}, "spouse": {"num_correct": 235, "num_predicted": 267, "num_actual": 268, "precision": 0.8801498127340824, "recall": 0.8768656716417911, "f1_score": 0.8785046728971962}}