{"birthplace": {"num_correct": 186, "num_predicted": 257, "num_actual": 268, "precision": 0.7237354085603113, "recall": 0.6940298507462687, "f1_score": 0.7085714285714286}, "birthdate": {"num_correct": 212, "num_predicted": 289, "num_actual": 268, "precision": 0.7335640138408305, "recall": 0.7910447761194029, "f1_score": 0.7612208258527827}, "hypernym": {"num_correct": 181, "num_predicted": 237, "num_actual": 268, "precision": 0.7637130801687764, "recall": 0.6753731343283582, "f1_score": 0.7168316831683168}, "spouse": {"num_correct": 223, "num_predicted": 303, "num_actual": 268, "precision": 0.735973597359736, "recall": 0.832089552238806, "f1_score": 0.7810858143607705}}