{"birthplace": {"num_correct": 225, "num_predicted": 263, "num_actual": 268, "precision": 0.8555133079847909, "recall": 0.8395522388059702, "f1_score": 0.847457627118644}, "birthdate": {"num_correct": 243, "num_predicted": 272, "num_actual": 268, "precision": 0.8933823529411765, "recall": 0.9067164179104478, "f1_score": 0.9}, "hypernym": {"num_correct": 245, "num_predicted": 276, "num_actual": 268, "precision": 0.8876811594202898, "recall": 0.914179104477612, "f1_score": 0.900735294117647}, "spouse": {"num_correct": 233, "num_predicted": 266, "num_actual": 268, "precision": 0.8759398496240601, "recall": 0.8694029850746269, "f1_score": 0.8726591760299626}}