{"birthplace": {"num_correct": 234, "num_predicted": 277, "num_actual": 268, "precision": 0.8447653429602888, "recall": 0.8731343283582089, "f1_score": 0.8587155963302752}, "birthdate": {"num_correct": 240, "num_predicted": 267, "num_actual": 268, "precision": 0.898876404494382, "recall": 0.8955223880597015, "f1_score": 0.8971962616822431}, "hypernym": {"num_correct": 246, "num_predicted": 269, "num_actual": 268, "precision": 0.9144981412639405, "recall": 0.917910447761194, "f1_score": 0.9162011173184358}, "spouse": {"num_correct": 235, "num_predicted": 266, "num_actual": 268, "precision": 0.8834586466165414, "recall": 0.8768656716417911, "f1_score": 0.8801498127340825}}