{"birthplace": {"num_correct": 189, "num_predicted": 208, "num_actual": 255, "precision": 0.9086538461538461, "recall": 0.7411764705882353, "f1_score": 0.816414686825054}, "birthdate": {"num_correct": 251, "num_predicted": 287, "num_actual": 255, "precision": 0.8745644599303136, "recall": 0.984313725490196, "f1_score": 0.9261992619926198}, "hypernym": {"num_correct": 224, "num_predicted": 255, "num_actual": 255, "precision": 0.8784313725490196, "recall": 0.8784313725490196, "f1_score": 0.8784313725490196}, "spouse": {"num_correct": 238, "num_predicted": 269, "num_actual": 255, "precision": 0.8847583643122676, "recall": 0.9333333333333333, "f1_score": 0.9083969465648856}}