{"birthplace": {"num_correct": 194, "num_predicted": 255, "num_actual": 268, "precision": 0.7607843137254902, "recall": 0.7238805970149254, "f1_score": 0.7418738049713192}, "birthdate": {"num_correct": 227, "num_predicted": 307, "num_actual": 268, "precision": 0.739413680781759, "recall": 0.8470149253731343, "f1_score": 0.7895652173913044}, "hypernym": {"num_correct": 175, "num_predicted": 226, "num_actual": 268, "precision": 0.7743362831858407, "recall": 0.6529850746268657, "f1_score": 0.7085020242914981}, "spouse": {"num_correct": 226, "num_predicted": 296, "num_actual": 268, "precision": 0.7635135135135135, "recall": 0.8432835820895522, "f1_score": 0.801418439716312}}