{"birthplace": {"num_correct": 222, "num_predicted": 283, "num_actual": 268, "precision": 0.784452296819788, "recall": 0.8283582089552238, "f1_score": 0.8058076225045372}, "birthdate": {"num_correct": 238, "num_predicted": 271, "num_actual": 268, "precision": 0.8782287822878229, "recall": 0.8880597014925373, "f1_score": 0.8831168831168831}, "hypernym": {"num_correct": 231, "num_predicted": 264, "num_actual": 268, "precision": 0.875, "recall": 0.8619402985074627, "f1_score": 0.8684210526315789}, "spouse": {"num_correct": 223, "num_predicted": 261, "num_actual": 268, "precision": 0.8544061302681992, "recall": 0.832089552238806, "f1_score": 0.8431001890359169}}