{"birthplace": {"num_correct": 193, "num_predicted": 312, "num_actual": 255, "precision": 0.6185897435897436, "recall": 0.7568627450980392, "f1_score": 0.6807760141093474}, "birthdate": {"num_correct": 174, "num_predicted": 225, "num_actual": 255, "precision": 0.7733333333333333, "recall": 0.6823529411764706, "f1_score": 0.725}, "hypernym": {"num_correct": 181, "num_predicted": 234, "num_actual": 255, "precision": 0.7735042735042735, "recall": 0.7098039215686275, "f1_score": 0.7402862985685073}, "spouse": {"num_correct": 213, "num_predicted": 253, "num_actual": 255, "precision": 0.841897233201581, "recall": 0.8352941176470589, "f1_score": 0.8385826771653543}}