{"birthplace": {"num_correct": 219, "num_predicted": 268, "num_actual": 268, "precision": 0.8171641791044776, "recall": 0.8171641791044776, "f1_score": 0.8171641791044777}, "birthdate": {"num_correct": 237, "num_predicted": 273, "num_actual": 268, "precision": 0.8681318681318682, "recall": 0.8843283582089553, "f1_score": 0.8761552680221811}, "hypernym": {"num_correct": 232, "num_predicted": 269, "num_actual": 268, "precision": 0.862453531598513, "recall": 0.8656716417910447, "f1_score": 0.8640595903165734}, "spouse": {"num_correct": 237, "num_predicted": 273, "num_actual": 268, "precision": 0.8681318681318682, "recall": 0.8843283582089553, "f1_score": 0.8761552680221811}}