{"birthplace": {"num_correct": 188, "num_predicted": 266, "num_actual": 255, "precision": 0.706766917293233, "recall": 0.7372549019607844, "f1_score": 0.7216890595009597}, "birthdate": {"num_correct": 194, "num_predicted": 247, "num_actual": 255, "precision": 0.7854251012145749, "recall": 0.7607843137254902, "f1_score": 0.7729083665338645}, "hypernym": {"num_correct": 190, "num_predicted": 258, "num_actual": 255, "precision": 0.7364341085271318, "recall": 0.7450980392156863, "f1_score": 0.7407407407407408}, "spouse": {"num_correct": 214, "num_predicted": 254, "num_actual": 255, "precision": 0.84251968503937, "recall": 0.8392156862745098, "f1_score": 0.8408644400785855}}