{"birthplace": {"num_correct": 220, "num_predicted": 244, "num_actual": 255, "precision": 0.9016393442622951, "recall": 0.8627450980392157, "f1_score": 0.8817635270541083}, "birthdate": {"num_correct": 249, "num_predicted": 277, "num_actual": 255, "precision": 0.8989169675090253, "recall": 0.9764705882352941, "f1_score": 0.9360902255639099}, "hypernym": {"num_correct": 229, "num_predicted": 246, "num_actual": 255, "precision": 0.9308943089430894, "recall": 0.8980392156862745, "f1_score": 0.9141716566866267}, "spouse": {"num_correct": 237, "num_predicted": 256, "num_actual": 255, "precision": 0.92578125, "recall": 0.9294117647058824, "f1_score": 0.9275929549902153}}