{"birthdate": {"num_actual": 268, "num_predicted": 282, "num_correct": 254, "recall": 0.9477611940298507, "f1_score": 0.9236363636363636, "precision": 0.900709219858156}, "spouse": {"num_actual": 268, "num_predicted": 280, "num_correct": 243, "recall": 0.9067164179104478, "f1_score": 0.8868613138686131, "precision": 0.8678571428571429}, "hypernym": {"num_actual": 268, "num_predicted": 255, "num_correct": 233, "recall": 0.8694029850746269, "f1_score": 0.8910133843212237, "precision": 0.9137254901960784}, "birthplace": {"num_actual": 268, "num_predicted": 270, "num_correct": 233, "recall": 0.8694029850746269, "f1_score": 0.866171003717472, "precision": 0.8629629629629629}}