{"birthplace": {"num_correct": 216, "num_predicted": 247, "num_actual": 255, "precision": 0.8744939271255061, "recall": 0.8470588235294118, "f1_score": 0.8605577689243028}, "birthdate": {"num_correct": 243, "num_predicted": 270, "num_actual": 255, "precision": 0.9, "recall": 0.9529411764705882, "f1_score": 0.9257142857142857}, "hypernym": {"num_correct": 235, "num_predicted": 268, "num_actual": 255, "precision": 0.8768656716417911, "recall": 0.9215686274509803, "f1_score": 0.8986615678776291}, "spouse": {"num_correct": 224, "num_predicted": 239, "num_actual": 255, "precision": 0.9372384937238494, "recall": 0.8784313725490196, "f1_score": 0.9068825910931174}}