{"birthplace": {"num_correct": 207, "num_predicted": 250, "num_actual": 255, "precision": 0.828, "recall": 0.8117647058823529, "f1_score": 0.8198019801980198}, "birthdate": {"num_correct": 227, "num_predicted": 267, "num_actual": 255, "precision": 0.850187265917603, "recall": 0.8901960784313725, "f1_score": 0.8697318007662835}, "hypernym": {"num_correct": 219, "num_predicted": 243, "num_actual": 255, "precision": 0.9012345679012346, "recall": 0.8588235294117647, "f1_score": 0.8795180722891566}, "spouse": {"num_correct": 233, "num_predicted": 263, "num_actual": 255, "precision": 0.8859315589353612, "recall": 0.9137254901960784, "f1_score": 0.8996138996138996}}