{"spouse": {"num_correct": 238, "recall": 0.8880597014925373, "f1_score": 0.9083969465648856, "num_actual": 268, "num_predicted": 256, "precision": 0.9296875}, "hypernym": {"num_correct": 241, "recall": 0.8992537313432836, "f1_score": 0.909433962264151, "num_actual": 268, "num_predicted": 262, "precision": 0.9198473282442748}, "birthdate": {"num_correct": 250, "recall": 0.9328358208955224, "f1_score": 0.9191176470588236, "num_actual": 268, "num_predicted": 276, "precision": 0.9057971014492754}, "birthplace": {"num_correct": 239, "recall": 0.8917910447761194, "f1_score": 0.8597122302158274, "num_actual": 268, "num_predicted": 288, "precision": 0.8298611111111112}}