{"hypernym": {"num_actual": 255, "recall": 0.8862745098039215, "num_predicted": 239, "precision": 0.9456066945606695, "num_correct": 226, "f1_score": 0.9149797570850202}, "birthplace": {"num_actual": 255, "recall": 0.8666666666666667, "num_predicted": 267, "precision": 0.8277153558052435, "num_correct": 221, "f1_score": 0.8467432950191571}, "spouse": {"num_actual": 255, "recall": 0.9137254901960784, "num_predicted": 254, "precision": 0.9173228346456693, "num_correct": 233, "f1_score": 0.9155206286836935}, "birthdate": {"num_actual": 255, "recall": 0.9450980392156862, "num_predicted": 266, "precision": 0.9060150375939849, "num_correct": 241, "f1_score": 0.9251439539347408}}