{"birthplace": {"num_correct": 189, "num_predicted": 247, "num_actual": 268, "precision": 0.7651821862348178, "recall": 0.7052238805970149, "f1_score": 0.7339805825242719}, "birthdate": {"num_correct": 218, "num_predicted": 294, "num_actual": 268, "precision": 0.7414965986394558, "recall": 0.8134328358208955, "f1_score": 0.7758007117437723}, "hypernym": {"num_correct": 182, "num_predicted": 230, "num_actual": 268, "precision": 0.7913043478260869, "recall": 0.6791044776119403, "f1_score": 0.7309236947791165}, "spouse": {"num_correct": 234, "num_predicted": 309, "num_actual": 268, "precision": 0.7572815533980582, "recall": 0.8731343283582089, "f1_score": 0.8110918544194107}}