{"birthplace": {"num_correct": 187, "num_predicted": 249, "num_actual": 268, "precision": 0.751004016064257, "recall": 0.6977611940298507, "f1_score": 0.7234042553191489}, "birthdate": {"num_correct": 222, "num_predicted": 308, "num_actual": 268, "precision": 0.7207792207792207, "recall": 0.8283582089552238, "f1_score": 0.7708333333333334}, "hypernym": {"num_correct": 181, "num_predicted": 228, "num_actual": 268, "precision": 0.793859649122807, "recall": 0.6753731343283582, "f1_score": 0.7298387096774194}, "spouse": {"num_correct": 226, "num_predicted": 299, "num_actual": 268, "precision": 0.7558528428093646, "recall": 0.8432835820895522, "f1_score": 0.7971781305114639}}