{"hypernym": {"num_predicted": 266, "num_actual": 268, "num_correct": 242, "f1_score": 0.906367041198502, "precision": 0.9097744360902256, "recall": 0.9029850746268657}, "spouse": {"num_predicted": 269, "num_actual": 268, "num_correct": 240, "f1_score": 0.8938547486033519, "precision": 0.8921933085501859, "recall": 0.8955223880597015}, "birthdate": {"num_predicted": 268, "num_actual": 268, "num_correct": 242, "f1_score": 0.9029850746268657, "precision": 0.9029850746268657, "recall": 0.9029850746268657}, "birthplace": {"num_predicted": 283, "num_actual": 268, "num_correct": 232, "f1_score": 0.8421052631578947, "precision": 0.8197879858657244, "recall": 0.8656716417910447}}