{"birthplace": {"num_correct": 183, "num_predicted": 251, "num_actual": 255, "precision": 0.7290836653386454, "recall": 0.7176470588235294, "f1_score": 0.7233201581027668}, "birthdate": {"num_correct": 216, "num_predicted": 297, "num_actual": 255, "precision": 0.7272727272727273, "recall": 0.8470588235294118, "f1_score": 0.7826086956521741}, "hypernym": {"num_correct": 172, "num_predicted": 311, "num_actual": 255, "precision": 0.5530546623794212, "recall": 0.6745098039215687, "f1_score": 0.607773851590106}, "spouse": {"num_correct": 216, "num_predicted": 259, "num_actual": 255, "precision": 0.833976833976834, "recall": 0.8470588235294118, "f1_score": 0.8404669260700389}}