{"birthdate": {"num_predicted": 293, "num_actual": 268, "recall": 0.9514925373134329, "f1_score": 0.9090909090909092, "num_correct": 255, "precision": 0.8703071672354948}, "spouse": {"num_predicted": 267, "num_actual": 268, "recall": 0.8768656716417911, "f1_score": 0.8785046728971962, "num_correct": 235, "precision": 0.8801498127340824}, "hypernym": {"num_predicted": 260, "num_actual": 268, "recall": 0.8656716417910447, "f1_score": 0.8787878787878788, "num_correct": 232, "precision": 0.8923076923076924}, "birthplace": {"num_predicted": 261, "num_actual": 268, "recall": 0.835820895522388, "f1_score": 0.8468809073724007, "num_correct": 224, "precision": 0.8582375478927203}}