{"birthplace": {"num_correct": 188, "num_predicted": 277, "num_actual": 268, "precision": 0.6787003610108303, "recall": 0.7014925373134329, "f1_score": 0.689908256880734}, "birthdate": {"num_correct": 216, "num_predicted": 306, "num_actual": 268, "precision": 0.7058823529411765, "recall": 0.8059701492537313, "f1_score": 0.7526132404181185}, "hypernym": {"num_correct": 164, "num_predicted": 198, "num_actual": 268, "precision": 0.8282828282828283, "recall": 0.6119402985074627, "f1_score": 0.703862660944206}, "spouse": {"num_correct": 222, "num_predicted": 302, "num_actual": 268, "precision": 0.7350993377483444, "recall": 0.8283582089552238, "f1_score": 0.7789473684210525}}