{"birthplace": {"num_correct": 214, "num_predicted": 251, "num_actual": 255, "precision": 0.852589641434263, "recall": 0.8392156862745098, "f1_score": 0.8458498023715415}, "birthdate": {"num_correct": 240, "num_predicted": 269, "num_actual": 255, "precision": 0.8921933085501859, "recall": 0.9411764705882353, "f1_score": 0.916030534351145}, "hypernym": {"num_correct": 225, "num_predicted": 249, "num_actual": 255, "precision": 0.9036144578313253, "recall": 0.8823529411764706, "f1_score": 0.8928571428571428}, "spouse": {"num_correct": 235, "num_predicted": 256, "num_actual": 255, "precision": 0.91796875, "recall": 0.9215686274509803, "f1_score": 0.9197651663405089}}