{"birthplace": {"num_correct": 219, "num_predicted": 269, "num_actual": 268, "precision": 0.8141263940520446, "recall": 0.8171641791044776, "f1_score": 0.8156424581005587}, "birthdate": {"num_correct": 237, "num_predicted": 275, "num_actual": 268, "precision": 0.8618181818181818, "recall": 0.8843283582089553, "f1_score": 0.8729281767955801}, "hypernym": {"num_correct": 240, "num_predicted": 280, "num_actual": 268, "precision": 0.8571428571428571, "recall": 0.8955223880597015, "f1_score": 0.8759124087591241}, "spouse": {"num_correct": 227, "num_predicted": 260, "num_actual": 268, "precision": 0.8730769230769231, "recall": 0.8470149253731343, "f1_score": 0.8598484848484849}}