{"birthplace": {"num_correct": 231, "num_predicted": 277, "num_actual": 268, "precision": 0.8339350180505415, "recall": 0.8619402985074627, "f1_score": 0.8477064220183486}, "birthdate": {"num_correct": 241, "num_predicted": 268, "num_actual": 268, "precision": 0.8992537313432836, "recall": 0.8992537313432836, "f1_score": 0.8992537313432836}, "hypernym": {"num_correct": 245, "num_predicted": 276, "num_actual": 268, "precision": 0.8876811594202898, "recall": 0.914179104477612, "f1_score": 0.900735294117647}, "spouse": {"num_correct": 232, "num_predicted": 259, "num_actual": 268, "precision": 0.8957528957528957, "recall": 0.8656716417910447, "f1_score": 0.8804554079696395}}