{"birthplace": {"num_correct": 159, "num_predicted": 208, "num_actual": 255, "precision": 0.7644230769230769, "recall": 0.6235294117647059, "f1_score": 0.6868250539956803}, "birthdate": {"num_correct": 227, "num_predicted": 316, "num_actual": 255, "precision": 0.7183544303797469, "recall": 0.8901960784313725, "f1_score": 0.7950963222416814}, "hypernym": {"num_correct": 175, "num_predicted": 237, "num_actual": 255, "precision": 0.7383966244725738, "recall": 0.6862745098039216, "f1_score": 0.7113821138211384}, "spouse": {"num_correct": 220, "num_predicted": 268, "num_actual": 255, "precision": 0.8208955223880597, "recall": 0.8627450980392157, "f1_score": 0.8413001912045891}}