{"birthplace": {"num_correct": 191, "num_predicted": 286, "num_actual": 255, "precision": 0.6678321678321678, "recall": 0.7490196078431373, "f1_score": 0.7060998151571165}, "birthdate": {"num_correct": 198, "num_predicted": 267, "num_actual": 255, "precision": 0.7415730337078652, "recall": 0.7764705882352941, "f1_score": 0.7586206896551726}, "hypernym": {"num_correct": 174, "num_predicted": 205, "num_actual": 255, "precision": 0.848780487804878, "recall": 0.6823529411764706, "f1_score": 0.7565217391304347}, "spouse": {"num_correct": 221, "num_predicted": 270, "num_actual": 255, "precision": 0.8185185185185185, "recall": 0.8666666666666667, "f1_score": 0.8419047619047619}}