{"birthplace": {"num_correct": 212, "num_predicted": 239, "num_actual": 255, "precision": 0.8870292887029289, "recall": 0.8313725490196079, "f1_score": 0.8582995951417004}, "birthdate": {"num_correct": 250, "num_predicted": 280, "num_actual": 255, "precision": 0.8928571428571429, "recall": 0.9803921568627451, "f1_score": 0.9345794392523364}, "hypernym": {"num_correct": 225, "num_predicted": 253, "num_actual": 255, "precision": 0.8893280632411067, "recall": 0.8823529411764706, "f1_score": 0.8858267716535433}, "spouse": {"num_correct": 231, "num_predicted": 251, "num_actual": 255, "precision": 0.9203187250996016, "recall": 0.9058823529411765, "f1_score": 0.9130434782608696}}