{"birthplace": {"num_correct": 212, "num_predicted": 281, "num_actual": 268, "precision": 0.7544483985765125, "recall": 0.7910447761194029, "f1_score": 0.7723132969034607}, "birthdate": {"num_correct": 238, "num_predicted": 274, "num_actual": 268, "precision": 0.8686131386861314, "recall": 0.8880597014925373, "f1_score": 0.8782287822878229}, "hypernym": {"num_correct": 227, "num_predicted": 255, "num_actual": 268, "precision": 0.8901960784313725, "recall": 0.8470149253731343, "f1_score": 0.8680688336520076}, "spouse": {"num_correct": 233, "num_predicted": 271, "num_actual": 268, "precision": 0.8597785977859779, "recall": 0.8694029850746269, "f1_score": 0.8645640074211504}}