{"birthplace": {"num_correct": 205, "num_predicted": 325, "num_actual": 268, "precision": 0.6307692307692307, "recall": 0.7649253731343284, "f1_score": 0.6913996627318719}, "birthdate": {"num_correct": 190, "num_predicted": 258, "num_actual": 268, "precision": 0.7364341085271318, "recall": 0.7089552238805971, "f1_score": 0.7224334600760457}, "hypernym": {"num_correct": 173, "num_predicted": 214, "num_actual": 268, "precision": 0.8084112149532711, "recall": 0.6455223880597015, "f1_score": 0.7178423236514523}, "spouse": {"num_correct": 217, "num_predicted": 287, "num_actual": 268, "precision": 0.7560975609756098, "recall": 0.8097014925373134, "f1_score": 0.781981981981982}}