{"birthplace": {"num_correct": 213, "num_predicted": 252, "num_actual": 255, "precision": 0.8452380952380952, "recall": 0.8352941176470589, "f1_score": 0.8402366863905326}, "birthdate": {"num_correct": 240, "num_predicted": 272, "num_actual": 255, "precision": 0.8823529411764706, "recall": 0.9411764705882353, "f1_score": 0.9108159392789373}, "hypernym": {"num_correct": 221, "num_predicted": 242, "num_actual": 255, "precision": 0.9132231404958677, "recall": 0.8666666666666667, "f1_score": 0.8893360160965794}, "spouse": {"num_correct": 237, "num_predicted": 258, "num_actual": 255, "precision": 0.9186046511627907, "recall": 0.9294117647058824, "f1_score": 0.9239766081871345}}