{"birthplace": {"num_correct": 183, "num_predicted": 256, "num_actual": 255, "precision": 0.71484375, "recall": 0.7176470588235294, "f1_score": 0.7162426614481409}, "birthdate": {"num_correct": 207, "num_predicted": 260, "num_actual": 255, "precision": 0.7961538461538461, "recall": 0.8117647058823529, "f1_score": 0.803883495145631}, "hypernym": {"num_correct": 189, "num_predicted": 247, "num_actual": 255, "precision": 0.7651821862348178, "recall": 0.7411764705882353, "f1_score": 0.752988047808765}, "spouse": {"num_correct": 222, "num_predicted": 264, "num_actual": 255, "precision": 0.8409090909090909, "recall": 0.8705882352941177, "f1_score": 0.8554913294797689}}