{"birthplace": {"num_correct": 192, "num_predicted": 281, "num_actual": 268, "precision": 0.6832740213523132, "recall": 0.7164179104477612, "f1_score": 0.6994535519125683}, "birthdate": {"num_correct": 193, "num_predicted": 252, "num_actual": 268, "precision": 0.7658730158730159, "recall": 0.7201492537313433, "f1_score": 0.7423076923076923}, "hypernym": {"num_correct": 185, "num_predicted": 259, "num_actual": 268, "precision": 0.7142857142857143, "recall": 0.6902985074626866, "f1_score": 0.7020872865275143}, "spouse": {"num_correct": 217, "num_predicted": 289, "num_actual": 268, "precision": 0.7508650519031141, "recall": 0.8097014925373134, "f1_score": 0.7791741472172352}}