{"birthplace": {"num_correct": 219, "num_predicted": 251, "num_actual": 268, "precision": 0.8725099601593626, "recall": 0.8171641791044776, "f1_score": 0.8439306358381503}, "birthdate": {"num_correct": 258, "num_predicted": 292, "num_actual": 268, "precision": 0.8835616438356164, "recall": 0.9626865671641791, "f1_score": 0.9214285714285714}, "hypernym": {"num_correct": 233, "num_predicted": 255, "num_actual": 268, "precision": 0.9137254901960784, "recall": 0.8694029850746269, "f1_score": 0.8910133843212237}, "spouse": {"num_correct": 234, "num_predicted": 277, "num_actual": 268, "precision": 0.8447653429602888, "recall": 0.8731343283582089, "f1_score": 0.8587155963302752}}