{"birthplace": {"num_correct": 189, "num_predicted": 283, "num_actual": 255, "precision": 0.6678445229681979, "recall": 0.7411764705882353, "f1_score": 0.7026022304832714}, "birthdate": {"num_correct": 185, "num_predicted": 239, "num_actual": 255, "precision": 0.7740585774058577, "recall": 0.7254901960784313, "f1_score": 0.7489878542510121}, "hypernym": {"num_correct": 184, "num_predicted": 235, "num_actual": 255, "precision": 0.7829787234042553, "recall": 0.7215686274509804, "f1_score": 0.7510204081632654}, "spouse": {"num_correct": 222, "num_predicted": 267, "num_actual": 255, "precision": 0.8314606741573034, "recall": 0.8705882352941177, "f1_score": 0.8505747126436781}}