{"birthplace": {"num_correct": 183, "num_predicted": 202, "num_actual": 255, "precision": 0.905940594059406, "recall": 0.7176470588235294, "f1_score": 0.8008752735229759}, "birthdate": {"num_correct": 246, "num_predicted": 301, "num_actual": 255, "precision": 0.8172757475083057, "recall": 0.9647058823529412, "f1_score": 0.8848920863309353}, "hypernym": {"num_correct": 224, "num_predicted": 305, "num_actual": 255, "precision": 0.7344262295081967, "recall": 0.8784313725490196, "f1_score": 0.8}, "spouse": {"num_correct": 188, "num_predicted": 209, "num_actual": 255, "precision": 0.8995215311004785, "recall": 0.7372549019607844, "f1_score": 0.810344827586207}}