{"birthplace": {"num_correct": 216, "num_predicted": 276, "num_actual": 268, "precision": 0.782608695652174, "recall": 0.8059701492537313, "f1_score": 0.7941176470588236}, "birthdate": {"num_correct": 241, "num_predicted": 275, "num_actual": 268, "precision": 0.8763636363636363, "recall": 0.8992537313432836, "f1_score": 0.8876611418047882}, "hypernym": {"num_correct": 228, "num_predicted": 262, "num_actual": 268, "precision": 0.8702290076335878, "recall": 0.8507462686567164, "f1_score": 0.8603773584905662}, "spouse": {"num_correct": 232, "num_predicted": 271, "num_actual": 268, "precision": 0.8560885608856088, "recall": 0.8656716417910447, "f1_score": 0.8608534322820037}}