{"birthplace": {"num_correct": 194, "num_predicted": 284, "num_actual": 255, "precision": 0.6830985915492958, "recall": 0.7607843137254902, "f1_score": 0.7198515769944341}, "birthdate": {"num_correct": 192, "num_predicted": 248, "num_actual": 255, "precision": 0.7741935483870968, "recall": 0.7529411764705882, "f1_score": 0.7634194831013916}, "hypernym": {"num_correct": 182, "num_predicted": 240, "num_actual": 255, "precision": 0.7583333333333333, "recall": 0.7137254901960784, "f1_score": 0.7353535353535352}, "spouse": {"num_correct": 215, "num_predicted": 251, "num_actual": 255, "precision": 0.8565737051792829, "recall": 0.8431372549019608, "f1_score": 0.849802371541502}}