{"birthplace": {"num_correct": 232, "num_predicted": 264, "num_actual": 268, "precision": 0.8787878787878788, "recall": 0.8656716417910447, "f1_score": 0.8721804511278195}, "birthdate": {"num_correct": 257, "num_predicted": 279, "num_actual": 268, "precision": 0.921146953405018, "recall": 0.9589552238805971, "f1_score": 0.9396709323583182}, "hypernym": {"num_correct": 243, "num_predicted": 269, "num_actual": 268, "precision": 0.9033457249070632, "recall": 0.9067164179104478, "f1_score": 0.9050279329608939}, "spouse": {"num_correct": 237, "num_predicted": 260, "num_actual": 268, "precision": 0.9115384615384615, "recall": 0.8843283582089553, "f1_score": 0.8977272727272727}}