{"birthplace": {"num_correct": 177, "num_predicted": 230, "num_actual": 268, "precision": 0.7695652173913043, "recall": 0.6604477611940298, "f1_score": 0.7108433734939759}, "birthdate": {"num_correct": 242, "num_predicted": 342, "num_actual": 268, "precision": 0.7076023391812866, "recall": 0.9029850746268657, "f1_score": 0.7934426229508197}, "hypernym": {"num_correct": 171, "num_predicted": 240, "num_actual": 268, "precision": 0.7125, "recall": 0.6380597014925373, "f1_score": 0.6732283464566928}, "spouse": {"num_correct": 213, "num_predicted": 278, "num_actual": 268, "precision": 0.7661870503597122, "recall": 0.7947761194029851, "f1_score": 0.7802197802197801}}