{"birthplace": {"num_correct": 184, "num_predicted": 229, "num_actual": 255, "precision": 0.8034934497816594, "recall": 0.7215686274509804, "f1_score": 0.7603305785123967}, "birthdate": {"num_correct": 228, "num_predicted": 303, "num_actual": 255, "precision": 0.7524752475247525, "recall": 0.8941176470588236, "f1_score": 0.8172043010752688}, "hypernym": {"num_correct": 183, "num_predicted": 215, "num_actual": 255, "precision": 0.8511627906976744, "recall": 0.7176470588235294, "f1_score": 0.778723404255319}, "spouse": {"num_correct": 227, "num_predicted": 274, "num_actual": 255, "precision": 0.8284671532846716, "recall": 0.8901960784313725, "f1_score": 0.8582230623818526}}