{"birthplace": {"num_correct": 204, "num_predicted": 229, "num_actual": 255, "precision": 0.8908296943231441, "recall": 0.8, "f1_score": 0.8429752066115702}, "birthdate": {"num_correct": 239, "num_predicted": 276, "num_actual": 255, "precision": 0.8659420289855072, "recall": 0.9372549019607843, "f1_score": 0.9001883239171375}, "hypernym": {"num_correct": 218, "num_predicted": 249, "num_actual": 255, "precision": 0.8755020080321285, "recall": 0.8549019607843137, "f1_score": 0.8650793650793651}, "spouse": {"num_correct": 232, "num_predicted": 269, "num_actual": 255, "precision": 0.862453531598513, "recall": 0.9098039215686274, "f1_score": 0.8854961832061069}}