{"birthplace": {"precision": 0.8629032258064516, "f1_score": 0.8508946322067595, "num_predicted": 248, "recall": 0.8392156862745098, "num_actual": 255, "num_correct": 214}, "birthdate": {"precision": 0.8612099644128114, "f1_score": 0.9029850746268657, "num_predicted": 281, "recall": 0.9490196078431372, "num_actual": 255, "num_correct": 242}, "spouse": {"precision": 0.9090909090909091, "f1_score": 0.905511811023622, "num_predicted": 253, "recall": 0.9019607843137255, "num_actual": 255, "num_correct": 230}, "hypernym": {"precision": 0.9173553719008265, "f1_score": 0.8933601609657948, "num_predicted": 242, "recall": 0.8705882352941177, "num_actual": 255, "num_correct": 222}}