{"birthplace": {"num_correct": 233, "num_predicted": 303, "num_actual": 268, "precision": 0.768976897689769, "recall": 0.8694029850746269, "f1_score": 0.8161120840630472}, "birthdate": {"num_correct": 226, "num_predicted": 257, "num_actual": 268, "precision": 0.8793774319066148, "recall": 0.8432835820895522, "f1_score": 0.860952380952381}, "hypernym": {"num_correct": 235, "num_predicted": 259, "num_actual": 268, "precision": 0.9073359073359073, "recall": 0.8768656716417911, "f1_score": 0.8918406072106262}, "spouse": {"num_correct": 225, "num_predicted": 262, "num_actual": 268, "precision": 0.8587786259541985, "recall": 0.8395522388059702, "f1_score": 0.849056603773585}}