{"birthplace": {"num_correct": 211, "num_predicted": 258, "num_actual": 255, "precision": 0.8178294573643411, "recall": 0.8274509803921568, "f1_score": 0.8226120857699806}, "birthdate": {"num_correct": 224, "num_predicted": 252, "num_actual": 255, "precision": 0.8888888888888888, "recall": 0.8784313725490196, "f1_score": 0.883629191321499}, "hypernym": {"num_correct": 209, "num_predicted": 226, "num_actual": 255, "precision": 0.9247787610619469, "recall": 0.8196078431372549, "f1_score": 0.8690228690228691}, "spouse": {"num_correct": 242, "num_predicted": 286, "num_actual": 255, "precision": 0.8461538461538461, "recall": 0.9490196078431372, "f1_score": 0.8946395563770795}}