{"birthplace": {"num_correct": 214, "num_predicted": 248, "num_actual": 255, "precision": 0.8629032258064516, "recall": 0.8392156862745098, "f1_score": 0.8508946322067595}, "birthdate": {"num_correct": 240, "num_predicted": 272, "num_actual": 255, "precision": 0.8823529411764706, "recall": 0.9411764705882353, "f1_score": 0.9108159392789373}, "hypernym": {"num_correct": 227, "num_predicted": 271, "num_actual": 255, "precision": 0.8376383763837638, "recall": 0.8901960784313725, "f1_score": 0.8631178707224334}, "spouse": {"num_correct": 210, "num_predicted": 228, "num_actual": 255, "precision": 0.9210526315789473, "recall": 0.8235294117647058, "f1_score": 0.8695652173913043}}