{"birthplace": {"num_correct": 190, "num_predicted": 253, "num_actual": 268, "precision": 0.7509881422924901, "recall": 0.7089552238805971, "f1_score": 0.72936660268714}, "birthdate": {"num_correct": 232, "num_predicted": 338, "num_actual": 268, "precision": 0.6863905325443787, "recall": 0.8656716417910447, "f1_score": 0.7656765676567656}, "hypernym": {"num_correct": 166, "num_predicted": 212, "num_actual": 268, "precision": 0.7830188679245284, "recall": 0.6194029850746269, "f1_score": 0.6916666666666667}, "spouse": {"num_correct": 215, "num_predicted": 282, "num_actual": 268, "precision": 0.7624113475177305, "recall": 0.8022388059701493, "f1_score": 0.7818181818181819}}