{"birthplace": {"num_correct": 184, "num_predicted": 262, "num_actual": 268, "precision": 0.7022900763358778, "recall": 0.6865671641791045, "f1_score": 0.6943396226415093}, "birthdate": {"num_correct": 210, "num_predicted": 312, "num_actual": 268, "precision": 0.6730769230769231, "recall": 0.7835820895522388, "f1_score": 0.724137931034483}, "hypernym": {"num_correct": 170, "num_predicted": 225, "num_actual": 268, "precision": 0.7555555555555555, "recall": 0.6343283582089553, "f1_score": 0.689655172413793}, "spouse": {"num_correct": 214, "num_predicted": 282, "num_actual": 268, "precision": 0.7588652482269503, "recall": 0.7985074626865671, "f1_score": 0.7781818181818183}}