{"birthplace": {"num_correct": 225, "num_predicted": 258, "num_actual": 268, "precision": 0.872093023255814, "recall": 0.8395522388059702, "f1_score": 0.855513307984791}, "birthdate": {"num_correct": 257, "num_predicted": 281, "num_actual": 268, "precision": 0.9145907473309609, "recall": 0.9589552238805971, "f1_score": 0.9362477231329691}, "hypernym": {"num_correct": 242, "num_predicted": 266, "num_actual": 268, "precision": 0.9097744360902256, "recall": 0.9029850746268657, "f1_score": 0.906367041198502}, "spouse": {"num_correct": 240, "num_predicted": 272, "num_actual": 268, "precision": 0.8823529411764706, "recall": 0.8955223880597015, "f1_score": 0.888888888888889}}