{"birthplace": {"num_correct": 196, "num_predicted": 216, "num_actual": 255, "precision": 0.9074074074074074, "recall": 0.7686274509803922, "f1_score": 0.8322717622080681}, "birthdate": {"num_correct": 243, "num_predicted": 285, "num_actual": 255, "precision": 0.8526315789473684, "recall": 0.9529411764705882, "f1_score": 0.9}, "hypernym": {"num_correct": 225, "num_predicted": 254, "num_actual": 255, "precision": 0.8858267716535433, "recall": 0.8823529411764706, "f1_score": 0.8840864440078585}, "spouse": {"num_correct": 235, "num_predicted": 268, "num_actual": 255, "precision": 0.8768656716417911, "recall": 0.9215686274509803, "f1_score": 0.8986615678776291}}