{"birthplace": {"num_predicted": 282, "f1_score": 0.8491620111731844, "num_correct": 228, "recall": 0.8941176470588236, "num_actual": 255, "precision": 0.8085106382978723}, "spouse": {"num_predicted": 251, "f1_score": 0.924901185770751, "num_correct": 234, "recall": 0.9176470588235294, "num_actual": 255, "precision": 0.9322709163346613}, "birthdate": {"num_predicted": 257, "f1_score": 0.9179687499999999, "num_correct": 235, "recall": 0.9215686274509803, "num_actual": 255, "precision": 0.914396887159533}, "hypernym": {"num_predicted": 233, "f1_score": 0.9098360655737705, "num_correct": 222, "recall": 0.8705882352941177, "num_actual": 255, "precision": 0.9527896995708155}}