{"birthplace": {"num_correct": 175, "num_predicted": 241, "num_actual": 255, "precision": 0.7261410788381742, "recall": 0.6862745098039216, "f1_score": 0.7056451612903226}, "birthdate": {"num_correct": 220, "num_predicted": 286, "num_actual": 255, "precision": 0.7692307692307693, "recall": 0.8627450980392157, "f1_score": 0.8133086876155269}, "hypernym": {"num_correct": 176, "num_predicted": 249, "num_actual": 255, "precision": 0.7068273092369478, "recall": 0.6901960784313725, "f1_score": 0.6984126984126984}, "spouse": {"num_correct": 208, "num_predicted": 251, "num_actual": 255, "precision": 0.8286852589641435, "recall": 0.8156862745098039, "f1_score": 0.8221343873517788}}