{"hypernym": {"f1_score": 0.8964143426294822, "num_predicted": 247, "recall": 0.8823529411764706, "precision": 0.9109311740890689, "num_correct": 225, "num_actual": 255}, "spouse": {"f1_score": 0.901185770750988, "num_predicted": 251, "recall": 0.8941176470588236, "precision": 0.9083665338645418, "num_correct": 228, "num_actual": 255}, "birthplace": {"f1_score": 0.8463073852295409, "num_predicted": 246, "recall": 0.8313725490196079, "precision": 0.8617886178861789, "num_correct": 212, "num_actual": 255}, "birthdate": {"f1_score": 0.898876404494382, "num_predicted": 279, "recall": 0.9411764705882353, "precision": 0.8602150537634409, "num_correct": 240, "num_actual": 255}}