{"birthplace": {"num_correct": 214, "num_predicted": 233, "num_actual": 255, "precision": 0.9184549356223176, "recall": 0.8392156862745098, "f1_score": 0.8770491803278688}, "birthdate": {"num_correct": 249, "num_predicted": 279, "num_actual": 255, "precision": 0.8924731182795699, "recall": 0.9764705882352941, "f1_score": 0.9325842696629214}, "hypernym": {"num_correct": 228, "num_predicted": 244, "num_actual": 255, "precision": 0.9344262295081968, "recall": 0.8941176470588236, "f1_score": 0.9138276553106213}, "spouse": {"num_correct": 243, "num_predicted": 267, "num_actual": 255, "precision": 0.9101123595505618, "recall": 0.9529411764705882, "f1_score": 0.9310344827586207}}