{"birthplace": {"num_correct": 219, "num_predicted": 246, "num_actual": 255, "precision": 0.8902439024390244, "recall": 0.8588235294117647, "f1_score": 0.874251497005988}, "birthdate": {"num_correct": 248, "num_predicted": 275, "num_actual": 255, "precision": 0.9018181818181819, "recall": 0.9725490196078431, "f1_score": 0.9358490566037736}, "hypernym": {"num_correct": 230, "num_predicted": 247, "num_actual": 255, "precision": 0.9311740890688259, "recall": 0.9019607843137255, "f1_score": 0.9163346613545816}, "spouse": {"num_correct": 238, "num_predicted": 257, "num_actual": 255, "precision": 0.9260700389105059, "recall": 0.9333333333333333, "f1_score": 0.9296875}}