{"birthplace": {"num_correct": 228, "num_predicted": 256, "num_actual": 268, "precision": 0.890625, "recall": 0.8507462686567164, "f1_score": 0.8702290076335878}, "birthdate": {"num_correct": 256, "num_predicted": 287, "num_actual": 268, "precision": 0.89198606271777, "recall": 0.9552238805970149, "f1_score": 0.9225225225225225}, "hypernym": {"num_correct": 242, "num_predicted": 270, "num_actual": 268, "precision": 0.8962962962962963, "recall": 0.9029850746268657, "f1_score": 0.899628252788104}, "spouse": {"num_correct": 239, "num_predicted": 266, "num_actual": 268, "precision": 0.8984962406015038, "recall": 0.8917910447761194, "f1_score": 0.8951310861423222}}