{"birthplace": {"num_predicted": 263, "precision": 0.8517110266159695, "num_actual": 268, "recall": 0.835820895522388, "f1_score": 0.8436911487758945, "num_correct": 224}, "spouse": {"num_predicted": 259, "precision": 0.9034749034749034, "num_actual": 268, "recall": 0.8731343283582089, "f1_score": 0.888045540796964, "num_correct": 234}, "birthdate": {"num_predicted": 285, "precision": 0.8912280701754386, "num_actual": 268, "recall": 0.9477611940298507, "f1_score": 0.9186256781193489, "num_correct": 254}, "hypernym": {"num_predicted": 275, "precision": 0.8690909090909091, "num_actual": 268, "recall": 0.8917910447761194, "f1_score": 0.8802946593001842, "num_correct": 239}}