{"birthplace": {"num_correct": 227, "num_predicted": 273, "num_actual": 268, "precision": 0.8315018315018315, "recall": 0.8470149253731343, "f1_score": 0.8391866913123843}, "birthdate": {"num_correct": 242, "num_predicted": 276, "num_actual": 268, "precision": 0.8768115942028986, "recall": 0.9029850746268657, "f1_score": 0.8897058823529412}, "hypernym": {"num_correct": 235, "num_predicted": 258, "num_actual": 268, "precision": 0.9108527131782945, "recall": 0.8768656716417911, "f1_score": 0.8935361216730038}, "spouse": {"num_correct": 238, "num_predicted": 272, "num_actual": 268, "precision": 0.875, "recall": 0.8880597014925373, "f1_score": 0.8814814814814815}}