{"birthplace": {"num_correct": 203, "num_predicted": 247, "num_actual": 255, "precision": 0.8218623481781376, "recall": 0.796078431372549, "f1_score": 0.8087649402390438}, "birthdate": {"num_correct": 232, "num_predicted": 278, "num_actual": 255, "precision": 0.8345323741007195, "recall": 0.9098039215686274, "f1_score": 0.8705440900562853}, "hypernym": {"num_correct": 210, "num_predicted": 248, "num_actual": 255, "precision": 0.8467741935483871, "recall": 0.8235294117647058, "f1_score": 0.8349900596421471}, "spouse": {"num_correct": 214, "num_predicted": 255, "num_actual": 255, "precision": 0.8392156862745098, "recall": 0.8392156862745098, "f1_score": 0.8392156862745097}}