{"birthplace": {"num_correct": 186, "num_predicted": 297, "num_actual": 255, "precision": 0.6262626262626263, "recall": 0.7294117647058823, "f1_score": 0.6739130434782609}, "birthdate": {"num_correct": 148, "num_predicted": 185, "num_actual": 255, "precision": 0.8, "recall": 0.5803921568627451, "f1_score": 0.6727272727272728}, "hypernym": {"num_correct": 183, "num_predicted": 274, "num_actual": 255, "precision": 0.6678832116788321, "recall": 0.7176470588235294, "f1_score": 0.6918714555765595}, "spouse": {"num_correct": 219, "num_predicted": 265, "num_actual": 255, "precision": 0.8264150943396227, "recall": 0.8588235294117647, "f1_score": 0.8423076923076922}}