{"birthplace": {"num_correct": 181, "num_predicted": 263, "num_actual": 255, "precision": 0.688212927756654, "recall": 0.7098039215686275, "f1_score": 0.6988416988416989}, "birthdate": {"num_correct": 194, "num_predicted": 251, "num_actual": 255, "precision": 0.7729083665338645, "recall": 0.7607843137254902, "f1_score": 0.766798418972332}, "hypernym": {"num_correct": 198, "num_predicted": 265, "num_actual": 255, "precision": 0.7471698113207547, "recall": 0.7764705882352941, "f1_score": 0.7615384615384616}, "spouse": {"num_correct": 213, "num_predicted": 250, "num_actual": 255, "precision": 0.852, "recall": 0.8352941176470589, "f1_score": 0.8435643564356436}}