{"birthplace": {"num_correct": 208, "num_predicted": 255, "num_actual": 255, "precision": 0.8156862745098039, "recall": 0.8156862745098039, "f1_score": 0.8156862745098039}, "birthdate": {"num_correct": 226, "num_predicted": 254, "num_actual": 255, "precision": 0.889763779527559, "recall": 0.8862745098039215, "f1_score": 0.8880157170923378}, "hypernym": {"num_correct": 209, "num_predicted": 234, "num_actual": 255, "precision": 0.8931623931623932, "recall": 0.8196078431372549, "f1_score": 0.8548057259713701}, "spouse": {"num_correct": 233, "num_predicted": 276, "num_actual": 255, "precision": 0.8442028985507246, "recall": 0.9137254901960784, "f1_score": 0.8775894538606404}}