{"birthplace": {"num_correct": 189, "num_predicted": 237, "num_actual": 268, "precision": 0.7974683544303798, "recall": 0.7052238805970149, "f1_score": 0.7485148514851485}, "birthdate": {"num_correct": 240, "num_predicted": 336, "num_actual": 268, "precision": 0.7142857142857143, "recall": 0.8955223880597015, "f1_score": 0.7947019867549668}, "hypernym": {"num_correct": 172, "num_predicted": 210, "num_actual": 268, "precision": 0.819047619047619, "recall": 0.6417910447761194, "f1_score": 0.7196652719665272}, "spouse": {"num_correct": 229, "num_predicted": 300, "num_actual": 268, "precision": 0.7633333333333333, "recall": 0.8544776119402985, "f1_score": 0.806338028169014}}