{"birthdate": {"num_predicted": 277, "precision": 0.8989169675090253, "f1_score": 0.9360902255639099, "num_correct": 249, "recall": 0.9764705882352941, "num_actual": 255}, "birthplace": {"num_predicted": 260, "precision": 0.8653846153846154, "f1_score": 0.8737864077669903, "num_correct": 225, "recall": 0.8823529411764706, "num_actual": 255}, "hypernym": {"num_predicted": 227, "precision": 0.9647577092511013, "f1_score": 0.9087136929460581, "num_correct": 219, "recall": 0.8588235294117647, "num_actual": 255}, "spouse": {"num_predicted": 262, "precision": 0.9045801526717557, "f1_score": 0.9168278529980659, "num_correct": 237, "recall": 0.9294117647058824, "num_actual": 255}}