{"birthplace": {"num_correct": 220, "num_predicted": 253, "num_actual": 268, "precision": 0.8695652173913043, "recall": 0.8208955223880597, "f1_score": 0.8445297504798465}, "birthdate": {"num_correct": 252, "num_predicted": 279, "num_actual": 268, "precision": 0.9032258064516129, "recall": 0.9402985074626866, "f1_score": 0.9213893967093236}, "hypernym": {"num_correct": 240, "num_predicted": 269, "num_actual": 268, "precision": 0.8921933085501859, "recall": 0.8955223880597015, "f1_score": 0.8938547486033519}, "spouse": {"num_correct": 241, "num_predicted": 278, "num_actual": 268, "precision": 0.8669064748201439, "recall": 0.8992537313432836, "f1_score": 0.8827838827838829}}