{"birthplace": {"num_correct": 233, "num_predicted": 264, "num_actual": 268, "precision": 0.8825757575757576, "recall": 0.8694029850746269, "f1_score": 0.8759398496240601}, "birthdate": {"num_correct": 260, "num_predicted": 286, "num_actual": 268, "precision": 0.9090909090909091, "recall": 0.9701492537313433, "f1_score": 0.9386281588447654}, "hypernym": {"num_correct": 241, "num_predicted": 261, "num_actual": 268, "precision": 0.9233716475095786, "recall": 0.8992537313432836, "f1_score": 0.9111531190926276}, "spouse": {"num_correct": 243, "num_predicted": 265, "num_actual": 268, "precision": 0.9169811320754717, "recall": 0.9067164179104478, "f1_score": 0.9118198874296435}}