{"birthplace": {"num_correct": 183, "num_predicted": 256, "num_actual": 255, "precision": 0.71484375, "recall": 0.7176470588235294, "f1_score": 0.7162426614481409}, "birthdate": {"num_correct": 208, "num_predicted": 291, "num_actual": 255, "precision": 0.7147766323024055, "recall": 0.8156862745098039, "f1_score": 0.761904761904762}, "hypernym": {"num_correct": 171, "num_predicted": 205, "num_actual": 255, "precision": 0.8341463414634146, "recall": 0.6705882352941176, "f1_score": 0.7434782608695653}, "spouse": {"num_correct": 221, "num_predicted": 269, "num_actual": 255, "precision": 0.8215613382899628, "recall": 0.8666666666666667, "f1_score": 0.8435114503816795}}