{"birthplace": {"f1_score": 0.852336448598131, "num_correct": 228, "num_predicted": 267, "num_actual": 268, "precision": 0.8539325842696629, "recall": 0.8507462686567164}, "birthdate": {"f1_score": 0.8953068592057761, "num_correct": 248, "num_predicted": 286, "num_actual": 268, "precision": 0.8671328671328671, "recall": 0.9253731343283582}, "spouse": {"f1_score": 0.8942486085343228, "num_correct": 241, "num_predicted": 271, "num_actual": 268, "precision": 0.8892988929889298, "recall": 0.8992537313432836}, "hypernym": {"f1_score": 0.9108159392789373, "num_correct": 240, "num_predicted": 259, "num_actual": 268, "precision": 0.9266409266409267, "recall": 0.8955223880597015}}