{"birthplace": {"num_correct": 214, "num_predicted": 238, "num_actual": 268, "precision": 0.8991596638655462, "recall": 0.7985074626865671, "f1_score": 0.8458498023715416}, "birthdate": {"num_correct": 259, "num_predicted": 298, "num_actual": 268, "precision": 0.8691275167785235, "recall": 0.9664179104477612, "f1_score": 0.9151943462897526}, "hypernym": {"num_correct": 241, "num_predicted": 279, "num_actual": 268, "precision": 0.8637992831541219, "recall": 0.8992537313432836, "f1_score": 0.8811700182815356}, "spouse": {"num_correct": 230, "num_predicted": 263, "num_actual": 268, "precision": 0.8745247148288974, "recall": 0.8582089552238806, "f1_score": 0.8662900188323917}}