{"birthplace": {"num_correct": 180, "num_predicted": 255, "num_actual": 268, "precision": 0.7058823529411765, "recall": 0.6716417910447762, "f1_score": 0.6883365200764819}, "birthdate": {"num_correct": 205, "num_predicted": 297, "num_actual": 268, "precision": 0.6902356902356902, "recall": 0.7649253731343284, "f1_score": 0.7256637168141593}, "hypernym": {"num_correct": 170, "num_predicted": 234, "num_actual": 268, "precision": 0.7264957264957265, "recall": 0.6343283582089553, "f1_score": 0.6772908366533865}, "spouse": {"num_correct": 215, "num_predicted": 295, "num_actual": 268, "precision": 0.7288135593220338, "recall": 0.8022388059701493, "f1_score": 0.763765541740675}}