{"birthplace": {"num_correct": 189, "num_predicted": 274, "num_actual": 268, "precision": 0.6897810218978102, "recall": 0.7052238805970149, "f1_score": 0.6974169741697416}, "birthdate": {"num_correct": 210, "num_predicted": 284, "num_actual": 268, "precision": 0.7394366197183099, "recall": 0.7835820895522388, "f1_score": 0.7608695652173914}, "hypernym": {"num_correct": 185, "num_predicted": 246, "num_actual": 268, "precision": 0.7520325203252033, "recall": 0.6902985074626866, "f1_score": 0.7198443579766537}, "spouse": {"num_correct": 209, "num_predicted": 282, "num_actual": 268, "precision": 0.7411347517730497, "recall": 0.7798507462686567, "f1_score": 0.7599999999999999}}