{"birthplace": {"num_correct": 207, "num_predicted": 234, "num_actual": 255, "precision": 0.8846153846153846, "recall": 0.8117647058823529, "f1_score": 0.8466257668711656}, "birthdate": {"num_correct": 240, "num_predicted": 277, "num_actual": 255, "precision": 0.8664259927797834, "recall": 0.9411764705882353, "f1_score": 0.9022556390977443}, "hypernym": {"num_correct": 218, "num_predicted": 241, "num_actual": 255, "precision": 0.9045643153526971, "recall": 0.8549019607843137, "f1_score": 0.879032258064516}, "spouse": {"num_correct": 236, "num_predicted": 269, "num_actual": 255, "precision": 0.8773234200743495, "recall": 0.9254901960784314, "f1_score": 0.9007633587786261}}