{"birthplace": {"num_correct": 204, "num_predicted": 250, "num_actual": 255, "precision": 0.816, "recall": 0.8, "f1_score": 0.807920792079208}, "birthdate": {"num_correct": 226, "num_predicted": 265, "num_actual": 255, "precision": 0.8528301886792453, "recall": 0.8862745098039215, "f1_score": 0.8692307692307693}, "hypernym": {"num_correct": 215, "num_predicted": 244, "num_actual": 255, "precision": 0.8811475409836066, "recall": 0.8431372549019608, "f1_score": 0.8617234468937875}, "spouse": {"num_correct": 227, "num_predicted": 267, "num_actual": 255, "precision": 0.850187265917603, "recall": 0.8901960784313725, "f1_score": 0.8697318007662835}}