{"birthplace": {"num_correct": 185, "num_predicted": 235, "num_actual": 255, "precision": 0.7872340425531915, "recall": 0.7254901960784313, "f1_score": 0.7551020408163265}, "birthdate": {"num_correct": 226, "num_predicted": 300, "num_actual": 255, "precision": 0.7533333333333333, "recall": 0.8862745098039215, "f1_score": 0.8144144144144143}, "hypernym": {"num_correct": 179, "num_predicted": 207, "num_actual": 255, "precision": 0.8647342995169082, "recall": 0.7019607843137254, "f1_score": 0.7748917748917747}, "spouse": {"num_correct": 229, "num_predicted": 280, "num_actual": 255, "precision": 0.8178571428571428, "recall": 0.8980392156862745, "f1_score": 0.8560747663551401}}