{"birthplace": {"num_correct": 213, "f1_score": 0.8606060606060607, "num_actual": 255, "precision": 0.8875, "recall": 0.8352941176470589, "num_predicted": 240}, "hypernym": {"num_correct": 234, "f1_score": 0.9122807017543859, "num_actual": 255, "precision": 0.9069767441860465, "recall": 0.9176470588235294, "num_predicted": 258}, "birthdate": {"num_correct": 244, "f1_score": 0.9207547169811321, "num_actual": 255, "precision": 0.8872727272727273, "recall": 0.9568627450980393, "num_predicted": 275}, "spouse": {"num_correct": 234, "f1_score": 0.923076923076923, "num_actual": 255, "precision": 0.9285714285714286, "recall": 0.9176470588235294, "num_predicted": 252}}