{"birthplace": {"num_correct": 184, "num_predicted": 291, "num_actual": 268, "precision": 0.6323024054982818, "recall": 0.6865671641791045, "f1_score": 0.6583184257602862}, "birthdate": {"num_correct": 199, "num_predicted": 281, "num_actual": 268, "precision": 0.708185053380783, "recall": 0.7425373134328358, "f1_score": 0.7249544626593806}, "hypernym": {"num_correct": 165, "num_predicted": 229, "num_actual": 268, "precision": 0.7205240174672489, "recall": 0.6156716417910447, "f1_score": 0.663983903420523}, "spouse": {"num_correct": 209, "num_predicted": 289, "num_actual": 268, "precision": 0.7231833910034602, "recall": 0.7798507462686567, "f1_score": 0.7504488330341113}}