{"birthplace": {"num_correct": 185, "num_predicted": 261, "num_actual": 268, "precision": 0.7088122605363985, "recall": 0.6902985074626866, "f1_score": 0.6994328922495274}, "birthdate": {"num_correct": 224, "num_predicted": 338, "num_actual": 268, "precision": 0.6627218934911243, "recall": 0.835820895522388, "f1_score": 0.7392739273927392}, "hypernym": {"num_correct": 171, "num_predicted": 257, "num_actual": 268, "precision": 0.6653696498054474, "recall": 0.6380597014925373, "f1_score": 0.6514285714285714}, "spouse": {"num_correct": 207, "num_predicted": 257, "num_actual": 268, "precision": 0.8054474708171206, "recall": 0.7723880597014925, "f1_score": 0.7885714285714286}}