{"birthplace": {"num_correct": 176, "num_predicted": 257, "num_actual": 268, "precision": 0.6848249027237354, "recall": 0.6567164179104478, "f1_score": 0.6704761904761906}, "birthdate": {"num_correct": 205, "num_predicted": 285, "num_actual": 268, "precision": 0.7192982456140351, "recall": 0.7649253731343284, "f1_score": 0.7414104882459313}, "hypernym": {"num_correct": 186, "num_predicted": 257, "num_actual": 268, "precision": 0.7237354085603113, "recall": 0.6940298507462687, "f1_score": 0.7085714285714286}, "spouse": {"num_correct": 206, "num_predicted": 281, "num_actual": 268, "precision": 0.7330960854092526, "recall": 0.7686567164179104, "f1_score": 0.7504553734061931}}