{"birthplace": {"num_correct": 207, "num_predicted": 232, "num_actual": 255, "precision": 0.8922413793103449, "recall": 0.8117647058823529, "f1_score": 0.8501026694045175}, "birthdate": {"num_correct": 243, "num_predicted": 274, "num_actual": 255, "precision": 0.8868613138686131, "recall": 0.9529411764705882, "f1_score": 0.9187145557655954}, "hypernym": {"num_correct": 227, "num_predicted": 252, "num_actual": 255, "precision": 0.9007936507936508, "recall": 0.8901960784313725, "f1_score": 0.8954635108481263}, "spouse": {"num_correct": 235, "num_predicted": 266, "num_actual": 255, "precision": 0.8834586466165414, "recall": 0.9215686274509803, "f1_score": 0.9021113243761996}}