{"birthplace": {"num_correct": 187, "num_predicted": 217, "num_actual": 255, "precision": 0.8617511520737328, "recall": 0.7333333333333333, "f1_score": 0.7923728813559321}, "birthdate": {"num_correct": 246, "num_predicted": 306, "num_actual": 255, "precision": 0.803921568627451, "recall": 0.9647058823529412, "f1_score": 0.877005347593583}, "hypernym": {"num_correct": 225, "num_predicted": 303, "num_actual": 255, "precision": 0.7425742574257426, "recall": 0.8823529411764706, "f1_score": 0.8064516129032258}, "spouse": {"num_correct": 184, "num_predicted": 202, "num_actual": 255, "precision": 0.9108910891089109, "recall": 0.7215686274509804, "f1_score": 0.8052516411378555}}