{"hypernym": {"precision": 0.9330543933054394, "f1_score": 0.9028340080971661, "num_predicted": 239, "num_correct": 223, "num_actual": 255, "recall": 0.8745098039215686}, "spouse": {"precision": 0.9073359073359073, "f1_score": 0.914396887159533, "num_predicted": 259, "num_correct": 235, "num_actual": 255, "recall": 0.9215686274509803}, "birthdate": {"precision": 0.8731343283582089, "f1_score": 0.8948374760994264, "num_predicted": 268, "num_correct": 234, "num_actual": 255, "recall": 0.9176470588235294}, "birthplace": {"precision": 0.8287937743190662, "f1_score": 0.8320312500000001, "num_predicted": 257, "num_correct": 213, "num_actual": 255, "recall": 0.8352941176470589}}