{"birthplace": {"num_correct": 216, "num_predicted": 243, "num_actual": 255, "precision": 0.8888888888888888, "recall": 0.8470588235294118, "f1_score": 0.8674698795180723}, "birthdate": {"num_correct": 245, "num_predicted": 274, "num_actual": 255, "precision": 0.8941605839416058, "recall": 0.9607843137254902, "f1_score": 0.9262759924385634}, "hypernym": {"num_correct": 234, "num_predicted": 268, "num_actual": 255, "precision": 0.8731343283582089, "recall": 0.9176470588235294, "f1_score": 0.8948374760994264}, "spouse": {"num_correct": 225, "num_predicted": 239, "num_actual": 255, "precision": 0.9414225941422594, "recall": 0.8823529411764706, "f1_score": 0.9109311740890688}}