{"birthplace": {"num_correct": 228, "num_predicted": 258, "num_actual": 268, "precision": 0.8837209302325582, "recall": 0.8507462686567164, "f1_score": 0.8669201520912547}, "birthdate": {"num_correct": 256, "num_predicted": 289, "num_actual": 268, "precision": 0.8858131487889274, "recall": 0.9552238805970149, "f1_score": 0.9192100538599641}, "hypernym": {"num_correct": 243, "num_predicted": 266, "num_actual": 268, "precision": 0.9135338345864662, "recall": 0.9067164179104478, "f1_score": 0.9101123595505618}, "spouse": {"num_correct": 239, "num_predicted": 266, "num_actual": 268, "precision": 0.8984962406015038, "recall": 0.8917910447761194, "f1_score": 0.8951310861423222}}