{"birthplace": {"num_correct": 178, "num_predicted": 233, "num_actual": 268, "precision": 0.7639484978540773, "recall": 0.664179104477612, "f1_score": 0.7105788423153693}, "birthdate": {"num_correct": 227, "num_predicted": 330, "num_actual": 268, "precision": 0.6878787878787879, "recall": 0.8470149253731343, "f1_score": 0.7591973244147157}, "hypernym": {"num_correct": 170, "num_predicted": 256, "num_actual": 268, "precision": 0.6640625, "recall": 0.6343283582089553, "f1_score": 0.648854961832061}, "spouse": {"num_correct": 217, "num_predicted": 294, "num_actual": 268, "precision": 0.7380952380952381, "recall": 0.8097014925373134, "f1_score": 0.7722419928825622}}