{"birthplace": {"num_correct": 192, "num_predicted": 315, "num_actual": 255, "precision": 0.6095238095238096, "recall": 0.7529411764705882, "f1_score": 0.6736842105263158}, "birthdate": {"num_correct": 192, "num_predicted": 249, "num_actual": 255, "precision": 0.7710843373493976, "recall": 0.7529411764705882, "f1_score": 0.761904761904762}, "hypernym": {"num_correct": 156, "num_predicted": 208, "num_actual": 255, "precision": 0.75, "recall": 0.611764705882353, "f1_score": 0.6738660907127431}, "spouse": {"num_correct": 211, "num_predicted": 256, "num_actual": 255, "precision": 0.82421875, "recall": 0.8274509803921568, "f1_score": 0.8258317025440314}}