{"spouse": {"recall": 0.8768656716417911, "num_actual": 268, "f1_score": 0.900383141762452, "num_predicted": 254, "precision": 0.9251968503937008, "num_correct": 235}, "birthplace": {"recall": 0.8880597014925373, "num_actual": 268, "f1_score": 0.8623188405797101, "num_predicted": 284, "precision": 0.8380281690140845, "num_correct": 238}, "birthdate": {"recall": 0.9291044776119403, "num_actual": 268, "f1_score": 0.9188191881918818, "num_predicted": 274, "precision": 0.9087591240875912, "num_correct": 249}, "hypernym": {"recall": 0.914179104477612, "num_actual": 268, "f1_score": 0.914179104477612, "num_predicted": 268, "precision": 0.914179104477612, "num_correct": 245}}