{"birthplace": {"num_correct": 188, "num_predicted": 267, "num_actual": 268, "precision": 0.704119850187266, "recall": 0.7014925373134329, "f1_score": 0.7028037383177571}, "birthdate": {"num_correct": 217, "num_predicted": 312, "num_actual": 268, "precision": 0.6955128205128205, "recall": 0.8097014925373134, "f1_score": 0.7482758620689656}, "hypernym": {"num_correct": 162, "num_predicted": 201, "num_actual": 268, "precision": 0.8059701492537313, "recall": 0.6044776119402985, "f1_score": 0.6908315565031983}, "spouse": {"num_correct": 220, "num_predicted": 299, "num_actual": 268, "precision": 0.7357859531772575, "recall": 0.8208955223880597, "f1_score": 0.7760141093474427}}