{"birthplace": {"num_correct": 228, "num_predicted": 258, "num_actual": 255, "precision": 0.8837209302325582, "recall": 0.8941176470588236, "f1_score": 0.888888888888889}, "birthdate": {"num_correct": 248, "num_predicted": 272, "num_actual": 255, "precision": 0.9117647058823529, "recall": 0.9725490196078431, "f1_score": 0.9411764705882353}, "hypernym": {"num_correct": 227, "num_predicted": 244, "num_actual": 255, "precision": 0.930327868852459, "recall": 0.8901960784313725, "f1_score": 0.9098196392785571}, "spouse": {"num_correct": 236, "num_predicted": 248, "num_actual": 255, "precision": 0.9516129032258065, "recall": 0.9254901960784314, "f1_score": 0.9383697813121272}}