{"birthplace": {"num_correct": 203, "num_predicted": 236, "num_actual": 255, "precision": 0.8601694915254238, "recall": 0.796078431372549, "f1_score": 0.8268839103869653}, "birthdate": {"num_correct": 233, "num_predicted": 272, "num_actual": 255, "precision": 0.8566176470588235, "recall": 0.9137254901960784, "f1_score": 0.8842504743833016}, "hypernym": {"num_correct": 225, "num_predicted": 267, "num_actual": 255, "precision": 0.8426966292134831, "recall": 0.8823529411764706, "f1_score": 0.8620689655172413}, "spouse": {"num_correct": 224, "num_predicted": 248, "num_actual": 255, "precision": 0.9032258064516129, "recall": 0.8784313725490196, "f1_score": 0.8906560636182901}}