{"birthplace": {"num_predicted": 255, "num_correct": 213, "num_actual": 268, "precision": 0.8352941176470589, "f1_score": 0.8145315487571703, "recall": 0.7947761194029851}, "spouse": {"num_predicted": 262, "num_correct": 230, "num_actual": 268, "precision": 0.8778625954198473, "f1_score": 0.8679245283018869, "recall": 0.8582089552238806}, "birthdate": {"num_predicted": 297, "num_correct": 254, "num_actual": 268, "precision": 0.8552188552188552, "f1_score": 0.8991150442477877, "recall": 0.9477611940298507}, "hypernym": {"num_predicted": 271, "num_correct": 230, "num_actual": 268, "precision": 0.8487084870848709, "f1_score": 0.8534322820037106, "recall": 0.8582089552238806}}