{"hypernym": {"precision": 0.9027237354085603, "recall": 0.9098039215686274, "num_actual": 255, "f1_score": 0.90625, "num_predicted": 257, "num_correct": 232}, "spouse": {"precision": 0.9395161290322581, "recall": 0.9137254901960784, "num_actual": 255, "f1_score": 0.926441351888668, "num_predicted": 248, "num_correct": 233}, "birthplace": {"precision": 0.8715953307392996, "recall": 0.8784313725490196, "num_actual": 255, "f1_score": 0.8750000000000001, "num_predicted": 257, "num_correct": 224}, "birthdate": {"precision": 0.9166666666666666, "recall": 0.9490196078431372, "num_actual": 255, "f1_score": 0.9325626204238919, "num_predicted": 264, "num_correct": 242}}