{"birthplace": {"num_correct": 184, "num_predicted": 233, "num_actual": 255, "precision": 0.7896995708154506, "recall": 0.7215686274509804, "f1_score": 0.7540983606557377}, "birthdate": {"num_correct": 230, "num_predicted": 310, "num_actual": 255, "precision": 0.7419354838709677, "recall": 0.9019607843137255, "f1_score": 0.8141592920353982}, "hypernym": {"num_correct": 176, "num_predicted": 203, "num_actual": 255, "precision": 0.8669950738916257, "recall": 0.6901960784313725, "f1_score": 0.7685589519650654}, "spouse": {"num_correct": 232, "num_predicted": 278, "num_actual": 255, "precision": 0.8345323741007195, "recall": 0.9098039215686274, "f1_score": 0.8705440900562853}}