{"birthplace": {"num_correct": 226, "num_predicted": 259, "num_actual": 268, "precision": 0.8725868725868726, "recall": 0.8432835820895522, "f1_score": 0.8576850094876661}, "birthdate": {"num_correct": 257, "num_predicted": 291, "num_actual": 268, "precision": 0.8831615120274914, "recall": 0.9589552238805971, "f1_score": 0.9194991055456171}, "hypernym": {"num_correct": 239, "num_predicted": 271, "num_actual": 268, "precision": 0.8819188191881919, "recall": 0.8917910447761194, "f1_score": 0.8868274582560296}, "spouse": {"num_correct": 234, "num_predicted": 256, "num_actual": 268, "precision": 0.9140625, "recall": 0.8731343283582089, "f1_score": 0.8931297709923665}}