{"birthplace": {"num_correct": 176, "num_predicted": 243, "num_actual": 255, "precision": 0.7242798353909465, "recall": 0.6901960784313725, "f1_score": 0.7068273092369478}, "birthdate": {"num_correct": 204, "num_predicted": 280, "num_actual": 255, "precision": 0.7285714285714285, "recall": 0.8, "f1_score": 0.7626168224299066}, "hypernym": {"num_correct": 177, "num_predicted": 230, "num_actual": 255, "precision": 0.7695652173913043, "recall": 0.6941176470588235, "f1_score": 0.7298969072164949}, "spouse": {"num_correct": 219, "num_predicted": 268, "num_actual": 255, "precision": 0.8171641791044776, "recall": 0.8588235294117647, "f1_score": 0.8374760994263862}}