{"birthplace": {"num_correct": 225, "num_predicted": 242, "num_actual": 268, "precision": 0.9297520661157025, "recall": 0.8395522388059702, "f1_score": 0.8823529411764706}, "birthdate": {"num_correct": 257, "num_predicted": 277, "num_actual": 268, "precision": 0.927797833935018, "recall": 0.9589552238805971, "f1_score": 0.9431192660550459}, "hypernym": {"num_correct": 246, "num_predicted": 272, "num_actual": 268, "precision": 0.9044117647058824, "recall": 0.917910447761194, "f1_score": 0.9111111111111111}, "spouse": {"num_correct": 247, "num_predicted": 283, "num_actual": 268, "precision": 0.872791519434629, "recall": 0.9216417910447762, "f1_score": 0.896551724137931}}