{"birthplace": {"num_correct": 229, "num_predicted": 287, "num_actual": 268, "precision": 0.7979094076655052, "recall": 0.8544776119402985, "f1_score": 0.8252252252252251}, "birthdate": {"num_correct": 230, "num_predicted": 258, "num_actual": 268, "precision": 0.8914728682170543, "recall": 0.8582089552238806, "f1_score": 0.8745247148288975}, "hypernym": {"num_correct": 229, "num_predicted": 254, "num_actual": 268, "precision": 0.9015748031496063, "recall": 0.8544776119402985, "f1_score": 0.8773946360153256}, "spouse": {"num_correct": 237, "num_predicted": 285, "num_actual": 268, "precision": 0.8315789473684211, "recall": 0.8843283582089553, "f1_score": 0.8571428571428572}}