{"birthplace": {"num_correct": 227, "num_predicted": 262, "num_actual": 268, "precision": 0.8664122137404581, "recall": 0.8470149253731343, "f1_score": 0.8566037735849057}, "birthdate": {"num_correct": 248, "num_predicted": 277, "num_actual": 268, "precision": 0.8953068592057761, "recall": 0.9253731343283582, "f1_score": 0.9100917431192661}, "hypernym": {"num_correct": 240, "num_predicted": 267, "num_actual": 268, "precision": 0.898876404494382, "recall": 0.8955223880597015, "f1_score": 0.8971962616822431}, "spouse": {"num_correct": 240, "num_predicted": 273, "num_actual": 268, "precision": 0.8791208791208791, "recall": 0.8955223880597015, "f1_score": 0.8872458410351202}}