{"birthplace": {"num_correct": 182, "num_predicted": 245, "num_actual": 255, "precision": 0.7428571428571429, "recall": 0.7137254901960784, "f1_score": 0.728}, "birthdate": {"num_correct": 221, "num_predicted": 308, "num_actual": 255, "precision": 0.7175324675324676, "recall": 0.8666666666666667, "f1_score": 0.7850799289520426}, "hypernym": {"num_correct": 167, "num_predicted": 195, "num_actual": 255, "precision": 0.8564102564102564, "recall": 0.6549019607843137, "f1_score": 0.7422222222222222}, "spouse": {"num_correct": 225, "num_predicted": 274, "num_actual": 255, "precision": 0.8211678832116789, "recall": 0.8823529411764706, "f1_score": 0.8506616257088847}}