{"birthplace": {"num_correct": 226, "num_predicted": 263, "num_actual": 268, "precision": 0.8593155893536122, "recall": 0.8432835820895522, "f1_score": 0.8512241054613937}, "birthdate": {"num_correct": 251, "num_predicted": 287, "num_actual": 268, "precision": 0.8745644599303136, "recall": 0.9365671641791045, "f1_score": 0.9045045045045046}, "hypernym": {"num_correct": 235, "num_predicted": 271, "num_actual": 268, "precision": 0.8671586715867159, "recall": 0.8768656716417911, "f1_score": 0.8719851576994434}, "spouse": {"num_correct": 233, "num_predicted": 259, "num_actual": 268, "precision": 0.8996138996138996, "recall": 0.8694029850746269, "f1_score": 0.8842504743833016}}