{"birthplace": {"num_correct": 198, "num_predicted": 216, "num_actual": 255, "precision": 0.9166666666666666, "recall": 0.7764705882352941, "f1_score": 0.8407643312101911}, "birthdate": {"num_correct": 247, "num_predicted": 283, "num_actual": 255, "precision": 0.872791519434629, "recall": 0.9686274509803922, "f1_score": 0.9182156133828995}, "hypernym": {"num_correct": 235, "num_predicted": 299, "num_actual": 255, "precision": 0.7859531772575251, "recall": 0.9215686274509803, "f1_score": 0.8483754512635379}, "spouse": {"num_correct": 205, "num_predicted": 222, "num_actual": 255, "precision": 0.9234234234234234, "recall": 0.803921568627451, "f1_score": 0.8595387840670861}}