{"birthplace": {"num_correct": 196, "num_predicted": 280, "num_actual": 268, "precision": 0.7, "recall": 0.7313432835820896, "f1_score": 0.7153284671532848}, "birthdate": {"num_correct": 214, "num_predicted": 292, "num_actual": 268, "precision": 0.7328767123287672, "recall": 0.7985074626865671, "f1_score": 0.7642857142857142}, "hypernym": {"num_correct": 172, "num_predicted": 218, "num_actual": 268, "precision": 0.7889908256880734, "recall": 0.6417910447761194, "f1_score": 0.7078189300411523}, "spouse": {"num_correct": 220, "num_predicted": 296, "num_actual": 268, "precision": 0.7432432432432432, "recall": 0.8208955223880597, "f1_score": 0.7801418439716312}}