{"birthplace": {"num_correct": 178, "num_predicted": 223, "num_actual": 255, "precision": 0.7982062780269058, "recall": 0.6980392156862745, "f1_score": 0.7447698744769875}, "birthdate": {"num_correct": 228, "num_predicted": 312, "num_actual": 255, "precision": 0.7307692307692307, "recall": 0.8941176470588236, "f1_score": 0.8042328042328043}, "hypernym": {"num_correct": 178, "num_predicted": 210, "num_actual": 255, "precision": 0.8476190476190476, "recall": 0.6980392156862745, "f1_score": 0.7655913978494623}, "spouse": {"num_correct": 230, "num_predicted": 279, "num_actual": 255, "precision": 0.8243727598566308, "recall": 0.9019607843137255, "f1_score": 0.8614232209737828}}