{"birthplace": {"num_correct": 177, "num_predicted": 224, "num_actual": 255, "precision": 0.7901785714285714, "recall": 0.6941176470588235, "f1_score": 0.7390396659707724}, "birthdate": {"num_correct": 233, "num_predicted": 311, "num_actual": 255, "precision": 0.7491961414790996, "recall": 0.9137254901960784, "f1_score": 0.8233215547703181}, "hypernym": {"num_correct": 174, "num_predicted": 199, "num_actual": 255, "precision": 0.8743718592964824, "recall": 0.6823529411764706, "f1_score": 0.7665198237885463}, "spouse": {"num_correct": 237, "num_predicted": 288, "num_actual": 255, "precision": 0.8229166666666666, "recall": 0.9294117647058824, "f1_score": 0.87292817679558}}