{"birthplace": {"num_correct": 170, "num_predicted": 217, "num_actual": 268, "precision": 0.783410138248848, "recall": 0.6343283582089553, "f1_score": 0.7010309278350516}, "birthdate": {"num_correct": 226, "num_predicted": 307, "num_actual": 268, "precision": 0.7361563517915309, "recall": 0.8432835820895522, "f1_score": 0.7860869565217391}, "hypernym": {"num_correct": 182, "num_predicted": 269, "num_actual": 268, "precision": 0.6765799256505576, "recall": 0.6791044776119403, "f1_score": 0.6778398510242086}, "spouse": {"num_correct": 210, "num_predicted": 289, "num_actual": 268, "precision": 0.726643598615917, "recall": 0.7835820895522388, "f1_score": 0.7540394973070018}}