{"birthplace": {"num_correct": 182, "num_predicted": 200, "num_actual": 255, "precision": 0.91, "recall": 0.7137254901960784, "f1_score": 0.8}, "birthdate": {"num_correct": 241, "num_predicted": 295, "num_actual": 255, "precision": 0.8169491525423729, "recall": 0.9450980392156862, "f1_score": 0.8763636363636363}, "hypernym": {"num_correct": 233, "num_predicted": 326, "num_actual": 255, "precision": 0.7147239263803681, "recall": 0.9137254901960784, "f1_score": 0.802065404475043}, "spouse": {"num_correct": 189, "num_predicted": 205, "num_actual": 255, "precision": 0.9219512195121952, "recall": 0.7411764705882353, "f1_score": 0.8217391304347826}}