{"birthplace": {"num_correct": 219, "num_predicted": 245, "num_actual": 255, "precision": 0.8938775510204081, "recall": 0.8588235294117647, "f1_score": 0.876}, "birthdate": {"num_correct": 244, "num_predicted": 270, "num_actual": 255, "precision": 0.9037037037037037, "recall": 0.9568627450980393, "f1_score": 0.9295238095238095}, "hypernym": {"num_correct": 228, "num_predicted": 254, "num_actual": 255, "precision": 0.8976377952755905, "recall": 0.8941176470588236, "f1_score": 0.8958742632612966}, "spouse": {"num_correct": 232, "num_predicted": 255, "num_actual": 255, "precision": 0.9098039215686274, "recall": 0.9098039215686274, "f1_score": 0.9098039215686274}}