{
    "means": {
        "birthdate": {
            "f1_score": 0.91428019791188,
            "num_actual": 523.0,
            "num_correct": 491.4,
            "num_predicted": 552.0,
            "precision": 0.8907097486392037,
            "recall": 0.9395793499043976
        },
        "birthplace": {
            "f1_score": 0.8571159037459293,
            "num_actual": 523.0,
            "num_correct": 453.79999999999995,
            "num_predicted": 536.0,
            "precision": 0.8474653759893551,
            "recall": 0.8676864244741873
        },
        "hypernym": {
            "f1_score": 0.9038680508751972,
            "num_actual": 523.0,
            "num_correct": 459.0,
            "num_predicted": 492.6,
            "precision": 0.9318400563055099,
            "recall": 0.8776290630975144
        },
        "spouse": {
            "f1_score": 0.904314847370997,
            "num_actual": 523.0,
            "num_correct": 475.0,
            "num_predicted": 527.6,
            "precision": 0.900678053067995,
            "recall": 0.9082217973231357
        }
    },
    "ranges": {
        "birthdate": {
            "f1_score": [
                0.9297597042513863,
                0.9045412418906394
            ],
            "num_actual": [
                523,
                523
            ],
            "num_correct": [
                503,
                483
            ],
            "num_predicted": [
                578,
                533
            ],
            "precision": [
                0.9099437148217636,
                0.8615916955017301
            ],
            "recall": [
                0.9617590822179732,
                0.9235181644359465
            ]
        },
        "birthplace": {
            "f1_score": [
                0.8698955365622032,
                0.8443616029822927
            ],
            "num_actual": [
                523,
                523
            ],
            "num_correct": [
                467,
                445
            ],
            "num_predicted": [
                570,
                510
            ],
            "precision": [
                0.8725490196078431,
                0.8192982456140351
            ],
            "recall": [
                0.892925430210325,
                0.8508604206500956
            ]
        },
        "hypernym": {
            "f1_score": [
                0.9105058365758756,
                0.899502487562189
            ],
            "num_actual": [
                523,
                523
            ],
            "num_correct": [
                468,
                452
            ],
            "num_predicted": [
                505,
                482
            ],
            "precision": [
                0.9377593360995851,
                0.9267326732673268
            ],
            "recall": [
                0.8948374760994264,
                0.864244741873805
            ]
        },
        "spouse": {
            "f1_score": [
                0.916504854368932,
                0.89413988657845
            ],
            "num_actual": [
                523,
                523
            ],
            "num_correct": [
                480,
                472
            ],
            "num_predicted": [
                542,
                507
            ],
            "precision": [
                0.9309664694280079,
                0.8841121495327103
            ],
            "recall": [
                0.9177820267686424,
                0.9024856596558317
            ]
        }
    },
    "stddevs": {
        "birthdate": {
            "f1_score": 0.010559452135312161,
            "num_actual": 0.0,
            "num_correct": 8.677557259966655,
            "num_predicted": 18.881207588499205,
            "precision": 0.02037246427481891,
            "recall": 0.01659188768636071
        },
        "birthplace": {
            "f1_score": 0.009435066412801386,
            "num_actual": 0.0,
            "num_correct": 9.093954035511725,
            "num_predicted": 24.08318915758459,
            "precision": 0.024358758857055483,
            "recall": 0.017388057429276713
        },
        "hypernym": {
            "f1_score": 0.005671188954016012,
            "num_actual": 0.0,
            "num_correct": 6.442049363362563,
            "num_predicted": 8.561541917201597,
            "precision": 0.0049345405134553965,
            "recall": 0.012317494002605298
        },
        "spouse": {
            "f1_score": 0.008081363817141944,
            "num_actual": 0.0,
            "num_correct": 3.391164991562634,
            "num_predicted": 13.408952233489385,
            "precision": 0.018962890182869986,
            "recall": 0.0064840630813817095
        }
    }
}