{
    "means": {
        "birthdate": {
            "f1_score": 0.9080994996916719,
            "num_actual": 268.0,
            "num_correct": 248.0,
            "num_predicted": 278.2,
            "precision": 0.8916689386349382,
            "recall": 0.9253731343283582
        },
        "birthplace": {
            "f1_score": 0.8535565145615939,
            "num_actual": 268.0,
            "num_correct": 231.4,
            "num_predicted": 274.2,
            "precision": 0.8444115904388505,
            "recall": 0.8634328358208955
        },
        "hypernym": {
            "f1_score": 0.9028104345274404,
            "num_actual": 268.0,
            "num_correct": 238.8,
            "num_predicted": 261.0,
            "precision": 0.9149862293901947,
            "recall": 0.8910447761194029
        },
        "spouse": {
            "f1_score": 0.8912579588733507,
            "num_actual": 268.0,
            "num_correct": 239.8,
            "num_predicted": 270.2,
            "precision": 0.8881710052428882,
            "recall": 0.8947761194029851
        }
    },
    "ranges": {
        "birthdate": {
            "f1_score": [
                0.9236363636363636,
                0.8953068592057761
            ],
            "num_actual": [
                268,
                268
            ],
            "num_correct": [
                254,
                242
            ],
            "num_predicted": [
                286,
                268
            ],
            "precision": [
                0.9057971014492754,
                0.8671328671328671
            ],
            "recall": [
                0.9477611940298507,
                0.9029850746268657
            ]
        },
        "birthplace": {
            "f1_score": [
                0.866171003717472,
                0.8421052631578947
            ],
            "num_actual": [
                268,
                268
            ],
            "num_correct": [
                239,
                225
            ],
            "num_predicted": [
                288,
                263
            ],
            "precision": [
                0.8629629629629629,
                0.8197879858657244
            ],
            "recall": [
                0.8917910447761194,
                0.8395522388059702
            ]
        },
        "hypernym": {
            "f1_score": [
                0.9108159392789373,
                0.8910133843212237
            ],
            "num_actual": [
                268,
                268
            ],
            "num_correct": [
                242,
                233
            ],
            "num_predicted": [
                266,
                255
            ],
            "precision": [
                0.9266409266409267,
                0.9049429657794676
            ],
            "recall": [
                0.9029850746268657,
                0.8694029850746269
            ]
        },
        "spouse": {
            "f1_score": [
                0.9083969465648856,
                0.8729281767955801
            ],
            "num_actual": [
                268,
                268
            ],
            "num_correct": [
                243,
                237
            ],
            "num_predicted": [
                280,
                256
            ],
            "precision": [
                0.9296875,
                0.8618181818181818
            ],
            "recall": [
                0.9067164179104478,
                0.8843283582089553
            ]
        }
    },
    "stddevs": {
        "birthdate": {
            "f1_score": 0.012523873930145155,
            "num_actual": 0.0,
            "num_correct": 4.47213595499958,
            "num_predicted": 6.797058187186572,
            "precision": 0.01666116914839565,
            "recall": 0.016687074458953628
        },
        "birthplace": {
            "f1_score": 0.009576459674473103,
            "num_actual": 0.0,
            "num_correct": 5.319774431308155,
            "num_predicted": 10.756393447619885,
            "precision": 0.01854783834686165,
            "recall": 0.019849904594433386
        },
        "hypernym": {
            "f1_score": 0.008668811040115527,
            "num_actual": 0.0,
            "num_correct": 3.563705936241092,
            "num_predicted": 4.183300132670378,
            "precision": 0.008501200602666325,
            "recall": 0.013297410209854829
        },
        "spouse": {
            "f1_score": 0.012891311024323126,
            "num_actual": 0.0,
            "num_correct": 2.3874672772626644,
            "num_predicted": 8.983317872590284,
            "precision": 0.026684240194643036,
            "recall": 0.008908459989786045
        }
    }
}