{
    "means": {
        "birthdate": {
            "f1_score": 0.012511329916048529,
            "precision": -0.0018410415928444834,
            "recall": 0.029136669593210374
        },
        "birthplace": {
            "f1_score": 0.007335266985292632,
            "precision": 0.0064957903016286565,
            "recall": 0.008724026924202532
        },
        "hypernym": {
            "f1_score": 0.0021999757077834307,
            "precision": 0.03585229965921042,
            "recall": -0.027515364354697147
        },
        "spouse": {
            "f1_score": 0.02679391636472417,
            "precision": 0.02574069856445227,
            "recall": 0.027576821773485506
        }
    },
    "ranges": {
        "birthdate": {
            "f1_score": [
                0.02215887930787508,
                -0.0011488970588237057
            ],
            "precision": [
                0.008599785710257657,
                -0.010968483571223264
            ],
            "recall": [
                0.05501902253438684,
                -0.011267193444542078
            ]
        },
        "birthplace": {
            "f1_score": [
                0.01914949517696951,
                -0.010550219042643083
            ],
            "precision": [
                0.039071530956674594,
                -0.021350472813238874
            ],
            "recall": [
                0.02711442786069651,
                0.00023412350014628824
            ]
        },
        "hypernym": {
            "f1_score": [
                0.017700308624834404,
                -0.022386187212821707
            ],
            "precision": [
                0.051032219055022865,
                0.01222370218003399
            ],
            "recall": [
                -0.010579455662862225,
                -0.05238513315774074
            ]
        },
        "spouse": {
            "f1_score": [
                0.04357667757335182,
                0.016504239205865412
            ],
            "precision": [
                0.04587412587412587,
                0.0025834163346613037
            ],
            "recall": [
                0.04116183786947614,
                0.01820310213637688
            ]
        }
    },
    "stddevs": {
        "birthdate": {
            "f1_score": 0.00899499314714578,
            "precision": 0.007982835644401293,
            "recall": 0.024873810810485567
        },
        "birthplace": {
            "f1_score": 0.011606811988308685,
            "precision": 0.021561519546223287,
            "recall": 0.011497916103362513
        },
        "hypernym": {
            "f1_score": 0.015075516679846626,
            "precision": 0.01522072828054766,
            "recall": 0.016018411895387146
        },
        "spouse": {
            "f1_score": 0.01054148086134544,
            "precision": 0.01670764711009256,
            "recall": 0.008690323502939875
        }
    }
}