{
    "means": {
        "birthdate": {
            "f1_score": 0.9206108296077203,
            "num_actual": 255.0,
            "num_correct": 243.39999999999998,
            "num_predicted": 273.79999999999995,
            "precision": 0.8898278970420936,
            "recall": 0.9545098039215685
        },
        "birthplace": {
            "f1_score": 0.8608917815468864,
            "num_actual": 255.0,
            "num_correct": 222.4,
            "num_predicted": 261.8,
            "precision": 0.850907380740479,
            "recall": 0.872156862745098
        },
        "hypernym": {
            "f1_score": 0.9050104102352239,
            "num_actual": 255.0,
            "num_correct": 220.2,
            "num_predicted": 231.60000000000002,
            "precision": 0.950838529049405,
            "recall": 0.8635294117647059
        },
        "spouse": {
            "f1_score": 0.9180518752380749,
            "num_actual": 255.0,
            "num_correct": 235.2,
            "num_predicted": 257.4,
            "precision": 0.9139117038073404,
            "recall": 0.9223529411764706
        }
    },
    "ranges": {
        "birthdate": {
            "f1_score": [
                0.9360902255639099,
                0.9097744360902256
            ],
            "num_actual": [
                255,
                255
            ],
            "num_correct": [
                250,
                235
            ],
            "num_predicted": [
                292,
                257
            ],
            "precision": [
                0.914396887159533,
                0.8561643835616438
            ],
            "recall": [
                0.9803921568627451,
                0.9215686274509803
            ]
        },
        "birthplace": {
            "f1_score": [
                0.8737864077669903,
                0.8467432950191571
            ],
            "num_actual": [
                255,
                255
            ],
            "num_correct": [
                228,
                217
            ],
            "num_predicted": [
                282,
                243
            ],
            "precision": [
                0.8930041152263375,
                0.8085106382978723
            ],
            "recall": [
                0.8941176470588236,
                0.8509803921568627
            ]
        },
        "hypernym": {
            "f1_score": [
                0.9149797570850202,
                0.8884297520661156
            ],
            "num_actual": [
                255,
                255
            ],
            "num_correct": [
                226,
                215
            ],
            "num_predicted": [
                239,
                227
            ],
            "precision": [
                0.9647577092511013,
                0.9388646288209607
            ],
            "recall": [
                0.8862745098039215,
                0.8431372549019608
            ]
        },
        "spouse": {
            "f1_score": [
                0.924901185770751,
                0.9155206286836935
            ],
            "num_actual": [
                255,
                255
            ],
            "num_correct": [
                237,
                233
            ],
            "num_predicted": [
                262,
                251
            ],
            "precision": [
                0.9322709163346613,
                0.9045801526717557
            ],
            "recall": [
                0.9294117647058824,
                0.9137254901960784
            ]
        }
    },
    "stddevs": {
        "birthdate": {
            "f1_score": 0.01033516686748638,
            "num_actual": 0.0,
            "num_correct": 6.18869937870632,
            "num_predicted": 13.179529581893277,
            "precision": 0.024204075854228846,
            "recall": 0.024269409328260088
        },
        "birthplace": {
            "f1_score": 0.012469807558734117,
            "num_actual": 0.0,
            "num_correct": 4.219004621945797,
            "num_predicted": 14.272350892547452,
            "precision": 0.033160012647407755,
            "recall": 0.016545116164493334
        },
        "hypernym": {
            "f1_score": 0.010185585973460773,
            "num_actual": 0.0,
            "num_correct": 4.08656334834051,
            "num_predicted": 4.669047011971501,
            "precision": 0.0096187352742032,
            "recall": 0.01602573862094317
        },
        "spouse": {
            "f1_score": 0.0038602150676892133,
            "num_actual": 0.0,
            "num_correct": 1.6431676725154984,
            "num_predicted": 4.669047011971501,
            "precision": 0.011326254024245338,
            "recall": 0.006443794794178459
        }
    }
}