{
    "means": {
        "birthdate": {
            "f1_score": 0.8776843812149027,
            "num_actual": 523.0,
            "num_correct": 474.6,
            "num_predicted": 558.4,
            "precision": 0.8503098031827816,
            "recall": 0.9074569789674953
        },
        "birthplace": {
            "f1_score": 0.7930559642782473,
            "num_actual": 523.0,
            "num_correct": 404.20000000000005,
            "num_predicted": 496.40000000000003,
            "precision": 0.8152704861584119,
            "recall": 0.7728489483747609
        },
        "hypernym": {
            "f1_score": 0.8312090596224475,
            "num_actual": 523.0,
            "num_correct": 453.40000000000003,
            "num_predicted": 568.0,
            "precision": 0.7985862380852324,
            "recall": 0.8669216061185469
        },
        "spouse": {
            "f1_score": 0.8380896312338817,
            "num_actual": 523.0,
            "num_correct": 420.8,
            "num_predicted": 481.2,
            "precision": 0.8748364956201058,
            "recall": 0.8045889101338433
        }
    },
    "ranges": {
        "birthdate": {
            "f1_score": [
                0.8840182648401828,
                0.8689915174363808
            ],
            "num_actual": [
                523,
                523
            ],
            "num_correct": [
                484,
                461
            ],
            "num_predicted": [
                580,
                532
            ],
            "precision": [
                0.868421052631579,
                0.8344827586206897
            ],
            "recall": [
                0.9254302103250478,
                0.8814531548757171
            ]
        },
        "birthplace": {
            "f1_score": [
                0.8035714285714287,
                0.781586679725759
            ],
            "num_actual": [
                523,
                523
            ],
            "num_correct": [
                422,
                397
            ],
            "num_predicted": [
                542,
                476
            ],
            "precision": [
                0.8361344537815126,
                0.7785977859778598
            ],
            "recall": [
                0.8068833652007649,
                0.7590822179732314
            ]
        },
        "hypernym": {
            "f1_score": [
                0.8362627197039778,
                0.822141560798548
            ],
            "num_actual": [
                523,
                523
            ],
            "num_correct": [
                461,
                446
            ],
            "num_predicted": [
                588,
                546
            ],
            "precision": [
                0.8168498168498168,
                0.7823834196891192
            ],
            "recall": [
                0.8814531548757171,
                0.8527724665391969
            ]
        },
        "spouse": {
            "f1_score": [
                0.8494516450648055,
                0.8277945619335347
            ],
            "num_actual": [
                523,
                523
            ],
            "num_correct": [
                429,
                411
            ],
            "num_predicted": [
                507,
                470
            ],
            "precision": [
                0.8875,
                0.8461538461538461
            ],
            "recall": [
                0.8202676864244742,
                0.7858508604206501
            ]
        }
    },
    "stddevs": {
        "birthdate": {
            "f1_score": 0.005864103777120199,
            "num_actual": 0.0,
            "num_correct": 11.991663771137013,
            "num_predicted": 21.789905919943756,
            "precision": 0.01285464152614943,
            "recall": 0.02292861141708796
        },
        "birthplace": {
            "f1_score": 0.008083330548975353,
            "num_actual": 0.0,
            "num_correct": 10.425929215182693,
            "num_predicted": 26.763781496642064,
            "precision": 0.02485558744325333,
            "recall": 0.019934855095951623
        },
        "hypernym": {
            "f1_score": 0.00557607245880565,
            "num_actual": 0.0,
            "num_correct": 5.412947441089743,
            "num_predicted": 16.62828914831589,
            "precision": 0.015335197303883946,
            "recall": 0.010349803902657285
        },
        "spouse": {
            "f1_score": 0.00842660057800828,
            "num_actual": 0.0,
            "num_correct": 7.155417527999327,
            "num_predicted": 14.889593681494468,
            "precision": 0.016744575164378737,
            "recall": 0.013681486669214775
        }
    }
}