{
    "means": {
        "birthdate": {
            "f1_score": 0.8728656079544211,
            "num_actual": 268.0,
            "num_correct": 232.60000000000002,
            "num_predicted": 264.8,
            "precision": 0.87859386737303,
            "recall": 0.8679104477611941
        },
        "birthplace": {
            "f1_score": 0.7909062407863745,
            "num_actual": 268.0,
            "num_correct": 219.8,
            "num_predicted": 287.8,
            "precision": 0.7643510160637108,
            "recall": 0.8201492537313432
        },
        "hypernym": {
            "f1_score": 0.8649394866906795,
            "num_actual": 268.0,
            "num_correct": 227.2,
            "num_predicted": 257.4,
            "precision": 0.8832106585595069,
            "recall": 0.8477611940298507
        },
        "spouse": {
            "f1_score": 0.8563516975862904,
            "num_actual": 268.0,
            "num_correct": 231.2,
            "num_predicted": 272.0,
            "precision": 0.8504621617231364,
            "recall": 0.862686567164179
        }
    },
    "ranges": {
        "birthdate": {
            "f1_score": [
                0.8876611418047882,
                0.8494208494208494
            ],
            "num_actual": [
                268,
                268
            ],
            "num_correct": [
                241,
                220
            ],
            "num_predicted": [
                275,
                250
            ],
            "precision": [
                0.889763779527559,
                0.8686131386861314
            ],
            "recall": [
                0.8992537313432836,
                0.8208955223880597
            ]
        },
        "birthplace": {
            "f1_score": [
                0.8058076225045372,
                0.7723132969034607
            ],
            "num_actual": [
                268,
                268
            ],
            "num_correct": [
                230,
                212
            ],
            "num_predicted": [
                312,
                276
            ],
            "precision": [
                0.784452296819788,
                0.7371794871794872
            ],
            "recall": [
                0.8582089552238806,
                0.7910447761194029
            ]
        },
        "hypernym": {
            "f1_score": [
                0.875,
                0.8528301886792453
            ],
            "num_actual": [
                268,
                268
            ],
            "num_correct": [
                231,
                224
            ],
            "num_predicted": [
                264,
                244
            ],
            "precision": [
                0.9180327868852459,
                0.8625954198473282
            ],
            "recall": [
                0.8619402985074627,
                0.835820895522388
            ]
        },
        "spouse": {
            "f1_score": [
                0.87569573283859,
                0.8375451263537905
            ],
            "num_actual": [
                268,
                268
            ],
            "num_correct": [
                236,
                223
            ],
            "num_predicted": [
                286,
                261
            ],
            "precision": [
                0.8708487084870848,
                0.8111888111888111
            ],
            "recall": [
                0.8805970149253731,
                0.832089552238806
            ]
        }
    },
    "stddevs": {
        "birthdate": {
            "f1_score": 0.01541858588435308,
            "num_actual": 0.0,
            "num_correct": 9.09945053286186,
            "num_predicted": 11.861703081766969,
            "precision": 0.007607008431385931,
            "recall": 0.03395317363008156
        },
        "birthplace": {
            "f1_score": 0.01210204379980461,
            "num_actual": 0.0,
            "num_correct": 6.797058187186571,
            "num_predicted": 14.096098751072935,
            "precision": 0.01984571058150291,
            "recall": 0.02536215741487529
        },
        "hypernym": {
            "f1_score": 0.008523147216495382,
            "num_actual": 0.0,
            "num_correct": 2.588435821108957,
            "num_predicted": 8.23407554009556,
            "precision": 0.021922037735027173,
            "recall": 0.009658342616078206
        },
        "spouse": {
            "f1_score": 0.01574157670248006,
            "num_actual": 0.0,
            "num_correct": 4.868264577855234,
            "num_predicted": 8.94427190999916,
            "precision": 0.02286927298518457,
            "recall": 0.01816516633528071
        }
    }
}