{
    "means": {
        "birthdate": {
            "f1_score": 0.009429528648032325,
            "precision": -0.053819289864422394,
            "recall": 0.08110916008194322
        },
        "birthplace": {
            "f1_score": 0.0046685158983134295,
            "precision": 0.12164900954122264,
            "recall": -0.09701199882938248
        },
        "hypernym": {
            "f1_score": -0.06506933075742956,
            "precision": -0.1546282427318346,
            "recall": 0.03929762949956102
        },
        "spouse": {
            "f1_score": -0.03954525581885049,
            "precision": 0.05610933102578771,
            "recall": -0.11915715539947318
        }
    },
    "ranges": {
        "birthdate": {
            "f1_score": [
                0.03824029238393878,
                -0.011297505441151823
            ],
            "precision": [
                -0.04084291621820646,
                -0.06469157005868043
            ],
            "recall": [
                0.12420251682762651,
                0.04584430787240268
            ]
        },
        "birthplace": {
            "f1_score": [
                0.020059584452471357,
                -0.004932348981561252
            ],
            "precision": [
                0.15445957110528397,
                0.0976031215161649
            ],
            "recall": [
                -0.057711442786069655,
                -0.11912496341820311
            ]
        },
        "hypernym": {
            "f1_score": [
                -0.05831195401552314,
                -0.0778725314183123
            ],
            "precision": [
                -0.1405737704918033,
                -0.18293344913690157
            ],
            "recall": [
                0.06297922153936197,
                0.01649107404155692
            ]
        },
        "spouse": {
            "f1_score": [
                -0.00981403391681579,
                -0.05931236628329484
            ],
            "precision": [
                0.0802139037433156,
                0.03824220060382422
            ],
            "recall": [
                -0.09312262218320155,
                -0.1478343576236465
            ]
        }
    },
    "stddevs": {
        "birthdate": {
            "f1_score": 0.019597611692987564,
            "precision": 0.01097356598553316,
            "recall": 0.028025381215574467
        },
        "birthplace": {
            "f1_score": 0.009588242270891792,
            "precision": 0.021757484468755684,
            "recall": 0.02404198975373498
        },
        "hypernym": {
            "f1_score": 0.008186626247968277,
            "precision": 0.01669224957649426,
            "recall": 0.017140194252584662
        },
        "spouse": {
            "f1_score": 0.02010158850287201,
            "precision": 0.0168910263365959,
            "recall": 0.02443006654895918
        }
    }
}