{
    "means": {
        "birthdate": {
            "f1_score": 0.8822951366024535,
            "num_actual": 255.0,
            "num_correct": 242.0,
            "num_predicted": 293.6,
            "precision": 0.8247745775086075,
            "recall": 0.9490196078431372
        },
        "birthplace": {
            "f1_score": 0.7955747566846879,
            "num_actual": 255.0,
            "num_correct": 184.4,
            "num_predicted": 208.6,
            "precision": 0.8860000256049334,
            "recall": 0.7231372549019608
        },
        "hypernym": {
            "f1_score": 0.7998701559332501,
            "num_actual": 255.0,
            "num_correct": 226.2,
            "num_predicted": 310.6,
            "precision": 0.7285824158276724,
            "recall": 0.8870588235294118
        },
        "spouse": {
            "f1_score": 0.8168064417674398,
            "num_actual": 255.0,
            "num_correct": 189.60000000000002,
            "num_predicted": 209.2,
            "precision": 0.9065714927489239,
            "recall": 0.743529411764706
        }
    },
    "ranges": {
        "birthdate": {
            "f1_score": [
                0.8876611418047882,
                0.8763636363636363
            ],
            "num_actual": [
                255,
                255
            ],
            "num_correct": [
                246,
                236
            ],
            "num_predicted": [
                306,
                278
            ],
            "precision": [
                0.8489208633093526,
                0.803921568627451
            ],
            "recall": [
                0.9647058823529412,
                0.9254901960784314
            ]
        },
        "birthplace": {
            "f1_score": [
                0.8008752735229759,
                0.7917525773195875
            ],
            "num_actual": [
                255,
                255
            ],
            "num_correct": [
                192,
                178
            ],
            "num_predicted": [
                230,
                194
            ],
            "precision": [
                0.9175257731958762,
                0.8347826086956521
            ],
            "recall": [
                0.7529411764705882,
                0.6980392156862745
            ]
        },
        "hypernym": {
            "f1_score": [
                0.8064516129032258,
                0.7937062937062936
            ],
            "num_actual": [
                255,
                255
            ],
            "num_correct": [
                233,
                222
            ],
            "num_predicted": [
                326,
                302
            ],
            "precision": [
                0.7425742574257426,
                0.7147239263803681
            ],
            "recall": [
                0.9137254901960784,
                0.8705882352941177
            ]
        },
        "spouse": {
            "f1_score": [
                0.8277310924369747,
                0.8052516411378555
            ],
            "num_actual": [
                255,
                255
            ],
            "num_correct": [
                197,
                184
            ],
            "num_predicted": [
                221,
                202
            ],
            "precision": [
                0.9219512195121952,
                0.8914027149321267
            ],
            "recall": [
                0.7725490196078432,
                0.7215686274509804
            ]
        }
    },
    "stddevs": {
        "birthdate": {
            "f1_score": 0.005227797458913754,
            "num_actual": 0.0,
            "num_correct": 4.183300132670378,
            "num_predicted": 11.013627921806691,
            "precision": 0.017889279313394627,
            "recall": 0.01640509855949167
        },
        "birthplace": {
            "f1_score": 0.004467620459030546,
            "num_actual": 0.0,
            "num_correct": 5.319774431308155,
            "num_predicted": 14.656056768449009,
            "precision": 0.0359816948767373,
            "recall": 0.02086186051493394
        },
        "hypernym": {
            "f1_score": 0.004839087800166379,
            "num_actual": 0.0,
            "num_correct": 4.207136793592526,
            "num_predicted": 10.502380682492898,
            "precision": 0.012455440773745144,
            "recall": 0.016498575661147145
        },
        "spouse": {
            "f1_score": 0.008994538510382562,
            "num_actual": 0.0,
            "num_correct": 4.722287581247038,
            "num_predicted": 7.224956747275377,
            "precision": 0.011633315804514481,
            "recall": 0.01851877482841977
        }
    }
}