{
    "means": {
        "birthdate": {
            "f1_score": 0.7719926165742343,
            "num_actual": 523.0,
            "num_correct": 417.40000000000003,
            "num_predicted": 558.2,
            "precision": 0.7481096557855658,
            "recall": 0.7980879541108987
        },
        "birthplace": {
            "f1_score": 0.7280595770715973,
            "num_actual": 523.0,
            "num_correct": 384.20000000000005,
            "num_predicted": 532.6,
            "precision": 0.7236073254693856,
            "recall": 0.7346080305927343
        },
        "hypernym": {
            "f1_score": 0.7296569681318411,
            "num_actual": 523.0,
            "num_correct": 363.40000000000003,
            "num_predicted": 473.0,
            "precision": 0.7688779493926676,
            "recall": 0.6948374760994263
        },
        "spouse": {
            "f1_score": 0.8224601742417866,
            "num_actual": 523.0,
            "num_correct": 438.79999999999995,
            "num_predicted": 544.0,
            "precision": 0.80677470536518,
            "recall": 0.8390057361376674
        }
    },
    "ranges": {
        "birthdate": {
            "f1_score": [
                0.7864344637946838,
                0.7567567567567568
            ],
            "num_actual": [
                523,
                523
            ],
            "num_correct": [
                436,
                406
            ],
            "num_predicted": [
                596,
                532
            ],
            "precision": [
                0.7669172932330827,
                0.7315436241610739
            ],
            "recall": [
                0.8336520076481836,
                0.7762906309751434
            ]
        },
        "birthplace": {
            "f1_score": [
                0.7334558823529411,
                0.7168784029038112
            ],
            "num_actual": [
                523,
                523
            ],
            "num_correct": [
                399,
                365
            ],
            "num_predicted": [
                579,
                475
            ],
            "precision": [
                0.7684210526315789,
                0.6822107081174439
            ],
            "recall": [
                0.762906309751434,
                0.6978967495219885
            ]
        },
        "hypernym": {
            "f1_score": [
                0.7409638554216867,
                0.7206645898234683
            ],
            "num_actual": [
                523,
                523
            ],
            "num_correct": [
                373,
                347
            ],
            "num_predicted": [
                498,
                440
            ],
            "precision": [
                0.7886363636363637,
                0.748995983935743
            ],
            "recall": [
                0.7131931166347992,
                0.6634799235181644
            ]
        },
        "spouse": {
            "f1_score": [
                0.8264462809917356,
                0.8158640226628896
            ],
            "num_actual": [
                523,
                523
            ],
            "num_correct": [
                450,
                432
            ],
            "num_predicted": [
                566,
                529
            ],
            "precision": [
                0.8166351606805293,
                0.7950530035335689
            ],
            "recall": [
                0.8604206500956023,
                0.8260038240917782
            ]
        }
    },
    "stddevs": {
        "birthdate": {
            "f1_score": 0.011820912221718561,
            "num_actual": 0.0,
            "num_correct": 14.028542333400146,
            "num_predicted": 24.76287543884999,
            "precision": 0.01395013499408635,
            "recall": 0.026823216698661882
        },
        "birthplace": {
            "f1_score": 0.006867944986955925,
            "num_actual": 0.0,
            "num_correct": 14.11382301150188,
            "num_predicted": 43.66692111885151,
            "precision": 0.034509989017473736,
            "recall": 0.026986277268646032
        },
        "hypernym": {
            "f1_score": 0.007334809172902575,
            "num_actual": 0.0,
            "num_correct": 10.310189135025603,
            "num_predicted": 22.293496809607955,
            "precision": 0.016911645067314456,
            "recall": 0.01971355475148298
        },
        "spouse": {
            "f1_score": 0.004232846442018973,
            "num_actual": 0.0,
            "num_correct": 7.726577508832744,
            "num_predicted": 14.439529078193651,
            "precision": 0.007951492044553688,
            "recall": 0.014773570762586521
        }
    }
}