{
    "means": {
        "birthdate": {
            "f1_score": 0.7729885088513714,
            "num_actual": 268.0,
            "num_correct": 218.99999999999997,
            "num_predicted": 298.59999999999997,
            "precision": 0.7336427185618397,
            "recall": 0.8171641791044775
        },
        "birthplace": {
            "f1_score": 0.7358100717569642,
            "num_actual": 268.0,
            "num_correct": 198.0,
            "num_predicted": 270.20000000000005,
            "precision": 0.7343182023765655,
            "recall": 0.7388059701492538
        },
        "hypernym": {
            "f1_score": 0.71600170769345,
            "num_actual": 268.0,
            "num_correct": 177.8,
            "num_predicted": 228.60000000000002,
            "precision": 0.7783939372832518,
            "recall": 0.6634328358208955
        },
        "spouse": {
            "f1_score": 0.7977993457403535,
            "num_actual": 268.0,
            "num_correct": 221.0,
            "num_predicted": 286.0,
            "precision": 0.7728566615308704,
            "recall": 0.8246268656716418
        }
    },
    "ranges": {
        "birthdate": {
            "f1_score": [
                0.7895652173913044,
                0.7646017699115044
            ],
            "num_actual": [
                268,
                268
            ],
            "num_correct": [
                227,
                214
            ],
            "num_predicted": [
                309,
                285
            ],
            "precision": [
                0.7508771929824561,
                0.7184466019417476
            ],
            "recall": [
                0.8470149253731343,
                0.7985074626865671
            ]
        },
        "birthplace": {
            "f1_score": [
                0.7468123861566485,
                0.7285714285714286
            ],
            "num_actual": [
                268,
                268
            ],
            "num_correct": [
                205,
                188
            ],
            "num_predicted": [
                292,
                246
            ],
            "precision": [
                0.7642276422764228,
                0.6986301369863014
            ],
            "recall": [
                0.7649253731343284,
                0.7014925373134329
            ]
        },
        "hypernym": {
            "f1_score": [
                0.7206477732793523,
                0.7085020242914981
            ],
            "num_actual": [
                268,
                268
            ],
            "num_correct": [
                183,
                171
            ],
            "num_predicted": [
                240,
                213
            ],
            "precision": [
                0.8028169014084507,
                0.7625
            ],
            "recall": [
                0.6828358208955224,
                0.6380597014925373
            ]
        },
        "spouse": {
            "f1_score": [
                0.8014311270125223,
                0.7927272727272728
            ],
            "num_actual": [
                268,
                268
            ],
            "num_correct": [
                226,
                217
            ],
            "num_predicted": [
                296,
                278
            ],
            "precision": [
                0.7805755395683454,
                0.7635135135135135
            ],
            "recall": [
                0.8432835820895522,
                0.8097014925373134
            ]
        }
    },
    "stddevs": {
        "birthdate": {
            "f1_score": 0.009879423906632386,
            "num_actual": 0.0,
            "num_correct": 5.385164807134504,
            "num_predicted": 9.736529155710468,
            "precision": 0.012287204015257713,
            "recall": 0.02009389853408395
        },
        "birthplace": {
            "f1_score": 0.008051060597386998,
            "num_actual": 0.0,
            "num_correct": 7.106335201775948,
            "num_predicted": 19.070920271449932,
            "precision": 0.028038123879606556,
            "recall": 0.026516176126029654
        },
        "hypernym": {
            "f1_score": 0.005787444270604019,
            "num_actual": 0.0,
            "num_correct": 4.969909455915671,
            "num_predicted": 10.89954127475097,
            "precision": 0.016866186988229694,
            "recall": 0.018544438268342043
        },
        "spouse": {
            "f1_score": 0.003909756375718961,
            "num_actual": 0.0,
            "num_correct": 3.872983346207417,
            "num_predicted": 7.314369419163897,
            "precision": 0.006652306807193117,
            "recall": 0.01445143039629633
        }
    }
}