{
    "means": {
        "birthdate": {
            "f1_score": -0.002180604458567892,
            "precision": 0.0312188110929104,
            "recall": -0.03912496341820308
        },
        "birthplace": {
            "f1_score": -0.015750565084340116,
            "precision": -0.021504430928749096,
            "recall": -0.00860989171788118
        },
        "hypernym": {
            "f1_score": 0.027183644791752573,
            "precision": -0.018489349373089638,
            "recall": 0.06441030143400642
        },
        "spouse": {
            "f1_score": 0.051291712513163085,
            "precision": 0.07153116155075526,
            "recall": 0.029490781387181732
        }
    },
    "ranges": {
        "birthdate": {
            "f1_score": [
                0.020170496332346244,
                -0.02221990039354993
            ],
            "precision": [
                0.04692082111436946,
                0.012894649385177814
            ],
            "recall": [
                0.01085747731928599,
                -0.060872110038045046
            ]
        },
        "birthplace": {
            "f1_score": [
                -0.000112551049940679,
                -0.026960809162214328
            ],
            "precision": [
                0.00869812191571695,
                -0.046438774998746934
            ],
            "recall": [
                -0.0041410594088382435,
                -0.01407667544629787
            ]
        },
        "hypernym": {
            "f1_score": [
                0.06440634224236641,
                0.014705762074182949
            ],
            "precision": [
                0.011088818028734182,
                -0.029277286135693248
            ],
            "recall": [
                0.10779923909862443,
                0.04954638571846648
            ]
        },
        "spouse": {
            "f1_score": [
                0.05493057666970702,
                0.04813716735131268
            ],
            "precision": [
                0.07599816561093753,
                0.06611611611611612
            ],
            "recall": [
                0.035147790459467365,
                0.023002633889376622
            ]
        }
    },
    "stddevs": {
        "birthdate": {
            "f1_score": 0.015191440323519307,
            "precision": 0.012455516597062956,
            "recall": 0.02921472119976722
        },
        "birthplace": {
            "f1_score": 0.011165352087988252,
            "precision": 0.021085952462245663,
            "recall": 0.004334726523285096
        },
        "hypernym": {
            "f1_score": 0.020916531217067054,
            "precision": 0.01684126912711894,
            "recall": 0.02478756946090108
        },
        "spouse": {
            "f1_score": 0.00245946151639865,
            "precision": 0.0042819154943328575,
            "recall": 0.005093190977252041
        }
    }
}