{
    "means": {
        "birthdate": {
            "f1_score": 0.7708079043928036,
            "num_actual": 255.0,
            "num_correct": 198.4,
            "num_predicted": 259.6,
            "precision": 0.7648615296547501,
            "recall": 0.7780392156862745
        },
        "birthplace": {
            "f1_score": 0.7200595066726241,
            "num_actual": 255.0,
            "num_correct": 186.2,
            "num_predicted": 262.40000000000003,
            "precision": 0.7128137714478164,
            "recall": 0.7301960784313726
        },
        "hypernym": {
            "f1_score": 0.7431853524852026,
            "num_actual": 255.0,
            "num_correct": 185.60000000000002,
            "num_predicted": 244.4,
            "precision": 0.7599045879101622,
            "recall": 0.7278431372549019
        },
        "spouse": {
            "f1_score": 0.8490910582535166,
            "num_actual": 255.0,
            "num_correct": 217.8,
            "num_predicted": 258.0,
            "precision": 0.8443878230816256,
            "recall": 0.8541176470588235
        }
    },
    "ranges": {
        "birthdate": {
            "f1_score": [
                0.7896678966789668,
                0.7450980392156863
            ],
            "num_actual": [
                255,
                255
            ],
            "num_correct": [
                214,
                190
            ],
            "num_predicted": [
                287,
                247
            ],
            "precision": [
                0.7854251012145749,
                0.7450980392156863
            ],
            "recall": [
                0.8392156862745098,
                0.7450980392156863
            ]
        },
        "birthplace": {
            "f1_score": [
                0.7314049586776858,
                0.7047970479704796
            ],
            "num_actual": [
                255,
                255
            ],
            "num_correct": [
                194,
                177
            ],
            "num_predicted": [
                287,
                229
            ],
            "precision": [
                0.7729257641921398,
                0.6655052264808362
            ],
            "recall": [
                0.7607843137254902,
                0.6941176470588235
            ]
        },
        "hypernym": {
            "f1_score": [
                0.7729083665338645,
                0.7302904564315353
            ],
            "num_actual": [
                255,
                255
            ],
            "num_correct": [
                194,
                176
            ],
            "num_predicted": [
                258,
                227
            ],
            "precision": [
                0.7854251012145749,
                0.7364341085271318
            ],
            "recall": [
                0.7607843137254902,
                0.6901960784313725
            ]
        },
        "spouse": {
            "f1_score": [
                0.8533333333333333,
                0.8408644400785855
            ],
            "num_actual": [
                255,
                255
            ],
            "num_correct": [
                224,
                214
            ],
            "num_predicted": [
                270,
                251
            ],
            "precision": [
                0.8565737051792829,
                0.8296296296296296
            ],
            "recall": [
                0.8784313725490196,
                0.8392156862745098
            ]
        }
    },
    "stddevs": {
        "birthdate": {
            "f1_score": 0.017485881115260036,
            "num_actual": 0.0,
            "num_correct": 9.838699100999076,
            "num_predicted": 16.334013591276335,
            "precision": 0.018387272504216453,
            "recall": 0.038583133729408144
        },
        "birthplace": {
            "f1_score": 0.009625325228941077,
            "num_actual": 0.0,
            "num_correct": 7.049822692805827,
            "num_predicted": 24.84552273549502,
            "precision": 0.042714760750635634,
            "recall": 0.027646363501199315
        },
        "hypernym": {
            "f1_score": 0.017029195700672007,
            "num_actual": 0.0,
            "num_correct": 6.985699678629192,
            "num_predicted": 11.674759098157015,
            "precision": 0.0205884696446218,
            "recall": 0.027394900700506628
        },
        "spouse": {
            "f1_score": 0.0048868909327156335,
            "num_actual": 0.0,
            "num_correct": 3.96232255123179,
            "num_predicted": 7.314369419163897,
            "precision": 0.009770442510701235,
            "recall": 0.015538519808752106
        }
    }
}