{
    "means": {
        "birthdate": {
            "f1_score": 0.9267403069888922,
            "num_actual": 523.0,
            "num_correct": 494.8,
            "num_predicted": 544.8000000000001,
            "precision": 0.9083457398637622,
            "recall": 0.9460803059273423
        },
        "birthplace": {
            "f1_score": 0.86843019717955,
            "num_actual": 523.0,
            "num_correct": 455.40000000000003,
            "num_predicted": 525.8000000000001,
            "precision": 0.8662827542404126,
            "recall": 0.8707456978967494
        },
        "hypernym": {
            "f1_score": 0.9085190485689894,
            "num_actual": 523.0,
            "num_correct": 469.79999999999995,
            "num_predicted": 511.20000000000005,
            "precision": 0.9191358026264719,
            "recall": 0.8982791586998088
        },
        "spouse": {
            "f1_score": 0.9083619042766259,
            "num_actual": 523.0,
            "num_correct": 475.6,
            "num_predicted": 524.2,
            "precision": 0.90760929478458,
            "recall": 0.9093690248565964
        }
    },
    "ranges": {
        "birthdate": {
            "f1_score": [
                0.9306197964847363,
                0.9229305423406279
            ],
            "num_actual": [
                523,
                523
            ],
            "num_correct": [
                503,
                485
            ],
            "num_predicted": [
                558,
                528
            ],
            "precision": [
                0.9185606060606061,
                0.9014336917562724
            ],
            "recall": [
                0.9617590822179732,
                0.9273422562141491
            ]
        },
        "birthplace": {
            "f1_score": [
                0.8706563706563707,
                0.865530303030303
            ],
            "num_actual": [
                523,
                523
            ],
            "num_correct": [
                462,
                451
            ],
            "num_predicted": [
                541,
                513
            ],
            "precision": [
                0.8791423001949318,
                0.8539741219963032
            ],
            "recall": [
                0.8833652007648184,
                0.8623326959847036
            ]
        },
        "hypernym": {
            "f1_score": [
                0.9132947976878614,
                0.9034749034749036
            ],
            "num_actual": [
                523,
                523
            ],
            "num_correct": [
                477,
                465
            ],
            "num_predicted": [
                525,
                501
            ],
            "precision": [
                0.9281437125748503,
                0.9085714285714286
            ],
            "recall": [
                0.9120458891013384,
                0.8891013384321224
            ]
        },
        "spouse": {
            "f1_score": [
                0.913170731707317,
                0.9034090909090909
            ],
            "num_actual": [
                523,
                523
            ],
            "num_correct": [
                479,
                468
            ],
            "num_predicted": [
                534,
                502
            ],
            "precision": [
                0.9322709163346613,
                0.8949343339587242
            ],
            "recall": [
                0.9158699808795411,
                0.8948374760994264
            ]
        }
    },
    "stddevs": {
        "birthdate": {
            "f1_score": 0.0029119025622099783,
            "num_actual": 0.0,
            "num_correct": 7.014271166700072,
            "num_predicted": 11.882760622010357,
            "precision": 0.007071782136028296,
            "recall": 0.013411608349330929
        },
        "birthplace": {
            "f1_score": 0.0020324271466303414,
            "num_actual": 0.0,
            "num_correct": 4.393176527297759,
            "num_predicted": 11.18928058455949,
            "precision": 0.010375779369527589,
            "recall": 0.008399955119116191
        },
        "hypernym": {
            "f1_score": 0.0036395941242643413,
            "num_actual": 0.0,
            "num_correct": 5.449770637375485,
            "num_predicted": 9.959919678390985,
            "precision": 0.008552211154267327,
            "recall": 0.010420211543738992
        },
        "spouse": {
            "f1_score": 0.0038063603272025224,
            "num_actual": 0.0,
            "num_correct": 4.560701700396552,
            "num_predicted": 13.64551208273255,
            "precision": 0.015555530114452645,
            "recall": 0.008720270937660679
        }
    }
}