{
    "means": {
        "birthdate": {
            "f1_score": 0.9244691541360072,
            "num_actual": 268.0,
            "num_correct": 252.2,
            "num_predicted": 277.59999999999997,
            "precision": 0.9086684968620645,
            "recall": 0.941044776119403
        },
        "birthplace": {
            "f1_score": 0.8690257905395877,
            "num_actual": 268.0,
            "num_correct": 234.8,
            "num_predicted": 272.40000000000003,
            "precision": 0.8623398082969609,
            "recall": 0.8761194029850747
        },
        "hypernym": {
            "f1_score": 0.9061414135980725,
            "num_actual": 268.0,
            "num_correct": 241.39999999999998,
            "num_predicted": 264.8,
            "precision": 0.9116710139341657,
            "recall": 0.9007462686567163
        },
        "spouse": {
            "f1_score": 0.8917952764830708,
            "num_actual": 268.0,
            "num_correct": 237.99999999999997,
            "num_predicted": 265.8,
            "precision": 0.895876314607112,
            "recall": 0.8880597014925373
        }
    },
    "ranges": {
        "birthdate": {
            "f1_score": [
                0.9311594202898551,
                0.9188191881918818
            ],
            "num_actual": [
                268,
                268
            ],
            "num_correct": [
                257,
                248
            ],
            "num_predicted": [
                284,
                268
            ],
            "precision": [
                0.9253731343283582,
                0.900709219858156
            ],
            "recall": [
                0.9589552238805971,
                0.9253731343283582
            ]
        },
        "birthplace": {
            "f1_score": [
                0.874538745387454,
                0.8623188405797101
            ],
            "num_actual": [
                268,
                268
            ],
            "num_correct": [
                238,
                232
            ],
            "num_predicted": [
                284,
                263
            ],
            "precision": [
                0.8821292775665399,
                0.8380281690140845
            ],
            "recall": [
                0.8880597014925373,
                0.8656716417910447
            ]
        },
        "hypernym": {
            "f1_score": [
                0.914179104477612,
                0.9018867924528303
            ],
            "num_actual": [
                268,
                268
            ],
            "num_correct": [
                245,
                239
            ],
            "num_predicted": [
                268,
                260
            ],
            "precision": [
                0.9192307692307692,
                0.9060150375939849
            ],
            "recall": [
                0.914179104477612,
                0.8917910447761194
            ]
        },
        "spouse": {
            "f1_score": [
                0.900383141762452,
                0.8851851851851852
            ],
            "num_actual": [
                268,
                268
            ],
            "num_correct": [
                240,
                235
            ],
            "num_predicted": [
                272,
                254
            ],
            "precision": [
                0.9251968503937008,
                0.8786764705882353
            ],
            "recall": [
                0.8955223880597015,
                0.8768656716417911
            ]
        }
    },
    "stddevs": {
        "birthdate": {
            "f1_score": 0.004456116762012758,
            "num_actual": 0.0,
            "num_correct": 3.7013511046643495,
            "num_predicted": 6.54217089351845,
            "precision": 0.009777050168864689,
            "recall": 0.013811011584568485
        },
        "birthplace": {
            "f1_score": 0.005120764299290835,
            "num_actual": 0.0,
            "num_correct": 2.7748873851023217,
            "num_predicted": 8.018728078691781,
            "precision": 0.016237624519340084,
            "recall": 0.010354057407098256
        },
        "hypernym": {
            "f1_score": 0.004902244773069365,
            "num_actual": 0.0,
            "num_correct": 2.6076809620810595,
            "num_predicted": 3.63318042491699,
            "precision": 0.005483453759202885,
            "recall": 0.009730152843586071
        },
        "spouse": {
            "f1_score": 0.006979484604783066,
            "num_actual": 0.0,
            "num_correct": 1.8708286933869707,
            "num_predicted": 7.758865896508329,
            "precision": 0.020117064431792425,
            "recall": 0.00698070407980212
        }
    }
}