{
    "means": {
        "birthdate": {
            "f1_score": 0.004649909094010151,
            "precision": -0.0006406623618474333,
            "recall": 0.010327772900204856
        },
        "birthplace": {
            "f1_score": -0.0012119053507985366,
            "precision": 0.008311405489070767,
            "recall": -0.01102136376938836
        },
        "hypernym": {
            "f1_score": 0.004936124951287435,
            "precision": 0.015622133992962174,
            "recall": -0.005059994146912517
        },
        "spouse": {
            "f1_score": 0.033801628139554674,
            "precision": 0.023859213902411476,
            "recall": 0.043705004389815616
        }
    },
    "ranges": {
        "birthdate": {
            "f1_score": [
                0.013743432232010133,
                -0.004984784813795162
            ],
            "precision": [
                0.007907542579075444,
                -0.013834672789896696
            ],
            "recall": [
                0.019915130231196954,
                0.004038630377524166
            ]
        },
        "birthplace": {
            "f1_score": [
                0.012681159420290022,
                -0.009459380308088905
            ],
            "precision": [
                0.03356716172521512,
                -0.006129277566539915
            ],
            "recall": [
                -0.0029265437518289916,
                -0.029426397424641593
            ]
        },
        "hypernym": {
            "f1_score": [
                0.013602307189153784,
                -0.00792910447761197
            ],
            "precision": [
                0.03339295410265419,
                -0.011455369069051646
            ],
            "recall": [
                -0.0008340649692712976,
                -0.009057652911911074
            ]
        },
        "spouse": {
            "f1_score": [
                0.046853649766271155,
                0.02586340063996473
            ],
            "precision": [
                0.04440045248868785,
                0.01020770459790521
            ],
            "recall": [
                0.057038337723148924,
                0.03388937664618086
            ]
        }
    },
    "stddevs": {
        "birthdate": {
            "f1_score": 0.00767527302424767,
            "precision": 0.009451416549695165,
            "recall": 0.006357907039627558
        },
        "birthplace": {
            "f1_score": 0.008611841921819489,
            "precision": 0.01538736106025123,
            "recall": 0.010560927936754803
        },
        "hypernym": {
            "f1_score": 0.0089141190360411,
            "precision": 0.017483835181472254,
            "recall": 0.0029464206462123687
        },
        "spouse": {
            "f1_score": 0.009422358375007942,
            "precision": 0.013260335022018113,
            "recall": 0.009470802693240491
        }
    }
}