{
    "means": {
        "birthdate": {
            "f1_score": 0.9291190632300173,
            "num_actual": 255.0,
            "num_correct": 242.6,
            "num_predicted": 267.20000000000005,
            "precision": 0.9080278345002171,
            "recall": 0.9513725490196078
        },
        "birthplace": {
            "f1_score": 0.8678138851887893,
            "num_actual": 255.0,
            "num_correct": 220.59999999999997,
            "num_predicted": 253.39999999999998,
            "precision": 0.8706512137860316,
            "recall": 0.8650980392156863
        },
        "hypernym": {
            "f1_score": 0.9110775385493598,
            "num_actual": 255.0,
            "num_correct": 228.4,
            "num_predicted": 246.4,
            "precision": 0.9272931479271281,
            "recall": 0.895686274509804
        },
        "spouse": {
            "f1_score": 0.9255969046226253,
            "num_actual": 255.0,
            "num_correct": 237.60000000000002,
            "num_predicted": 258.4,
            "precision": 0.9197355285095234,
            "recall": 0.931764705882353
        }
    },
    "ranges": {
        "birthdate": {
            "f1_score": [
                0.9333333333333333,
                0.920388349514563
            ],
            "num_actual": [
                255,
                255
            ],
            "num_correct": [
                246,
                237
            ],
            "num_predicted": [
                274,
                260
            ],
            "precision": [
                0.9166666666666666,
                0.8978102189781022
            ],
            "recall": [
                0.9647058823529412,
                0.9294117647058824
            ]
        },
        "birthplace": {
            "f1_score": [
                0.8750000000000001,
                0.8638132295719844
            ],
            "num_actual": [
                255,
                255
            ],
            "num_correct": [
                224,
                218
            ],
            "num_predicted": [
                259,
                249
            ],
            "precision": [
                0.876,
                0.8571428571428571
            ],
            "recall": [
                0.8784313725490196,
                0.8549019607843137
            ]
        },
        "hypernym": {
            "f1_score": [
                0.9203187250996016,
                0.9043824701195218
            ],
            "num_actual": [
                255,
                255
            ],
            "num_correct": [
                232,
                226
            ],
            "num_predicted": [
                257,
                239
            ],
            "precision": [
                0.9456066945606695,
                0.9027237354085603
            ],
            "recall": [
                0.9098039215686274,
                0.8862745098039215
            ]
        },
        "spouse": {
            "f1_score": [
                0.9320388349514563,
                0.9186046511627908
            ],
            "num_actual": [
                255,
                255
            ],
            "num_correct": [
                241,
                233
            ],
            "num_predicted": [
                265,
                248
            ],
            "precision": [
                0.9395161290322581,
                0.9080459770114943
            ],
            "recall": [
                0.9450980392156862,
                0.9137254901960784
            ]
        }
    },
    "stddevs": {
        "birthdate": {
            "f1_score": 0.005165776638220631,
            "num_actual": 0.0,
            "num_correct": 3.507135583350036,
            "num_predicted": 5.403702434442518,
            "precision": 0.006954464997555772,
            "recall": 0.013753472875882492
        },
        "birthplace": {
            "f1_score": 0.004340556434921464,
            "num_actual": 0.0,
            "num_correct": 2.4083189157584592,
            "num_predicted": 4.39317652729776,
            "precision": 0.007763671619707787,
            "recall": 0.009444387904935148
        },
        "hypernym": {
            "f1_score": 0.006545664492335452,
            "num_actual": 0.0,
            "num_correct": 2.8809720581775866,
            "num_predicted": 6.841052550594828,
            "precision": 0.01668584487338169,
            "recall": 0.011297929639912125
        },
        "spouse": {
            "f1_score": 0.004885879130273225,
            "num_actual": 0.0,
            "num_correct": 3.1304951684997055,
            "num_predicted": 6.348228099241551,
            "precision": 0.012713023239981972,
            "recall": 0.012276451641175311
        }
    }
}