{
    "means": {
        "birthdate": {
            "f1_score": 0.940217062760369,
            "num_actual": 523.0,
            "num_correct": 508.0,
            "num_predicted": 557.5999999999999,
            "precision": 0.91107811001761,
            "recall": 0.97131931166348
        },
        "birthplace": {
            "f1_score": 0.879925257660848,
            "num_actual": 523.0,
            "num_correct": 457.4,
            "num_predicted": 516.6,
            "precision": 0.8855298091203114,
            "recall": 0.8745697896749521
        },
        "hypernym": {
            "f1_score": 0.909297011422326,
            "num_actual": 523.0,
            "num_correct": 471.20000000000005,
            "num_predicted": 513.4,
            "precision": 0.9181512611136328,
            "recall": 0.9009560229445506
        },
        "spouse": {
            "f1_score": 0.9169144732821133,
            "num_actual": 523.0,
            "num_correct": 474.40000000000003,
            "num_predicted": 511.8,
            "precision": 0.9271127925555164,
            "recall": 0.9070745697896749
        }
    },
    "ranges": {
        "birthdate": {
            "f1_score": [
                0.9434661723818349,
                0.9361702127659574
            ],
            "num_actual": [
                523,
                523
            ],
            "num_correct": [
                512,
                504
            ],
            "num_predicted": [
                565,
                550
            ],
            "precision": [
                0.9163636363636364,
                0.9061946902654867
            ],
            "recall": [
                0.9789674952198852,
                0.9636711281070746
            ]
        },
        "birthplace": {
            "f1_score": [
                0.8857142857142857,
                0.8682926829268292
            ],
            "num_actual": [
                523,
                523
            ],
            "num_correct": [
                465,
                445
            ],
            "num_predicted": [
                529,
                502
            ],
            "precision": [
                0.8976377952755905,
                0.8714555765595463
            ],
            "recall": [
                0.8891013384321224,
                0.8508604206500956
            ]
        },
        "hypernym": {
            "f1_score": [
                0.9111969111969112,
                0.9072978303747534
            ],
            "num_actual": [
                523,
                523
            ],
            "num_correct": [
                481,
                460
            ],
            "num_predicted": [
                536,
                491
            ],
            "precision": [
                0.9368635437881874,
                0.8973880597014925
            ],
            "recall": [
                0.9196940726577438,
                0.8795411089866156
            ]
        },
        "spouse": {
            "f1_score": [
                0.9266409266409266,
                0.9077069457659372
            ],
            "num_actual": [
                523,
                523
            ],
            "num_correct": [
                480,
                468
            ],
            "num_predicted": [
                528,
                501
            ],
            "precision": [
                0.935672514619883,
                0.9034090909090909
            ],
            "recall": [
                0.9177820267686424,
                0.8948374760994264
            ]
        }
    },
    "stddevs": {
        "birthdate": {
            "f1_score": 0.0026873299725895905,
            "num_actual": 0.0,
            "num_correct": 3.082207001484488,
            "num_predicted": 5.412947441089743,
            "precision": 0.004731357809712437,
            "recall": 0.00589332122654778
        },
        "birthplace": {
            "f1_score": 0.0074953568689757255,
            "num_actual": 0.0,
            "num_correct": 7.635443667528429,
            "num_predicted": 11.717508267545622,
            "precision": 0.009662195367829241,
            "recall": 0.014599318675962583
        },
        "hypernym": {
            "f1_score": 0.0015118943820661463,
            "num_actual": 0.0,
            "num_correct": 7.463243262818116,
            "num_predicted": 15.94678651014053,
            "precision": 0.014060743241832747,
            "recall": 0.014270063600034669
        },
        "spouse": {
            "f1_score": 0.00690117922216511,
            "num_actual": 0.0,
            "num_correct": 4.505552130427524,
            "num_predicted": 10.084641788382967,
            "precision": 0.013450168924842484,
            "recall": 0.008614822429115696
        }
    }
}