{
    "means": {
        "birthdate": {
            "f1_score": 0.9380915140493618,
            "num_actual": 268.0,
            "num_correct": 257.6,
            "num_predicted": 281.2,
            "precision": 0.9161171072401365,
            "recall": 0.9611940298507462
        },
        "birthplace": {
            "f1_score": 0.8720276297000743,
            "num_actual": 268.0,
            "num_correct": 231.8,
            "num_predicted": 263.59999999999997,
            "precision": 0.8793253658758597,
            "recall": 0.8649253731343283
        },
        "hypernym": {
            "f1_score": 0.9064167278628048,
            "num_actual": 268.0,
            "num_correct": 243.0,
            "num_predicted": 268.2,
            "precision": 0.9062660897332684,
            "recall": 0.9067164179104478
        },
        "spouse": {
            "f1_score": 0.8979358055170683,
            "num_actual": 268.0,
            "num_correct": 238.4,
            "num_predicted": 263.0,
            "precision": 0.9066663962710579,
            "recall": 0.8895522388059701
        }
    },
    "ranges": {
        "birthdate": {
            "f1_score": [
                0.9396709323583182,
                0.9362477231329691
            ],
            "num_actual": [
                268,
                268
            ],
            "num_correct": [
                260,
                256
            ],
            "num_predicted": [
                286,
                278
            ],
            "precision": [
                0.921146953405018,
                0.9090909090909091
            ],
            "recall": [
                0.9701492537313433,
                0.9552238805970149
            ]
        },
        "birthplace": {
            "f1_score": [
                0.8826815642458101,
                0.855513307984791
            ],
            "num_actual": [
                268,
                268
            ],
            "num_correct": [
                237,
                225
            ],
            "num_predicted": [
                269,
                258
            ],
            "precision": [
                0.8825757575757576,
                0.872093023255814
            ],
            "recall": [
                0.8843283582089553,
                0.8395522388059702
            ]
        },
        "hypernym": {
            "f1_score": [
                0.9124767225325886,
                0.8970588235294118
            ],
            "num_actual": [
                268,
                268
            ],
            "num_correct": [
                245,
                241
            ],
            "num_predicted": [
                276,
                261
            ],
            "precision": [
                0.9233716475095786,
                0.8840579710144928
            ],
            "recall": [
                0.914179104477612,
                0.8992537313432836
            ]
        },
        "spouse": {
            "f1_score": [
                0.9118198874296435,
                0.888888888888889
            ],
            "num_actual": [
                268,
                268
            ],
            "num_correct": [
                243,
                234
            ],
            "num_predicted": [
                272,
                256
            ],
            "precision": [
                0.9169811320754717,
                0.8823529411764706
            ],
            "recall": [
                0.9067164179104478,
                0.8731343283582089
            ]
        }
    },
    "stddevs": {
        "birthdate": {
            "f1_score": 0.0012571526557009346,
            "num_actual": 0.0,
            "num_correct": 1.51657508881031,
            "num_predicted": 3.1144823004794873,
            "precision": 0.005025434067176165,
            "recall": 0.0056588622716802674
        },
        "birthplace": {
            "f1_score": 0.010059587823920305,
            "num_actual": 0.0,
            "num_correct": 4.324349662087931,
            "num_predicted": 3.9115214431215892,
            "precision": 0.004300164812575038,
            "recall": 0.01613563306749228
        },
        "hypernym": {
            "f1_score": 0.006096280235456487,
            "num_actual": 0.0,
            "num_correct": 1.5811388300841898,
            "num_predicted": 5.449770637375485,
            "precision": 0.014378969851914732,
            "recall": 0.005899771754045483
        },
        "spouse": {
            "f1_score": 0.00862825817140481,
            "num_actual": 0.0,
            "num_correct": 3.361547262794322,
            "num_predicted": 6.0,
            "precision": 0.013955035363713252,
            "recall": 0.012543086801471363
        }
    }
}