{
    "means": {
        "birthdate": {
            "f1_score": 0.004321358846692003,
            "precision": -0.010158715964679077,
            "recall": 0.020766754462979195
        },
        "birthplace": {
            "f1_score": 0.016215027928258664,
            "precision": 0.012916457728564602,
            "recall": 0.01978050921861285
        },
        "hypernym": {
            "f1_score": 0.005912089271500865,
            "precision": 0.024899682530847223,
            "recall": -0.011814457126134048
        },
        "spouse": {
            "f1_score": 0.038973735398996574,
            "precision": 0.04205499220434017,
            "recall": 0.03593795727246123
        }
    },
    "ranges": {
        "birthdate": {
            "f1_score": [
                0.007697488694313415,
                -0.0001574975690592506
            ],
            "precision": [
                -0.0058651026392961825,
                -0.01567377982193563
            ],
            "recall": [
                0.029280070237050038,
                0.017325139010828217
            ]
        },
        "birthplace": {
            "f1_score": [
                0.02625021906931735,
                0.0009832272990167867
            ],
            "precision": [
                0.03215643671917434,
                -0.0221983990851915
            ],
            "recall": [
                0.02844600526777885,
                0.009789288849868294
            ]
        },
        "hypernym": {
            "f1_score": [
                0.023329525985151256,
                -0.008060335587472989
            ],
            "precision": [
                0.02880226553389975,
                0.019547199707477536
            ],
            "recall": [
                0.018964003511852567,
                -0.040430201931518917
            ]
        },
        "spouse": {
            "f1_score": [
                0.0428702290076336,
                0.030526037023636876
            ],
            "precision": [
                0.04392712550607292,
                0.038664029214850903
            ],
            "recall": [
                0.04451273046532045,
                0.022695346795434612
            ]
        }
    },
    "stddevs": {
        "birthdate": {
            "f1_score": 0.0029241667384352376,
            "precision": 0.003656542956210433,
            "recall": 0.005069993165532347
        },
        "birthplace": {
            "f1_score": 0.011766825705137561,
            "precision": 0.022773143154007563,
            "recall": 0.008065305830605066
        },
        "hypernym": {
            "f1_score": 0.012104251242976708,
            "precision": 0.004238025387885791,
            "recall": 0.02219948517943985
        },
        "spouse": {
            "f1_score": 0.00501952096045704,
            "precision": 0.0021947945019378857,
            "recall": 0.008405455761906397
        }
    }
}