{
    "means": {
        "birthdate": {
            "f1_score": 0.9424128728960537,
            "num_actual": 255.0,
            "num_correct": 250.4,
            "num_predicted": 276.4,
            "precision": 0.9059583912754575,
            "recall": 0.9819607843137255
        },
        "birthplace": {
            "f1_score": 0.8882426576283331,
            "num_actual": 255.0,
            "num_correct": 225.6,
            "num_predicted": 252.99999999999997,
            "precision": 0.8922418236044244,
            "recall": 0.8847058823529412
        },
        "hypernym": {
            "f1_score": 0.9123288171343056,
            "num_actual": 255.0,
            "num_correct": 228.2,
            "num_predicted": 245.2,
            "precision": 0.9311657722641156,
            "recall": 0.8949019607843138
        },
        "spouse": {
            "f1_score": 0.9369095409160648,
            "num_actual": 255.0,
            "num_correct": 236.0,
            "num_predicted": 248.79999999999998,
            "precision": 0.9487213884753981,
            "recall": 0.9254901960784314
        }
    },
    "ranges": {
        "birthdate": {
            "f1_score": [
                0.9473684210526316,
                0.9360902255639099
            ],
            "num_actual": [
                255,
                255
            ],
            "num_correct": [
                252,
                248
            ],
            "num_predicted": [
                279,
                272
            ],
            "precision": [
                0.9117647058823529,
                0.8989169675090253
            ],
            "recall": [
                0.9882352941176471,
                0.9725490196078431
            ]
        },
        "birthplace": {
            "f1_score": [
                0.8976377952755906,
                0.8769230769230769
            ],
            "num_actual": [
                255,
                255
            ],
            "num_correct": [
                228,
                220
            ],
            "num_predicted": [
                265,
                244
            ],
            "precision": [
                0.9142857142857143,
                0.8603773584905661
            ],
            "recall": [
                0.8941176470588236,
                0.8627450980392157
            ]
        },
        "hypernym": {
            "f1_score": [
                0.920388349514563,
                0.9030927835051547
            ],
            "num_actual": [
                255,
                255
            ],
            "num_correct": [
                237,
                219
            ],
            "num_predicted": [
                260,
                230
            ],
            "precision": [
                0.9521739130434783,
                0.9115384615384615
            ],
            "recall": [
                0.9294117647058824,
                0.8588235294117647
            ]
        },
        "spouse": {
            "f1_score": [
                0.9423459244532804,
                0.9275929549902153
            ],
            "num_actual": [
                255,
                255
            ],
            "num_correct": [
                237,
                234
            ],
            "num_predicted": [
                256,
                245
            ],
            "precision": [
                0.9556451612903226,
                0.92578125
            ],
            "recall": [
                0.9294117647058824,
                0.9176470588235294
            ]
        }
    },
    "stddevs": {
        "birthdate": {
            "f1_score": 0.004167536162091656,
            "num_actual": 0.0,
            "num_correct": 1.816590212458495,
            "num_predicted": 2.6076809620810595,
            "precision": 0.005127126303927548,
            "recall": 0.0071238831861117685
        },
        "birthplace": {
            "f1_score": 0.00892993039257525,
            "num_actual": 0.0,
            "num_correct": 3.5777087639996634,
            "num_predicted": 8.860022573334675,
            "precision": 0.020869777564047603,
            "recall": 0.01403023044705751
        },
        "hypernym": {
            "f1_score": 0.006390392556999182,
            "num_actual": 0.0,
            "num_correct": 6.418722614352484,
            "num_predicted": 10.639548862616309,
            "precision": 0.014382478681745798,
            "recall": 0.025171461232754877
        },
        "spouse": {
            "f1_score": 0.005709601465696881,
            "num_actual": 0.0,
            "num_correct": 1.224744871391589,
            "num_predicted": 4.207136793592526,
            "precision": 0.01293006553976713,
            "recall": 0.00480292106428077
        }
    }
}