{
    "means": {
        "birthdate": {
            "f1_score": 0.9125806476087133,
            "num_actual": 523.0,
            "num_correct": 484.4,
            "num_predicted": 538.6,
            "precision": 0.8994121639808341,
            "recall": 0.9261950286806883
        },
        "birthplace": {
            "f1_score": 0.8584112907923727,
            "num_actual": 523.0,
            "num_correct": 444.40000000000003,
            "num_predicted": 512.4000000000001,
            "precision": 0.8677087931986189,
            "recall": 0.8497131931166348
        },
        "hypernym": {
            "f1_score": 0.9028671191553757,
            "num_actual": 523.0,
            "num_correct": 482.19999999999993,
            "num_predicted": 545.2,
            "precision": 0.8846900385913323,
            "recall": 0.9219885277246653
        },
        "spouse": {
            "f1_score": 0.8913582808911509,
            "num_actual": 523.0,
            "num_correct": 458.6,
            "num_predicted": 506.0,
            "precision": 0.9064818869207578,
            "recall": 0.8768642447418737
        }
    },
    "ranges": {
        "birthdate": {
            "f1_score": [
                0.9152542372881356,
                0.9080568720379146
            ],
            "num_actual": [
                523,
                523
            ],
            "num_correct": [
                489,
                479
            ],
            "num_predicted": [
                548,
                532
            ],
            "precision": [
                0.9061913696060038,
                0.8923357664233577
            ],
            "recall": [
                0.9349904397705545,
                0.9158699808795411
            ]
        },
        "birthplace": {
            "f1_score": [
                0.862895493767977,
                0.8538899430740039
            ],
            "num_actual": [
                523,
                523
            ],
            "num_correct": [
                450,
                434
            ],
            "num_predicted": [
                531,
                489
            ],
            "precision": [
                0.8875255623721882,
                0.847457627118644
            ],
            "recall": [
                0.8604206500956023,
                0.8298279158699808
            ]
        },
        "hypernym": {
            "f1_score": [
                0.9063386944181646,
                0.8952205882352942
            ],
            "num_actual": [
                523,
                523
            ],
            "num_correct": [
                487,
                479
            ],
            "num_predicted": [
                565,
                534
            ],
            "precision": [
                0.897003745318352,
                0.8619469026548673
            ],
            "recall": [
                0.9311663479923518,
                0.9158699808795411
            ]
        },
        "spouse": {
            "f1_score": [
                0.8952007835455436,
                0.8864970645792564
            ],
            "num_actual": [
                523,
                523
            ],
            "num_correct": [
                465,
                453
            ],
            "num_predicted": [
                523,
                498
            ],
            "precision": [
                0.9176706827309237,
                0.8891013384321224
            ],
            "recall": [
                0.8891013384321224,
                0.8661567877629063
            ]
        }
    },
    "stddevs": {
        "birthdate": {
            "f1_score": 0.002899053475588224,
            "num_actual": 0.0,
            "num_correct": 3.714835124201342,
            "num_predicted": 6.5038450166036395,
            "precision": 0.005258551395543996,
            "recall": 0.0071029352279184475
        },
        "birthplace": {
            "f1_score": 0.0034165925210702794,
            "num_actual": 0.0,
            "num_correct": 7.797435475847171,
            "num_predicted": 17.62952069683121,
            "precision": 0.015510234036773374,
            "recall": 0.014909054447126546
        },
        "hypernym": {
            "f1_score": 0.00445237054740702,
            "num_actual": 0.0,
            "num_correct": 3.1144823004794873,
            "num_predicted": 12.11197754291181,
            "precision": 0.013735619834045231,
            "recall": 0.005955033079310679
        },
        "spouse": {
            "f1_score": 0.0037558334215784766,
            "num_actual": 0.0,
            "num_correct": 4.39317652729776,
            "num_predicted": 10.04987562112089,
            "precision": 0.010591198967911743,
            "recall": 0.008399955119116176
        }
    }
}