{
    "means": {
        "birthdate": {
            "f1_score": 0.8970258476617091,
            "num_actual": 268.0,
            "num_correct": 239.6,
            "num_predicted": 266.2,
            "precision": 0.9001345588244707,
            "recall": 0.8940298507462687
        },
        "birthplace": {
            "f1_score": 0.8494286697622253,
            "num_actual": 268.0,
            "num_correct": 230.2,
            "num_predicted": 274.0,
            "precision": 0.8404047003942339,
            "recall": 0.858955223880597
        },
        "hypernym": {
            "f1_score": 0.9077873581727518,
            "num_actual": 268.0,
            "num_correct": 245.0,
            "num_predicted": 271.8,
            "precision": 0.9015777974609749,
            "recall": 0.914179104477612
        },
        "spouse": {
            "f1_score": 0.8757827653317971,
            "num_actual": 268.0,
            "num_correct": 234.0,
            "num_predicted": 266.4,
            "precision": 0.8786064916591232,
            "recall": 0.8731343283582089
        }
    },
    "ranges": {
        "birthdate": {
            "f1_score": [
                0.9,
                0.890566037735849
            ],
            "num_actual": [
                268,
                268
            ],
            "num_correct": [
                243,
                236
            ],
            "num_predicted": [
                272,
                262
            ],
            "precision": [
                0.9083969465648855,
                0.8933823529411765
            ],
            "recall": [
                0.9067164179104478,
                0.8805970149253731
            ]
        },
        "birthplace": {
            "f1_score": [
                0.8587155963302752,
                0.845437616387337
            ],
            "num_actual": [
                268,
                268
            ],
            "num_correct": [
                234,
                225
            ],
            "num_predicted": [
                284,
                263
            ],
            "precision": [
                0.8555133079847909,
                0.823943661971831
            ],
            "recall": [
                0.8731343283582089,
                0.8395522388059702
            ]
        },
        "hypernym": {
            "f1_score": [
                0.9162011173184358,
                0.900735294117647
            ],
            "num_actual": [
                268,
                268
            ],
            "num_correct": [
                246,
                244
            ],
            "num_predicted": [
                276,
                266
            ],
            "precision": [
                0.9172932330827067,
                0.8876811594202898
            ],
            "recall": [
                0.917910447761194,
                0.9104477611940298
            ]
        },
        "spouse": {
            "f1_score": [
                0.8804554079696395,
                0.8692449355432782
            ],
            "num_actual": [
                268,
                268
            ],
            "num_correct": [
                236,
                232
            ],
            "num_predicted": [
                275,
                259
            ],
            "precision": [
                0.8957528957528957,
                0.8581818181818182
            ],
            "recall": [
                0.8805970149253731,
                0.8656716417910447
            ]
        }
    },
    "stddevs": {
        "birthdate": {
            "f1_score": 0.003766616006680656,
            "num_actual": 0.0,
            "num_correct": 2.701851217221259,
            "num_predicted": 4.266145801540309,
            "precision": 0.005399387331346715,
            "recall": 0.010081534392616642
        },
        "birthplace": {
            "f1_score": 0.005281925079097545,
            "num_actual": 0.0,
            "num_correct": 4.08656334834051,
            "num_predicted": 8.12403840463596,
            "precision": 0.011959197101674033,
            "recall": 0.01524837070276308
        },
        "hypernym": {
            "f1_score": 0.007198050118662659,
            "num_actual": 0.0,
            "num_correct": 0.7071067811865476,
            "num_predicted": 4.381780460041329,
            "precision": 0.014149674115671172,
            "recall": 0.002638458138755782
        },
        "spouse": {
            "f1_score": 0.004842294593394369,
            "num_actual": 0.0,
            "num_correct": 1.5811388300841898,
            "num_predicted": 5.683308895353129,
            "precision": 0.013629150415184326,
            "recall": 0.0058997717540455
        }
    }
}