{
    "means": {
        "birthdate": {
            "f1_score": 0.03130651657662424,
            "precision": -0.0014179562347697904,
            "recall": 0.06597014925373135
        },
        "birthplace": {
            "f1_score": 0.018852351688722145,
            "precision": 0.05875465637840454,
            "recall": -0.018955223880597026
        },
        "hypernym": {
            "f1_score": -0.00992222980331039,
            "precision": -0.033515449639050864,
            "recall": 0.01601697395376058
        },
        "spouse": {
            "f1_score": 0.032401447239724095,
            "precision": 0.05892886581412729,
            "recall": 0.007649985367281253
        }
    },
    "ranges": {
        "birthdate": {
            "f1_score": [
                0.03514824797843674,
                0.026553672316384058
            ],
            "precision": [
                0.0048053092471223025,
                -0.004715820552776195
            ],
            "recall": [
                0.0727246122329529,
                0.05798946444249342
            ]
        },
        "birthplace": {
            "f1_score": [
                0.026545074987639472,
                0.00875428318779714
            ],
            "precision": [
                0.0735251333441086,
                0.044123545928600016
            ],
            "recall": [
                -0.0031167690956980243,
                -0.02607550482879717
            ]
        },
        "hypernym": {
            "f1_score": [
                0.0055744573163876154,
                -0.021363641219009355
            ],
            "precision": [
                -0.003352801211334522,
                -0.05031091720575698
            ],
            "recall": [
                0.034840503365525244,
                -0.00026338893766464366
            ]
        },
        "spouse": {
            "f1_score": [
                0.04129184378077755,
                0.028980168232332515
            ],
            "precision": [
                0.06826615895963084,
                0.04566969838936363
            ],
            "recall": [
                0.017442200760901416,
                -0.0066578870354111475
            ]
        }
    },
    "stddevs": {
        "birthdate": {
            "f1_score": 0.0034597906417520685,
            "precision": 0.0038404170071270347,
            "recall": 0.0065221443472074725
        },
        "birthplace": {
            "f1_score": 0.007742153596087024,
            "precision": 0.012409744820365576,
            "recall": 0.009402160040920801
        },
        "hypernym": {
            "f1_score": 0.010068542025830463,
            "precision": 0.018049850797404864,
            "recall": 0.012784804088357169
        },
        "spouse": {
            "f1_score": 0.005019375060965224,
            "precision": 0.008735645841591968,
            "recall": 0.009904304617862257
        }
    }
}