{
    "means": {
        "birthdate": {
            "f1_score": 0.9283323642383333,
            "num_actual": 255.0,
            "num_correct": 244.8,
            "num_predicted": 272.40000000000003,
            "precision": 0.8987166025897009,
            "recall": 0.96
        },
        "birthplace": {
            "f1_score": 0.8682810214509474,
            "num_actual": 255.0,
            "num_correct": 214.2,
            "num_predicted": 238.4,
            "precision": 0.8991593567726384,
            "recall": 0.84
        },
        "hypernym": {
            "f1_score": 0.8978651283694415,
            "num_actual": 255.0,
            "num_correct": 237.2,
            "num_predicted": 273.40000000000003,
            "precision": 0.8680623478219239,
            "recall": 0.9301960784313725
        },
        "spouse": {
            "f1_score": 0.9081842125715212,
            "num_actual": 255.0,
            "num_correct": 224.6,
            "num_predicted": 239.59999999999997,
            "precision": 0.9375353574732506,
            "recall": 0.8807843137254903
        }
    },
    "ranges": {
        "birthdate": {
            "f1_score": [
                0.9315589353612167,
                0.9257142857142857
            ],
            "num_actual": [
                255,
                255
            ],
            "num_correct": [
                246,
                243
            ],
            "num_predicted": [
                276,
                270
            ],
            "precision": [
                0.9040590405904059,
                0.8913043478260869
            ],
            "recall": [
                0.9647058823529412,
                0.9529411764705882
            ]
        },
        "birthplace": {
            "f1_score": [
                0.874251497005988,
                0.8605577689243028
            ],
            "num_actual": [
                255,
                255
            ],
            "num_correct": [
                219,
                209
            ],
            "num_predicted": [
                247,
                226
            ],
            "precision": [
                0.9247787610619469,
                0.8744939271255061
            ],
            "recall": [
                0.8588235294117647,
                0.8196078431372549
            ]
        },
        "hypernym": {
            "f1_score": [
                0.9063097514340346,
                0.8897058823529411
            ],
            "num_actual": [
                255,
                255
            ],
            "num_correct": [
                242,
                234
            ],
            "num_predicted": [
                289,
                268
            ],
            "precision": [
                0.8843283582089553,
                0.8373702422145328
            ],
            "recall": [
                0.9490196078431372,
                0.9176470588235294
            ]
        },
        "spouse": {
            "f1_score": [
                0.9109311740890688,
                0.9016393442622951
            ],
            "num_actual": [
                255,
                255
            ],
            "num_correct": [
                229,
                220
            ],
            "num_predicted": [
                248,
                233
            ],
            "precision": [
                0.944206008583691,
                0.9233870967741935
            ],
            "recall": [
                0.8980392156862745,
                0.8627450980392157
            ]
        }
    },
    "stddevs": {
        "birthdate": {
            "f1_score": 0.0029609233151259417,
            "num_actual": 0.0,
            "num_correct": 1.0954451150103324,
            "num_predicted": 2.5099800796022267,
            "precision": 0.005797180847145102,
            "recall": 0.00429586319611898
        },
        "birthplace": {
            "f1_score": 0.004995584073454845,
            "num_actual": 0.0,
            "num_correct": 4.08656334834051,
            "num_predicted": 9.710818709048173,
            "precision": 0.021107516698601426,
            "recall": 0.016025738620943177
        },
        "hypernym": {
            "f1_score": 0.006153702646456201,
            "num_actual": 0.0,
            "num_correct": 3.1144823004794873,
            "num_predicted": 9.09945053286186,
            "precision": 0.01809775751260532,
            "recall": 0.01221365608031172
        },
        "spouse": {
            "f1_score": 0.004035953578185077,
            "num_actual": 0.0,
            "num_correct": 3.209361307176242,
            "num_predicted": 5.366563145999495,
            "precision": 0.008291263669869393,
            "recall": 0.012585730616377414
        }
    }
}