{"total": {"prec": 0.7475642161204605, "f1": 0.7854816193578408, "total": 1020, "recall": 0.8274509803921568, "auc": 0.8712970828684768}, "NA": {"prec": 0.0, "f1": 0.0, "total": 0, "recall": 0.0, "auc": 0.0}, "birthDate": {"prec": 0.9603174603174603, "f1": 0.9546351084812623, "total": 255, "recall": 0.9490196078431372, "auc": 0.9816579144799774}, "spouse": {"prec": 0.6773049645390071, "f1": 0.7113594040968342, "total": 255, "recall": 0.7490196078431373, "auc": 0.7795886017449261}, "hypernym": {"prec": 0.8301886792452831, "f1": 0.8461538461538461, "total": 255, "recall": 0.8627450980392157, "auc": 0.8949726856464696}, "birthPlace": {"prec": 0.5828571428571429, "f1": 0.6743801652892562, "total": 255, "recall": 0.8, "auc": 0.6897337769818266}}