{"NA": {"prec": 0.0, "recall": 0.0, "f1": 0.0, "auc": 0.0, "total": 0}, "spouse": {"prec": 0.5501165501165501, "recall": 0.8805970149253731, "f1": 0.6771879483500717, "auc": 0.6857505564563363, "total": 268}, "birthDate": {"prec": 0.9573643410852714, "recall": 0.9216417910447762, "f1": 0.9391634980988595, "auc": 0.9809376258871204, "total": 268}, "birthPlace": {"prec": 0.44871794871794873, "recall": 0.7835820895522388, "f1": 0.5706521739130435, "auc": 0.5277528032613661, "total": 268}, "hypernym": {"prec": 0.6464646464646465, "recall": 0.9552238805970149, "f1": 0.7710843373493976, "auc": 0.7558529680222269, "total": 268}, "total": {"prec": 0.630801687763713, "recall": 0.8367537313432836, "f1": 0.7193263833199679, "auc": 0.7520021078921671, "total": 1072}}