{"NA": {"prec": 0.0, "recall": 0.0, "f1": 0.0, "auc": 0.0, "total": 0}, "spouse": {"prec": 0.6144200626959248, "recall": 0.7686274509803922, "f1": 0.6829268292682926, "auc": 0.7189644149478264, "total": 255}, "birthDate": {"prec": 0.94140625, "recall": 0.9450980392156862, "f1": 0.9432485322896281, "auc": 0.9766589606222745, "total": 255}, "birthPlace": {"prec": 0.46651785714285715, "recall": 0.8196078431372549, "f1": 0.5945945945945945, "auc": 0.5035908381980637, "total": 255}, "hypernym": {"prec": 0.66189111747851, "recall": 0.9058823529411765, "f1": 0.7649006622516556, "auc": 0.6777103231831159, "total": 255}, "total": {"prec": 0.6186851211072665, "recall": 0.8764705882352941, "f1": 0.7253549695740364, "auc": 0.7316508392074786, "total": 1020}}