{"total": {"prec": 0.5873925501432665, "auc": 0.7152331719236938, "f1": 0.6645056726094003, "recall": 0.7649253731343284}, "birthDate": {"prec": 0.7563636363636363, "auc": 0.8265206583890425, "f1": 0.7661141804788214, "recall": 0.7761194029850746}, "spouse": {"prec": 0.8609271523178808, "auc": 0.8886516691112043, "f1": 0.912280701754386, "recall": 0.9701492537313433}, "hypernym": {"prec": 0.4584323040380047, "auc": 0.5181617241451111, "f1": 0.5602322206095792, "recall": 0.7201492537313433}, "birthPlace": {"prec": 0.5366568914956011, "auc": 0.567308056107333, "f1": 0.6009852216748768, "recall": 0.6828358208955224}, "NA": {"prec": 0.0, "auc": 0.0, "f1": 0.0, "recall": 0.0}}