{"total": {"auc": 0.8670065428264903, "prec": 0.7686567164179104, "recall": 0.807843137254902, "total": 1020, "f1": 0.7877629063097513}, "NA": {"auc": 0.0, "prec": 0.0, "recall": 0.0, "total": 0, "f1": 0.0}, "hypernym": {"auc": 0.9050556735830926, "prec": 0.8333333333333334, "recall": 0.8627450980392157, "total": 255, "f1": 0.8477842003853565}, "birthPlace": {"auc": 0.6743598559199661, "prec": 0.6245847176079734, "recall": 0.7372549019607844, "total": 255, "f1": 0.6762589928057554}, "spouse": {"auc": 0.7671852508209819, "prec": 0.69921875, "recall": 0.7019607843137254, "total": 255, "f1": 0.700587084148728}, "birthDate": {"auc": 0.979150964931665, "prec": 0.9310344827586207, "recall": 0.9529411764705882, "total": 255, "f1": 0.941860465116279}}