{"NA": {"prec": 0.0, "recall": 0.0, "f1": 0.0, "auc": 0.0, "total": 0}, "spouse": {"prec": 0.8466666666666667, "recall": 0.996078431372549, "f1": 0.9153153153153153, "auc": 0.9235399767368144, "total": 255}, "birthDate": {"prec": 0.7156549520766773, "recall": 0.8784313725490196, "f1": 0.7887323943661972, "auc": 0.8296610011951481, "total": 255}, "birthPlace": {"prec": 0.547112462006079, "recall": 0.7058823529411765, "f1": 0.6164383561643835, "auc": 0.5988296141189787, "total": 255}, "hypernym": {"prec": 0.5835616438356165, "recall": 0.8352941176470589, "f1": 0.6870967741935484, "auc": 0.6674612331024841, "total": 255}, "total": {"prec": 0.6739659367396593, "recall": 0.8147058823529412, "f1": 0.7376830892143809, "auc": 0.7928230351993856, "total": 1020}}