{"NA": {"prec": 0.0, "recall": 0.0, "f1": 0.0, "auc": 0.0, "total": 0}, "spouse": {"prec": 0.6981818181818182, "recall": 0.7529411764705882, "f1": 0.7245283018867924, "auc": 0.7755102206584257, "total": 255}, "birthDate": {"prec": 0.9233716475095786, "recall": 0.9450980392156862, "f1": 0.9341085271317829, "auc": 0.968738762447628, "total": 255}, "birthPlace": {"prec": 0.603448275862069, "recall": 0.6862745098039216, "f1": 0.6422018348623854, "auc": 0.6460452933406613, "total": 255}, "hypernym": {"prec": 0.760797342192691, "recall": 0.8980392156862745, "f1": 0.8237410071942445, "auc": 0.8698058929236606, "total": 255}, "total": {"prec": 0.6986754966887417, "recall": 0.8274509803921568, "f1": 0.7576301615798923, "auc": 0.8413004654912289, "total": 1020}}