{"NA": {"prec": 0.0, "recall": 0.0, "f1": 0.0, "auc": 0.0, "total": 0}, "spouse": {"prec": 0.8701298701298701, "recall": 1.0, "f1": 0.9305555555555556, "auc": 0.8794353252776712, "total": 268}, "birthDate": {"prec": 0.7789473684210526, "recall": 0.8283582089552238, "f1": 0.8028933092224232, "auc": 0.8653072666414238, "total": 268}, "birthPlace": {"prec": 0.56353591160221, "recall": 0.7611940298507462, "f1": 0.6476190476190476, "auc": 0.5793444122982201, "total": 268}, "hypernym": {"prec": 0.6607773851590106, "recall": 0.6977611940298507, "f1": 0.6787658802177858, "auc": 0.7152393944401709, "total": 268}, "total": {"prec": 0.7142857142857143, "recall": 0.8022388059701493, "f1": 0.7557117750439367, "auc": 0.7994886982254313, "total": 1072}}