{"hypernym": {"recall": 0.7725490196078432, "prec": 0.5726744186046512, "auc": 0.640845245963327, "total": 255, "f1": 0.657762938230384}, "total": {"recall": 0.8127450980392157, "prec": 0.6605577689243027, "auc": 0.7767847860064739, "total": 1020, "f1": 0.7287912087912087}, "birthPlace": {"recall": 0.6823529411764706, "prec": 0.5288753799392097, "auc": 0.5639892656440568, "total": 255, "f1": 0.595890410958904}, "spouse": {"recall": 0.996078431372549, "prec": 0.8552188552188552, "auc": 0.9228173973169057, "total": 255, "f1": 0.9202898550724639}, "birthDate": {"recall": 0.8, "prec": 0.7285714285714285, "auc": 0.8297837119612692, "total": 255, "f1": 0.7626168224299066}, "NA": {"recall": 0.0, "prec": 0.0, "auc": 0.0, "total": 0, "f1": 0.0}}