{"spouse": {"auc": 0.9135603553086696, "prec": 0.87, "recall": 0.9738805970149254, "f1": 0.9190140845070423}, "hypernym": {"auc": 0.5065130038485326, "prec": 0.45011600928074247, "recall": 0.7238805970149254, "f1": 0.5550786838340487}, "total": {"auc": 0.7002655903846947, "prec": 0.5938173975557153, "recall": 0.7705223880597015, "f1": 0.6707267559886316}, "birthDate": {"auc": 0.7918464942128023, "prec": 0.7464285714285714, "recall": 0.7798507462686567, "f1": 0.7627737226277372}, "birthPlace": {"auc": 0.49153347159794825, "prec": 0.4555084745762712, "recall": 0.8022388059701493, "f1": 0.581081081081081}, "NA": {"auc": 0.0, "prec": 0.0, "recall": 0.0, "f1": 0.0}}