{"total": {"auc": 0.868766901264869, "total": 1072, "f1": 0.791030534351145, "recall": 0.773320895522388, "prec": 0.8095703125}, "NA": {"auc": 0.0, "total": 0, "f1": 0.0, "recall": 0.0, "prec": 0.0}, "hypernym": {"auc": 0.8893359567067304, "total": 268, "f1": 0.856152512998267, "recall": 0.9216417910447762, "prec": 0.7993527508090615}, "birthPlace": {"auc": 0.677913388823411, "total": 268, "f1": 0.657142857142857, "recall": 0.6865671641791045, "prec": 0.6301369863013698}, "birthDate": {"auc": 0.9838195649841079, "total": 268, "f1": 0.9529190207156308, "recall": 0.9440298507462687, "prec": 0.9619771863117871}, "spouse": {"auc": 0.7797199551561624, "total": 268, "f1": 0.7406199021207178, "recall": 0.8470149253731343, "prec": 0.6579710144927536}}