{"NA": {"prec": 0.0, "recall": 0.0, "f1": 0.0, "auc": 0.0, "total": 0}, "spouse": {"prec": 0.24926686217008798, "recall": 1.0, "f1": 0.39906103286384975, "auc": 0.2487492816486845, "total": 255}, "birthDate": {"prec": 0.24829600778967867, "recall": 1.0, "f1": 0.3978159126365054, "auc": 0.23297520974001124, "total": 255}, "birthPlace": {"prec": 0.2515090543259557, "recall": 0.9803921568627451, "f1": 0.40032025620496386, "auc": 0.2520228457386556, "total": 255}, "hypernym": {"prec": 0.24829600778967867, "recall": 1.0, "f1": 0.3978159126365054, "auc": 0.2851004733527315, "total": 255}, "total": {"prec": 0.2477532183628856, "recall": 1.0, "f1": 0.3971189410161573, "auc": 0.2569639431020916, "total": 1020}}