{"NA": {"prec": 0.0, "recall": 0.0, "f1": 0.0, "auc": 0.0, "total": 0}, "spouse": {"prec": 0.6604938271604939, "recall": 0.7985074626865671, "f1": 0.722972972972973, "auc": 0.7632999399690072, "total": 268}, "birthDate": {"prec": 0.9117647058823529, "recall": 0.9253731343283582, "f1": 0.9185185185185185, "auc": 0.9657966977866572, "total": 268}, "birthPlace": {"prec": 0.5110565110565111, "recall": 0.7761194029850746, "f1": 0.6162962962962963, "auc": 0.6148386293322124, "total": 268}, "hypernym": {"prec": 0.7414330218068536, "recall": 0.8880597014925373, "f1": 0.8081494057724957, "auc": 0.8177019140385147, "total": 268}, "total": {"prec": 0.6679021497405485, "recall": 0.8404850746268657, "f1": 0.7443205287071458, "auc": 0.815081351641861, "total": 1072}}