{"NA": {"prec": 0.0, "recall": 0.0, "f1": 0.0, "auc": 0.0, "total": 0}, "spouse": {"prec": 0.6862745098039216, "recall": 0.7835820895522388, "f1": 0.7317073170731708, "auc": 0.7755105134113573, "total": 268}, "birthDate": {"prec": 0.9391634980988594, "recall": 0.9216417910447762, "f1": 0.9303201506591338, "auc": 0.9734469445579212, "total": 268}, "birthPlace": {"prec": 0.5973154362416108, "recall": 0.664179104477612, "f1": 0.6289752650176679, "auc": 0.6872323720083114, "total": 268}, "hypernym": {"prec": 0.6814159292035398, "recall": 0.8619402985074627, "f1": 0.7611202635914333, "auc": 0.8089205126505714, "total": 268}, "total": {"prec": 0.7193436960276338, "recall": 0.7770522388059702, "f1": 0.7470852017937221, "auc": 0.8363959987769243, "total": 1072}}