{"NA": {"prec": 0.0, "recall": 0.0, "f1": 0.0, "auc": 0.0, "total": 0}, "spouse": {"prec": 0.5882352941176471, "recall": 0.8208955223880597, "f1": 0.6853582554517135, "auc": 0.6798271848948536, "total": 268}, "birthDate": {"prec": 0.9541984732824428, "recall": 0.9328358208955224, "f1": 0.9433962264150944, "auc": 0.9794164250245843, "total": 268}, "birthPlace": {"prec": 0.42857142857142855, "recall": 0.7611940298507462, "f1": 0.5483870967741935, "auc": 0.4914905269645162, "total": 268}, "hypernym": {"prec": 0.6997167138810199, "recall": 0.9216417910447762, "f1": 0.7954911433172304, "auc": 0.7422995427404184, "total": 268}, "total": {"prec": 0.6302521008403361, "recall": 0.8395522388059702, "f1": 0.72, "auc": 0.7611434955594842, "total": 1072}}