{"NA": {"prec": 0.0, "recall": 0.0, "f1": 0.0, "auc": 0.0, "total": 0}, "spouse": {"prec": 0.578125, "recall": 0.8283582089552238, "f1": 0.6809815950920245, "auc": 0.6236925079511008, "total": 268}, "birthDate": {"prec": 0.9580152671755725, "recall": 0.9365671641791045, "f1": 0.9471698113207546, "auc": 0.9798429345570316, "total": 268}, "birthPlace": {"prec": 0.42696629213483145, "recall": 0.7089552238805971, "f1": 0.5329593267882188, "auc": 0.533969571472465, "total": 268}, "hypernym": {"prec": 0.6279683377308707, "recall": 0.8880597014925373, "f1": 0.7357032457496137, "auc": 0.6661412866392545, "total": 268}, "total": {"prec": 0.6157142857142858, "recall": 0.8041044776119403, "f1": 0.6974110032362459, "auc": 0.7110544968211434, "total": 1072}}