{"spouse": {"auc": 0.7436183488114377, "prec": 0.6350148367952523, "recall": 0.7985074626865671, "f1": 0.7074380165289258}, "birthPlace": {"auc": 0.6440642306838259, "prec": 0.5232273838630807, "recall": 0.7985074626865671, "f1": 0.6322008862629246}, "total": {"auc": 0.8515209500492379, "prec": 0.7206840390879479, "recall": 0.8255597014925373, "f1": 0.7695652173913043}, "birthDate": {"auc": 0.9807181792091805, "prec": 0.9511278195488722, "recall": 0.9440298507462687, "f1": 0.947565543071161}, "NA": {"auc": 0.0, "prec": 0.0, "recall": 0.0, "f1": 0.0}, "hypernym": {"auc": 0.8912103184921318, "prec": 0.8262411347517731, "recall": 0.8694029850746269, "f1": 0.8472727272727272}}