{"birthDate": {"f1": 0.9302325581395349, "total": 255, "prec": 0.9195402298850575, "auc": 0.9708909875228408, "recall": 0.9411764705882353}, "total": {"f1": 0.774822695035461, "total": 1020, "prec": 0.7071197411003236, "auc": 0.8522092859705527, "recall": 0.8568627450980392}, "hypernym": {"f1": 0.8351648351648352, "total": 255, "prec": 0.7835051546391752, "auc": 0.8821813963198989, "recall": 0.8941176470588236}, "NA": {"f1": 0.0, "total": 0, "prec": 0.0, "auc": 0.0, "recall": 0.0}, "birthPlace": {"f1": 0.6646884272997032, "total": 255, "prec": 0.5346062052505967, "auc": 0.6637000553471049, "recall": 0.8784313725490196}, "spouse": {"f1": 0.7302752293577982, "total": 255, "prec": 0.6862068965517242, "auc": 0.7922041932297835, "recall": 0.7803921568627451}}