{"hypernym": {"auc": 0.6242893507308503, "recall": 0.788235294117647, "prec": 0.53315649867374, "f1": 0.6360759493670887}, "total": {"auc": 0.7602788087436535, "recall": 0.8058823529411765, "prec": 0.6426896012509773, "f1": 0.71509351892127}, "NA": {"auc": 0.0, "recall": 0.0, "prec": 0.0, "f1": 0.0}, "birthPlace": {"auc": 0.5533537927812611, "recall": 0.788235294117647, "prec": 0.49507389162561577, "f1": 0.6081694402420575}, "birthDate": {"auc": 0.8147400912861831, "recall": 0.7843137254901961, "prec": 0.7194244604316546, "f1": 0.7504690431519699}, "spouse": {"auc": 0.9064941977607782, "recall": 0.996078431372549, "prec": 0.8410596026490066, "f1": 0.9120287253141831}}