{"total": {"total": 1072, "prec": 0.6164850136239782, "f1": 0.7125984251968503, "auc": 0.7575197280830314, "recall": 0.8442164179104478}, "NA": {"total": 0, "prec": 0.0, "f1": 0.0, "auc": 0.0, "recall": 0.0}, "hypernym": {"total": 268, "prec": 0.636604774535809, "f1": 0.7441860465116279, "auc": 0.6834421824595989, "recall": 0.8955223880597015}, "spouse": {"total": 268, "prec": 0.5698924731182796, "f1": 0.6625, "auc": 0.7067650381901487, "recall": 0.7910447761194029}, "birthDate": {"total": 268, "prec": 0.924187725631769, "f1": 0.9394495412844037, "auc": 0.9829132899243352, "recall": 0.9552238805970149}, "birthPlace": {"total": 268, "prec": 0.4425287356321839, "f1": 0.5848101265822785, "auc": 0.5750417086313808, "recall": 0.8619402985074627}}