{"hypernym": {"recall": 0.7425373134328358, "auc": 0.659951432129186, "prec": 0.6160990712074303, "f1": 0.673434856175973, "total": 268}, "birthPlace": {"recall": 0.6567164179104478, "auc": 0.576366456133252, "prec": 0.5732899022801303, "f1": 0.6121739130434783, "total": 268}, "birthDate": {"recall": 0.8171641791044776, "auc": 0.8213443308361719, "prec": 0.7398648648648649, "f1": 0.7765957446808511, "total": 268}, "NA": {"recall": 0.0, "auc": 0.0, "prec": 0.0, "f1": 0.0, "total": 0}, "spouse": {"recall": 1.0, "auc": 0.8528182597858808, "prec": 0.864516129032258, "f1": 0.9273356401384083, "total": 268}, "total": {"recall": 0.7751865671641791, "auc": 0.76542937369784, "prec": 0.6971476510067114, "f1": 0.7340989399293286, "total": 1072}}