{"hypernym": {"total": 255, "auc": 0.8200913430526148, "recall": 0.9137254901960784, "f1": 0.8090277777777779, "prec": 0.7258566978193146}, "birthPlace": {"total": 255, "auc": 0.6413621805062744, "recall": 0.7647058823529411, "f1": 0.6576728499156829, "prec": 0.5769230769230769}, "total": {"total": 1020, "auc": 0.8328891099685886, "recall": 0.7794117647058824, "f1": 0.7531975367124586, "prec": 0.7286892758936755}, "birthDate": {"total": 255, "auc": 0.9714924781685881, "recall": 0.9098039215686274, "f1": 0.9261477045908183, "prec": 0.943089430894309}, "NA": {"total": 0, "auc": 0.0, "recall": 0.0, "f1": 0.0, "prec": 0.0}, "spouse": {"total": 255, "auc": 0.7700503677594731, "recall": 0.803921568627451, "f1": 0.6972789115646258, "prec": 0.6156156156156156}}