{"hypernym": {"auc": 0.6723303550846408, "f1": 0.6791808873720137, "recall": 0.7803921568627451, "prec": 0.6012084592145015}, "total": {"auc": 0.800622659058011, "f1": 0.744821507271926, "recall": 0.8284313725490197, "prec": 0.6765412329863891}, "spouse": {"auc": 0.9310798398971936, "f1": 0.918819188191882, "recall": 0.9764705882352941, "prec": 0.867595818815331}, "NA": {"auc": 0.0, "f1": 0.0, "recall": 0.0, "prec": 0.0}, "birthDate": {"auc": 0.8583763102539925, "f1": 0.7999999999999999, "recall": 0.8392156862745098, "prec": 0.7642857142857142}, "birthPlace": {"auc": 0.5990771400070768, "f1": 0.619718309859155, "recall": 0.7764705882352941, "prec": 0.515625}}