{"total": {"prec": 0.6007662835249042, "recall": 0.7686274509803922, "auc": 0.6668815293191761, "f1": 0.6744086021505377}, "birthPlace": {"prec": 0.46462264150943394, "recall": 0.7725490196078432, "auc": 0.5584475950992778, "f1": 0.5802650957290132}, "birthDate": {"prec": 0.68, "recall": 0.8666666666666667, "auc": 0.8211101892729742, "f1": 0.7620689655172413}, "NA": {"prec": 0.0, "recall": 0.0, "auc": 0.0, "f1": 0.0}, "hypernym": {"prec": 0.4845679012345679, "recall": 0.615686274509804, "auc": 0.5063926074871277, "f1": 0.5423143350604491}, "spouse": {"prec": 0.7943037974683544, "recall": 0.984313725490196, "auc": 0.8779339146745746, "f1": 0.8791593695271454}}