{"hypernym": {"recall": 0.8509803921568627, "f1": 0.8509803921568627, "auc": 0.8970652865604033, "prec": 0.8509803921568627}, "birthDate": {"recall": 0.9254901960784314, "f1": 0.9402390438247012, "auc": 0.981247090363281, "prec": 0.9554655870445344}, "birthPlace": {"recall": 0.8509803921568627, "f1": 0.6823899371069183, "auc": 0.7034620690964143, "prec": 0.5695538057742782}, "spouse": {"recall": 0.7764705882352941, "f1": 0.7071428571428572, "auc": 0.7822655877181098, "prec": 0.6491803278688525}, "NA": {"recall": 0.0, "f1": 0.0, "auc": 0.0, "prec": 0.0}, "total": {"recall": 0.8058823529411765, "f1": 0.7809976247030878, "auc": 0.8713693747713561, "prec": 0.7576036866359447}}