{"birthDate": {"total": 255, "auc": 0.9828089162046335, "f1": 0.9641434262948209, "prec": 0.979757085020243, "recall": 0.9490196078431372}, "total": {"total": 1020, "auc": 0.8814154568738825, "f1": 0.7841168416248289, "prec": 0.7335610589239966, "recall": 0.842156862745098}, "hypernym": {"total": 255, "auc": 0.9045594324732887, "f1": 0.8445229681978799, "prec": 0.7684887459807074, "recall": 0.9372549019607843}, "spouse": {"total": 255, "auc": 0.8010541739962014, "f1": 0.7101449275362319, "prec": 0.6599326599326599, "recall": 0.7686274509803922}, "birthPlace": {"total": 255, "auc": 0.6978527229850975, "f1": 0.6791171477079796, "prec": 0.5988023952095808, "recall": 0.7843137254901961}, "NA": {"total": 0, "auc": 0.0, "f1": 0.0, "prec": 0.0, "recall": 0.0}}