{"hypernym": {"auc": 0.728330795566236, "prec": 0.6875, "recall": 0.6977611940298507, "f1": 0.6925925925925925}, "total": {"auc": 0.8021784575141055, "prec": 0.6953797963978073, "recall": 0.8283582089552238, "f1": 0.756066411238825}, "birthDate": {"auc": 0.8709955403349616, "prec": 0.7970479704797048, "recall": 0.8059701492537313, "f1": 0.8014842300556586}, "spouse": {"auc": 0.8853567963098953, "prec": 0.8701298701298701, "recall": 1.0, "f1": 0.9305555555555556}, "birthPlace": {"auc": 0.5863151191656423, "prec": 0.5326633165829145, "recall": 0.7910447761194029, "f1": 0.6366366366366366}, "NA": {"auc": 0.0, "prec": 0.0, "recall": 0.0, "f1": 0.0}}