{"NA": {"prec": 0.0, "recall": 0.0, "f1": 0.0, "auc": 0.0, "total": 0}, "spouse": {"prec": 0.8513513513513513, "recall": 0.9882352941176471, "f1": 0.9147005444646098, "auc": 0.9008976347723713, "total": 255}, "birthDate": {"prec": 0.7683397683397684, "recall": 0.7803921568627451, "f1": 0.77431906614786, "auc": 0.8355673111234441, "total": 255}, "birthPlace": {"prec": 0.4883177570093458, "recall": 0.8196078431372549, "f1": 0.6120058565153734, "auc": 0.5887107419066492, "total": 255}, "hypernym": {"prec": 0.5498652291105122, "recall": 0.8, "f1": 0.6517571884984026, "auc": 0.630807514835447, "total": 255}, "total": {"prec": 0.6741186586414445, "recall": 0.7686274509803922, "f1": 0.7182775996335319, "auc": 0.7680445630962973, "total": 1020}}