{"total": {"auc": 0.8357114348868162, "recall": 0.8255597014925373, "f1": 0.7570573139435415, "total": 1072, "prec": 0.6990521327014217}, "hypernym": {"auc": 0.8525746731305212, "recall": 0.9328358208955224, "f1": 0.8143322475570033, "total": 268, "prec": 0.7225433526011561}, "spouse": {"auc": 0.7574209905326699, "recall": 0.746268656716418, "f1": 0.7117437722419929, "total": 268, "prec": 0.6802721088435374}, "birthPlace": {"auc": 0.675949085579713, "recall": 0.6492537313432836, "f1": 0.6397058823529411, "total": 268, "prec": 0.6304347826086957}, "birthDate": {"auc": 0.9776224641490399, "recall": 0.9440298507462687, "f1": 0.933579335793358, "total": 268, "prec": 0.9233576642335767}, "NA": {"auc": 0.0, "recall": 0.0, "f1": 0.0, "total": 0, "prec": 0.0}}