{"NA": {"prec": 0.0, "recall": 0.0, "f1": 0.0, "auc": 0.0, "total": 0}, "spouse": {"prec": 0.7188755020080321, "recall": 0.7019607843137254, "f1": 0.7103174603174602, "auc": 0.7831231319726579, "total": 255}, "birthDate": {"prec": 0.9404761904761905, "recall": 0.9294117647058824, "f1": 0.9349112426035503, "auc": 0.9684051505831938, "total": 255}, "birthPlace": {"prec": 0.5596590909090909, "recall": 0.7725490196078432, "f1": 0.6490939044481056, "auc": 0.6730530226060786, "total": 255}, "hypernym": {"prec": 0.8072727272727273, "recall": 0.8705882352941177, "f1": 0.8377358490566038, "auc": 0.8552469365726267, "total": 255}, "total": {"prec": 0.7696030977734754, "recall": 0.7794117647058824, "f1": 0.7744763760350707, "auc": 0.854354275897969, "total": 1020}}