{"total": {"recall": 0.7862745098039216, "f1": 0.7202514593623709, "total": 1020, "auc": 0.7828934604132972, "prec": 0.6644573322286661}, "hypernym": {"recall": 0.8431372549019608, "f1": 0.75043630017452, "total": 255, "auc": 0.6815455197980987, "prec": 0.6761006289308176}, "spouse": {"recall": 0.792156862745098, "f1": 0.6859083191850593, "total": 255, "auc": 0.7446920569307895, "prec": 0.6047904191616766}, "birthDate": {"recall": 0.9450980392156862, "f1": 0.9582504970178927, "total": 255, "auc": 0.9825074379678901, "prec": 0.9717741935483871}, "NA": {"recall": 0.0, "f1": 0.0, "total": 0, "auc": 0.0, "prec": 0.0}, "birthPlace": {"recall": 0.8431372549019608, "f1": 0.5947441217150761, "total": 255, "auc": 0.5327332416507233, "prec": 0.4594017094017094}}