{"NA": {"prec": 0.0, "recall": 0.0, "f1": 0.0, "auc": 0.0, "total": 0}, "spouse": {"prec": 0.6134969325153374, "recall": 0.7843137254901961, "f1": 0.6884681583476765, "auc": 0.6756072557996978, "total": 255}, "birthDate": {"prec": 0.9420849420849421, "recall": 0.9568627450980393, "f1": 0.9494163424124514, "auc": 0.9798380657317501, "total": 255}, "birthPlace": {"prec": 0.45073375262054505, "recall": 0.8431372549019608, "f1": 0.5874316939890709, "auc": 0.5214058558229321, "total": 255}, "hypernym": {"prec": 0.7246835443037974, "recall": 0.8980392156862745, "f1": 0.8021015761821365, "auc": 0.7380421445093448, "total": 255}, "total": {"prec": 0.6474550898203593, "recall": 0.8480392156862745, "f1": 0.7342954159592531, "auc": 0.7387288774106802, "total": 1020}}