{"hypernym": {"prec": 0.8339100346020761, "auc": 0.9043399062673342, "recall": 0.8992537313432836, "f1": 0.8653500897666067}, "spouse": {"prec": 0.7243816254416962, "auc": 0.8137839420864679, "recall": 0.7649253731343284, "f1": 0.7441016333938295}, "birthDate": {"prec": 0.9471698113207547, "auc": 0.9809934867330615, "recall": 0.9365671641791045, "f1": 0.9418386491557224}, "total": {"prec": 0.8279352226720648, "auc": 0.8818664478245815, "recall": 0.7630597014925373, "f1": 0.7941747572815534}, "birthPlace": {"prec": 0.5940298507462687, "auc": 0.7233841399763566, "recall": 0.7425373134328358, "f1": 0.6600331674958541}, "NA": {"prec": 0.0, "auc": 0.0, "recall": 0.0, "f1": 0.0}}