{"NA": {"prec": 0.0, "recall": 0.0, "f1": 0.0, "auc": 0.0, "total": 0}, "spouse": {"prec": 0.8443708609271523, "recall": 1.0, "f1": 0.9156193895870736, "auc": 0.927915323494009, "total": 255}, "birthDate": {"prec": 0.6795252225519288, "recall": 0.8980392156862745, "f1": 0.7736486486486488, "auc": 0.8565174971782384, "total": 255}, "birthPlace": {"prec": 0.4817351598173516, "recall": 0.8274509803921568, "f1": 0.6089466089466089, "auc": 0.5980481596898358, "total": 255}, "hypernym": {"prec": 0.5242494226327945, "recall": 0.8901960784313725, "f1": 0.6598837209302326, "auc": 0.6818569942268008, "total": 255}, "total": {"prec": 0.664804469273743, "recall": 0.8166666666666667, "f1": 0.7329520457545095, "auc": 0.8027129710228836, "total": 1020}}