{"spouse": {"prec": 0.6733333333333333, "auc": 0.7583408523679424, "f1": 0.7112676056338028, "recall": 0.753731343283582}, "birthPlace": {"prec": 0.6755725190839694, "auc": 0.7151627634746978, "f1": 0.6679245283018868, "recall": 0.6604477611940298}, "birthDate": {"prec": 0.9343065693430657, "auc": 0.9834062657428762, "f1": 0.9446494464944649, "recall": 0.9552238805970149}, "hypernym": {"prec": 0.8200692041522492, "auc": 0.9028063653983112, "f1": 0.850987432675045, "recall": 0.8843283582089553}, "total": {"prec": 0.7885167464114833, "auc": 0.869064956525306, "f1": 0.7784600850259802, "recall": 0.7686567164179104}, "NA": {"prec": 0.0, "auc": 0.0, "f1": 0.0, "recall": 0.0}}