{"NA": {"prec": 0.0, "recall": 0.0, "f1": 0.0, "auc": 0.0, "total": 0}, "spouse": {"prec": 0.6902985074626866, "recall": 0.7254901960784313, "f1": 0.7074569789674954, "auc": 0.7736608325179989, "total": 255}, "birthDate": {"prec": 0.932, "recall": 0.9137254901960784, "f1": 0.9227722772277228, "auc": 0.9631121530596568, "total": 255}, "birthPlace": {"prec": 0.5497237569060773, "recall": 0.7803921568627451, "f1": 0.6450567260940032, "auc": 0.6316113785249736, "total": 255}, "hypernym": {"prec": 0.7643097643097643, "recall": 0.8901960784313725, "f1": 0.822463768115942, "auc": 0.8463718810529411, "total": 255}, "total": {"prec": 0.6826771653543308, "recall": 0.85, "f1": 0.7572052401746725, "auc": 0.8311094201519132, "total": 1020}}