{"birthDate": {"prec": 0.9351145038167938, "recall": 0.9607843137254902, "auc": 0.9781983513579098, "total": 255, "f1": 0.9477756286266925}, "total": {"prec": 0.7527881040892194, "recall": 0.7941176470588235, "auc": 0.8583528456587953, "total": 1020, "f1": 0.7729007633587787}, "spouse": {"prec": 0.6836734693877551, "recall": 0.788235294117647, "auc": 0.7928662748465009, "total": 255, "f1": 0.73224043715847}, "birthPlace": {"prec": 0.577259475218659, "recall": 0.7764705882352941, "auc": 0.6810417174039928, "total": 255, "f1": 0.6622073578595318}, "hypernym": {"prec": 0.7713310580204779, "recall": 0.8862745098039215, "auc": 0.8620611531788549, "total": 255, "f1": 0.8248175182481753}, "NA": {"prec": 0.0, "recall": 0.0, "auc": 0.0, "total": 0, "f1": 0.0}}