{"birthPlace": {"f1": 0.6133720930232558, "recall": 0.7873134328358209, "total": 268, "prec": 0.5023809523809524, "auc": 0.6225894583058817}, "hypernym": {"f1": 0.8347826086956522, "recall": 0.8955223880597015, "total": 268, "prec": 0.7817589576547231, "auc": 0.8324548383668431}, "spouse": {"f1": 0.7223168654173765, "recall": 0.7910447761194029, "total": 268, "prec": 0.664576802507837, "auc": 0.741354913447973}, "total": {"f1": 0.7478184991273997, "recall": 0.7994402985074627, "total": 1072, "prec": 0.7024590163934427, "auc": 0.8201967418146695}, "NA": {"f1": 0.0, "recall": 0.0, "total": 0, "prec": 0.0, "auc": 0.0}, "birthDate": {"f1": 0.9204545454545455, "recall": 0.9067164179104478, "total": 268, "prec": 0.9346153846153846, "auc": 0.9686229505555437}}