{"birthDate": {"total": 268, "auc": 0.9787644249488909, "prec": 0.9205776173285198, "recall": 0.9514925373134329, "f1": 0.9357798165137614}, "birthPlace": {"total": 268, "auc": 0.5605421311536007, "prec": 0.4745011086474501, "recall": 0.7985074626865671, "f1": 0.5952712100139081}, "total": {"total": 1072, "auc": 0.7483950749293179, "prec": 0.613965744400527, "recall": 0.8694029850746269, "f1": 0.7196911196911197}, "hypernym": {"total": 268, "auc": 0.6844736549208947, "prec": 0.6227848101265823, "recall": 0.917910447761194, "f1": 0.7420814479638008}, "NA": {"total": 0, "auc": 0.0, "prec": 0.0, "recall": 0.0, "f1": 0.0}, "spouse": {"total": 268, "auc": 0.6818229436217195, "prec": 0.5651105651105651, "recall": 0.8582089552238806, "f1": 0.6814814814814816}}