{"total": {"recall": 0.8431372549019608, "f1": 0.8059981255857543, "total": 1020, "auc": 0.8856711676636098, "prec": 0.7719928186714542}, "spouse": {"recall": 0.8156862745098039, "f1": 0.7468581687612208, "total": 255, "auc": 0.8117492677573628, "prec": 0.6887417218543046}, "hypernym": {"recall": 0.9019607843137255, "f1": 0.8487084870848709, "total": 255, "auc": 0.9024042522905927, "prec": 0.8013937282229965}, "NA": {"recall": 0.0, "f1": 0.0, "total": 0, "auc": 0.0, "prec": 0.0}, "birthPlace": {"recall": 0.8745098039215686, "f1": 0.7045813586097947, "total": 255, "auc": 0.7182142655757122, "prec": 0.58994708994709}, "birthDate": {"recall": 0.9607843137254902, "f1": 0.9551656920077972, "total": 255, "auc": 0.9830380170316774, "prec": 0.9496124031007752}}