{"birthDate": {"prec": 0.7431906614785992, "f1": 0.74609375, "auc": 0.7751449085718387, "recall": 0.7490196078431373}, "NA": {"prec": 0.0, "f1": 0.0, "auc": 0.0, "recall": 0.0}, "birthPlace": {"prec": 0.4431279620853081, "f1": 0.552437223042836, "auc": 0.49401539076812934, "recall": 0.7333333333333333}, "spouse": {"prec": 0.8447653429602888, "f1": 0.8796992481203009, "auc": 0.8468336560090681, "recall": 0.9176470588235294}, "hypernym": {"prec": 0.44660194174757284, "f1": 0.5517241379310345, "auc": 0.4367013330953735, "recall": 0.7215686274509804}, "total": {"prec": 0.5211090107120353, "f1": 0.6344457230533179, "auc": 0.635237877464261, "recall": 0.8107843137254902}}