{"NA": {"recall": 0.0, "prec": 0.0, "auc": 0.0, "f1": 0.0}, "birthDate": {"recall": 0.8805970149253731, "prec": 0.7173252279635258, "auc": 0.8625160000066145, "f1": 0.7906197654941374}, "total": {"recall": 0.8125, "prec": 0.6962430055955235, "auc": 0.7959246336689111, "f1": 0.749892380542402}, "birthPlace": {"recall": 0.7388059701492538, "prec": 0.5561797752808989, "auc": 0.6356481326196937, "f1": 0.6346153846153846}, "spouse": {"recall": 1.0, "prec": 0.8673139158576052, "auc": 0.8901950939207967, "f1": 0.92894280762565}, "hypernym": {"recall": 0.7313432835820896, "prec": 0.6384364820846905, "auc": 0.7077484667478823, "f1": 0.6817391304347826}}