{"hypernym": {"prec": 0.5589041095890411, "recall": 0.7611940298507462, "total": 268, "auc": 0.6089572801717783, "f1": 0.6445497630331753}, "spouse": {"prec": 0.8673139158576052, "recall": 1.0, "total": 268, "auc": 0.8871366603921952, "f1": 0.92894280762565}, "NA": {"prec": 0.0, "recall": 0.0, "total": 0, "auc": 0.0, "f1": 0.0}, "total": {"prec": 0.6607692307692308, "recall": 0.8013059701492538, "total": 1072, "auc": 0.7616144031352456, "f1": 0.7242833052276559}, "birthPlace": {"prec": 0.4693446088794926, "recall": 0.8283582089552238, "total": 268, "auc": 0.5174325619888452, "f1": 0.5991902834008096}, "birthDate": {"prec": 0.7394366197183099, "recall": 0.7835820895522388, "total": 268, "auc": 0.8225845402956643, "f1": 0.7608695652173914}}