{"birthDate": {"total": 268, "f1": 0.789090909090909, "recall": 0.8097014925373134, "auc": 0.8544722014779473, "prec": 0.7695035460992907}, "spouse": {"total": 268, "f1": 0.9305555555555556, "recall": 1.0, "auc": 0.8682698609701985, "prec": 0.8701298701298701}, "total": {"total": 1072, "f1": 0.7512998266897748, "recall": 0.808768656716418, "auc": 0.7995314361022122, "prec": 0.7014563106796117}, "hypernym": {"total": 268, "f1": 0.6826156299840511, "recall": 0.7985074626865671, "auc": 0.7032324573342765, "prec": 0.596100278551532}, "birthPlace": {"total": 268, "f1": 0.625, "recall": 0.8395522388059702, "auc": 0.5778274699008327, "prec": 0.497787610619469}, "NA": {"total": 0, "f1": 0.0, "recall": 0.0, "auc": 0.0, "prec": 0.0}}