{"NA": {"prec": 0.0, "recall": 0.0, "f1": 0.0, "auc": 0.0, "total": 0}, "spouse": {"prec": 0.616822429906542, "recall": 0.7764705882352941, "f1": 0.6875, "auc": 0.7497140566918217, "total": 255}, "birthDate": {"prec": 0.9372549019607843, "recall": 0.9372549019607843, "f1": 0.9372549019607843, "auc": 0.971081385521381, "total": 255}, "birthPlace": {"prec": 0.5169082125603864, "recall": 0.8392156862745098, "f1": 0.6397608370702541, "auc": 0.6487543046810901, "total": 255}, "hypernym": {"prec": 0.7789855072463768, "recall": 0.8431372549019608, "f1": 0.8097928436911488, "auc": 0.8532348631579258, "total": 255}, "total": {"prec": 0.7079037800687286, "recall": 0.807843137254902, "f1": 0.7545787545787547, "auc": 0.8364333976507144, "total": 1020}}