{"hypernym": {"prec": 0.5619834710743802, "recall": 0.8, "f1": 0.6601941747572815, "auc": 0.6454673113117498}, "total": {"prec": 0.6645418326693228, "recall": 0.8176470588235294, "f1": 0.7331868131868132, "auc": 0.7789884929649725}, "spouse": {"prec": 0.8466666666666667, "recall": 0.996078431372549, "f1": 0.9153153153153153, "auc": 0.8929227268867345}, "birthPlace": {"prec": 0.5170603674540682, "recall": 0.7725490196078432, "f1": 0.6194968553459119, "auc": 0.5985397591116721}, "birthDate": {"prec": 0.7060702875399361, "recall": 0.8666666666666667, "f1": 0.7781690140845071, "auc": 0.8367242054052858}, "NA": {"prec": 0.0, "recall": 0.0, "f1": 0.0, "auc": 0.0}}