{"total": {"auc": 0.8045463671942111, "recall": 0.8218283582089553, "prec": 0.69424743892829, "f1": 0.7526697992310978}, "NA": {"auc": 0.0, "recall": 0.0, "prec": 0.0, "f1": 0.0}, "spouse": {"auc": 0.9050419142090678, "recall": 1.0, "prec": 0.8701298701298701, "f1": 0.9305555555555556}, "hypernym": {"auc": 0.7115132745989609, "recall": 0.7947761194029851, "prec": 0.590027700831025, "f1": 0.6772655007949127}, "birthDate": {"auc": 0.8542322124177968, "recall": 0.8059701492537313, "prec": 0.7741935483870968, "f1": 0.7897623400365631}, "birthPlace": {"auc": 0.589748052848413, "recall": 0.7686567164179104, "prec": 0.5478723404255319, "f1": 0.6397515527950309}}