{"NA": {"recall": 0.0, "auc": 0.0, "f1": 0.0, "prec": 0.0, "total": 0}, "birthDate": {"recall": 0.9365671641791045, "auc": 0.9756261147334161, "f1": 0.9296296296296297, "prec": 0.9227941176470589, "total": 268}, "total": {"recall": 0.8041044776119403, "auc": 0.8582064013265066, "f1": 0.780443639655953, "prec": 0.7581354441512753, "total": 1072}, "spouse": {"recall": 0.7686567164179104, "auc": 0.7662619076161477, "f1": 0.7240773286467487, "prec": 0.6843853820598007, "total": 268}, "birthPlace": {"recall": 0.6231343283582089, "auc": 0.7160726892271388, "f1": 0.6549019607843137, "prec": 0.6900826446280992, "total": 268}, "hypernym": {"recall": 0.8768656716417911, "auc": 0.8481209036232853, "f1": 0.8188153310104531, "prec": 0.7679738562091504, "total": 268}}