{"spouse": {"prec": 0.24408014571949, "f1": 0.39238653001464124, "recall": 1.0, "auc": 0.24043139268434838}, "birthDate": {"prec": 0.24929178470254956, "f1": 0.3978899773926149, "recall": 0.9850746268656716, "auc": 0.23235461326070994}, "NA": {"prec": 0.0, "f1": 0.0, "recall": 0.0, "auc": 0.0}, "hypernym": {"prec": 0.24363636363636362, "f1": 0.391812865497076, "recall": 1.0, "auc": 0.2383066944192244}, "birthPlace": {"prec": 0.24408014571949, "f1": 0.39238653001464124, "recall": 1.0, "auc": 0.254810985909118}, "total": {"prec": 0.24358100431720064, "f1": 0.39174127535172665, "recall": 1.0, "auc": 0.2417672355438144}}