{"NA": {"prec": 0.0, "recall": 0.0, "f1": 0.0, "auc": 0.0, "total": 0}, "spouse": {"prec": 0.5781637717121588, "recall": 0.8694029850746269, "f1": 0.6944858420268256, "auc": 0.7634187921397918, "total": 268}, "birthDate": {"prec": 0.9312977099236641, "recall": 0.9104477611940298, "f1": 0.9207547169811321, "auc": 0.9667826883826585, "total": 268}, "birthPlace": {"prec": 0.5683229813664596, "recall": 0.6828358208955224, "f1": 0.6203389830508476, "auc": 0.6523328109111854, "total": 268}, "hypernym": {"prec": 0.7421383647798742, "recall": 0.8805970149253731, "f1": 0.8054607508532423, "auc": 0.8584007312757524, "total": 268}, "total": {"prec": 0.7042606516290727, "recall": 0.7863805970149254, "f1": 0.7430586161304541, "auc": 0.8349059525951916, "total": 1072}}