{"birthPlace": {"recall": 0.7843137254901961, "f1": 0.6504065040650406, "total": 255, "auc": 0.6166296379466137, "prec": 0.5555555555555556}, "birthDate": {"recall": 0.9372549019607843, "f1": 0.93359375, "total": 255, "auc": 0.9728497640005891, "prec": 0.9299610894941635}, "spouse": {"recall": 0.7215686274509804, "f1": 0.6777163904235727, "total": 255, "auc": 0.7380718726346472, "prec": 0.6388888888888888}, "total": {"recall": 0.7843137254901961, "f1": 0.7438400743840075, "total": 1020, "auc": 0.820947708225723, "prec": 0.7073386383731212}, "hypernym": {"recall": 0.8784313725490196, "f1": 0.8130671506352087, "total": 255, "auc": 0.8219174444471294, "prec": 0.7567567567567568}, "NA": {"recall": 0.0, "f1": 0.0, "total": 0, "auc": 0.0, "prec": 0.0}}