{"hypernym": {"recall": 0.788235294117647, "f1": 0.6688851913477537, "prec": 0.5809248554913294, "auc": 0.6670291893525943, "total": 255}, "spouse": {"recall": 0.9803921568627451, "f1": 0.9157509157509157, "prec": 0.8591065292096219, "auc": 0.9264731503752016, "total": 255}, "NA": {"recall": 0.0, "f1": 0.0, "prec": 0.0, "auc": 0.0, "total": 0}, "birthDate": {"recall": 0.807843137254902, "f1": 0.77882797731569, "prec": 0.7518248175182481, "auc": 0.8421798768972548, "total": 255}, "birthPlace": {"recall": 0.6980392156862745, "f1": 0.6137931034482759, "prec": 0.5476923076923077, "auc": 0.594245241460379, "total": 255}, "total": {"recall": 0.7931372549019607, "f1": 0.7361237488626023, "prec": 0.6867572156196944, "auc": 0.7970291500248595, "total": 1020}}