{"birthDate": {"prec": 0.9874476987447699, "auc": 0.9777238298542028, "recall": 0.9254901960784314, "f1": 0.9554655870445345}, "hypernym": {"prec": 0.7923875432525952, "auc": 0.8873992986601209, "recall": 0.8980392156862745, "f1": 0.8419117647058824}, "NA": {"prec": 0.0, "auc": 0.0, "recall": 0.0, "f1": 0.0}, "birthPlace": {"prec": 0.5491183879093199, "auc": 0.6924087065467991, "recall": 0.8549019607843137, "f1": 0.6687116564417177}, "spouse": {"prec": 0.7125, "auc": 0.7722123977005424, "recall": 0.6705882352941176, "f1": 0.6909090909090909}, "total": {"prec": 0.7798617966436328, "auc": 0.8671541561213102, "recall": 0.7745098039215687, "f1": 0.7771765863256272}}