{"NA": {"auc": 0.0, "recall": 0.0, "prec": 0.0, "f1": 0.0}, "hypernym": {"auc": 0.8208718042118873, "recall": 0.9104477611940298, "prec": 0.7305389221556886, "f1": 0.8106312292358804}, "total": {"auc": 0.8401474945306285, "recall": 0.8031716417910447, "prec": 0.7296610169491525, "f1": 0.7646536412078153}, "birthPlace": {"auc": 0.6729298693945853, "recall": 0.6940298507462687, "prec": 0.6326530612244898, "f1": 0.6619217081850535}, "spouse": {"auc": 0.7589782273554534, "recall": 0.7350746268656716, "prec": 0.6840277777777778, "f1": 0.7086330935251798}, "birthDate": {"auc": 0.9708598892764159, "recall": 0.8992537313432836, "prec": 0.9377431906614786, "f1": 0.9180952380952381}}