{"birthPlace": {"f1": 0.6337817638266069, "auc": 0.6783063095494886, "recall": 0.7910447761194029, "prec": 0.5286783042394015}, "NA": {"f1": 0.0, "auc": 0.0, "recall": 0.0, "prec": 0.0}, "birthDate": {"f1": 0.9310344827586207, "auc": 0.9768606814341622, "recall": 0.9067164179104478, "prec": 0.9566929133858267}, "spouse": {"f1": 0.7120954003407155, "auc": 0.7259568738153095, "recall": 0.7798507462686567, "prec": 0.6551724137931034}, "hypernym": {"f1": 0.8345070422535211, "auc": 0.8658256161957399, "recall": 0.8843283582089553, "prec": 0.79}, "total": {"f1": 0.7537248028045574, "auc": 0.8350468329924228, "recall": 0.8022388059701493, "prec": 0.7107438016528925}}