{"NA": {"prec": 0.0, "recall": 0.0, "f1": 0.0, "auc": 0.0, "total": 0}, "spouse": {"prec": 0.5994623655913979, "recall": 0.832089552238806, "f1": 0.696875, "auc": 0.6890255498144544, "total": 268}, "birthDate": {"prec": 0.9194139194139194, "recall": 0.9365671641791045, "f1": 0.9279112754158965, "auc": 0.97649603079526, "total": 268}, "birthPlace": {"prec": 0.43207126948775054, "recall": 0.7238805970149254, "f1": 0.5411436541143655, "auc": 0.5037951343173305, "total": 268}, "hypernym": {"prec": 0.5869565217391305, "recall": 0.9067164179104478, "f1": 0.7126099706744868, "auc": 0.6250780342664842, "total": 268}, "total": {"prec": 0.6061224489795919, "recall": 0.8311567164179104, "f1": 0.7010228166797798, "auc": 0.734296530463124, "total": 1072}}