{"birthPlace": {"f1": 0.6413043478260869, "prec": 0.6232394366197183, "auc": 0.6945046945902498, "recall": 0.6604477611940298}, "birthDate": {"f1": 0.9259962049335863, "prec": 0.9420849420849421, "auc": 0.9745537706300811, "recall": 0.9104477611940298}, "total": {"f1": 0.7592190889370932, "prec": 0.7096512570965126, "auc": 0.8407149376797283, "recall": 0.816231343283582}, "NA": {"f1": 0.0, "prec": 0.0, "auc": 0.0, "recall": 0.0}, "spouse": {"f1": 0.7124773960216997, "prec": 0.6912280701754386, "auc": 0.7578125189171759, "recall": 0.7350746268656716}, "hypernym": {"f1": 0.8219633943427621, "prec": 0.7417417417417418, "auc": 0.8196749578386563, "recall": 0.9216417910447762}}