{"birthDate": {"f1": 0.9625246548323472, "auc": 0.9814338979500723, "total": 255, "recall": 0.9568627450980393, "prec": 0.9682539682539683}, "hypernym": {"f1": 0.8390596745027125, "auc": 0.8867262775109584, "total": 255, "recall": 0.9098039215686274, "prec": 0.7785234899328859}, "total": {"f1": 0.7818434460398332, "auc": 0.8714989853386075, "total": 1020, "recall": 0.8274509803921568, "prec": 0.7410008779631255}, "spouse": {"f1": 0.7030075187969925, "auc": 0.7884971668006143, "total": 255, "recall": 0.7333333333333333, "prec": 0.6750902527075813}, "NA": {"f1": 0.0, "auc": 0.0, "total": 0, "recall": 0.0, "prec": 0.0}, "birthPlace": {"f1": 0.6632996632996634, "auc": 0.678248669683792, "total": 255, "recall": 0.7725490196078432, "prec": 0.5811209439528023}}