{"NA": {"prec": 0.0, "recall": 0.0, "f1": 0.0, "auc": 0.0, "total": 0}, "spouse": {"prec": 0.6042296072507553, "recall": 0.7843137254901961, "f1": 0.68259385665529, "auc": 0.7264726185548469, "total": 255}, "birthDate": {"prec": 0.9678714859437751, "recall": 0.9450980392156862, "f1": 0.9563492063492063, "auc": 0.979283725732458, "total": 255}, "birthPlace": {"prec": 0.48635235732009924, "recall": 0.7686274509803922, "f1": 0.5957446808510638, "auc": 0.5105431316029964, "total": 255}, "hypernym": {"prec": 0.6752136752136753, "recall": 0.9294117647058824, "f1": 0.7821782178217823, "auc": 0.7435289620396047, "total": 255}, "total": {"prec": 0.6415508412582297, "recall": 0.8598039215686275, "f1": 0.7348135735232508, "auc": 0.7679099925452513, "total": 1020}}