{"hypernym": {"prec": 0.7307692307692307, "recall": 0.8941176470588236, "auc": 0.8388563020342027, "f1": 0.8042328042328043}, "total": {"prec": 0.7239263803680982, "recall": 0.8098039215686275, "auc": 0.8481411915670354, "f1": 0.7644608977325313}, "spouse": {"prec": 0.6174698795180723, "recall": 0.803921568627451, "auc": 0.7690908185580367, "f1": 0.6984667802385008}, "birthPlace": {"prec": 0.6215277777777778, "recall": 0.7019607843137254, "auc": 0.673504122033232, "f1": 0.6593001841620626}, "NA": {"prec": 0.0, "recall": 0.0, "auc": 0.0, "f1": 0.0}, "birthDate": {"prec": 0.9588477366255144, "recall": 0.9137254901960784, "auc": 0.9712763508657223, "f1": 0.9357429718875502}}