{"spouse": {"f1": 0.9147826086956522, "auc": 0.9143209020658226, "prec": 0.8566775244299675, "recall": 0.9813432835820896}, "NA": {"f1": 0.0, "auc": 0.0, "prec": 0.0, "recall": 0.0}, "total": {"f1": 0.6930012881064834, "auc": 0.6986300765810309, "prec": 0.6420047732696897, "recall": 0.7527985074626866}, "hypernym": {"f1": 0.5608465608465608, "auc": 0.5685563065765195, "prec": 0.5317725752508361, "recall": 0.5932835820895522}, "birthDate": {"f1": 0.7933884297520661, "auc": 0.8035960723231917, "prec": 0.712166172106825, "recall": 0.8955223880597015}, "birthPlace": {"f1": 0.5938009787928222, "auc": 0.5113787729374162, "prec": 0.527536231884058, "recall": 0.6791044776119403}}