{"NA": {"recall": 0.0, "auc": 0.0, "prec": 0.0, "f1": 0.0}, "spouse": {"recall": 0.9921568627450981, "auc": 0.9036489833684027, "prec": 0.8214285714285714, "f1": 0.8987566607460036}, "hypernym": {"recall": 0.615686274509804, "auc": 0.5299088802623682, "prec": 0.5667870036101083, "f1": 0.5902255639097743}, "total": {"recall": 0.7647058823529411, "auc": 0.6780399292554805, "prec": 0.6200317965023847, "f1": 0.6848112379280069}, "birthPlace": {"recall": 0.7568627450980392, "auc": 0.4968934766059905, "prec": 0.4777227722772277, "f1": 0.5857359635811835}, "birthDate": {"recall": 0.8156862745098039, "auc": 0.8577154088451605, "prec": 0.7849056603773585, "f1": 0.8}}