{"spouse": {"f1": 0.7014388489208632, "auc": 0.7815021324513343, "prec": 0.6478405315614618, "recall": 0.7647058823529411}, "NA": {"f1": 0.0, "auc": 0.0, "prec": 0.0, "recall": 0.0}, "hypernym": {"f1": 0.8376383763837639, "auc": 0.9023864839012059, "prec": 0.7909407665505227, "recall": 0.8901960784313725}, "birthDate": {"f1": 0.9393346379647749, "auc": 0.9761819525247241, "prec": 0.9375, "recall": 0.9411764705882353}, "total": {"f1": 0.7759259259259258, "auc": 0.8655536240607898, "prec": 0.7350877192982456, "recall": 0.8215686274509804}, "birthPlace": {"f1": 0.6602564102564104, "auc": 0.6872687498243494, "prec": 0.5582655826558266, "recall": 0.807843137254902}}