{"NA": {"prec": 0.0, "recall": 0.0, "f1": 0.0, "auc": 0.0, "total": 0}, "spouse": {"prec": 0.5809768637532133, "recall": 0.8432835820895522, "f1": 0.6879756468797564, "auc": 0.6857163780217091, "total": 268}, "birthDate": {"prec": 0.9429657794676806, "recall": 0.9253731343283582, "f1": 0.9340866290018831, "auc": 0.977940539473299, "total": 268}, "birthPlace": {"prec": 0.4397590361445783, "recall": 0.8171641791044776, "f1": 0.5718015665796344, "auc": 0.5371636290257893, "total": 268}, "hypernym": {"prec": 0.6567567567567567, "recall": 0.9067164179104478, "f1": 0.7617554858934169, "auc": 0.6705772843909596, "total": 268}, "total": {"prec": 0.6298110566829951, "recall": 0.8395522388059702, "f1": 0.7197121151539385, "auc": 0.722119131098126, "total": 1072}}