{"hypernym": {"prec": 0.7959183673469388, "recall": 0.8731343283582089, "f1": 0.8327402135231317, "auc": 0.9013012180528986}, "NA": {"prec": 0.0, "recall": 0.0, "f1": 0.0, "auc": 0.0}, "total": {"prec": 0.7795059469350412, "recall": 0.7947761194029851, "f1": 0.7870669745958428, "auc": 0.875819407804337}, "birthPlace": {"prec": 0.5618279569892473, "recall": 0.7798507462686567, "f1": 0.653125, "auc": 0.6952670372847063}, "birthDate": {"prec": 0.9693486590038314, "recall": 0.9440298507462687, "f1": 0.9565217391304347, "auc": 0.984136052437024}, "spouse": {"prec": 0.6826923076923077, "recall": 0.7947761194029851, "f1": 0.7344827586206896, "auc": 0.7835115065835041}}