{"NA": {"recall": 0.0, "f1": 0.0, "prec": 0.0, "auc": 0.0, "total": 0}, "birthDate": {"recall": 0.9253731343283582, "f1": 0.9411764705882354, "prec": 0.9575289575289575, "auc": 0.9757982149106859, "total": 268}, "birthPlace": {"recall": 0.6940298507462687, "f1": 0.6305084745762711, "prec": 0.577639751552795, "auc": 0.6335119038474984, "total": 268}, "spouse": {"recall": 0.7238805970149254, "f1": 0.6632478632478632, "prec": 0.61198738170347, "auc": 0.7184496555041662, "total": 268}, "hypernym": {"recall": 0.8470149253731343, "f1": 0.8180180180180181, "prec": 0.7909407665505227, "auc": 0.8812501727826073, "total": 268}, "total": {"recall": 0.8115671641791045, "f1": 0.7496768634209392, "prec": 0.6965572457966374, "auc": 0.8324465162158213, "total": 1072}}