{"NA": {"prec": 0.0, "recall": 0.0, "f1": 0.0, "auc": 0.0, "total": 0}, "spouse": {"prec": 0.5728900255754475, "recall": 0.835820895522388, "f1": 0.6798179059180577, "auc": 0.6173135768468332, "total": 268}, "birthDate": {"prec": 0.9626556016597511, "recall": 0.8656716417910447, "f1": 0.9115913555992141, "auc": 0.9666671282198359, "total": 268}, "birthPlace": {"prec": 0.4022727272727273, "recall": 0.6604477611940298, "f1": 0.5, "auc": 0.3921019413130896, "total": 268}, "hypernym": {"prec": 0.673469387755102, "recall": 0.8619402985074627, "f1": 0.7561374795417349, "auc": 0.7234168862645052, "total": 268}, "total": {"prec": 0.6251874062968515, "recall": 0.7779850746268657, "f1": 0.6932668329177057, "auc": 0.6856966256947122, "total": 1072}}