{"NA": {"prec": 0.0, "recall": 0.0, "f1": 0.0, "auc": 0.0, "total": 0}, "spouse": {"prec": 0.5976331360946746, "recall": 0.792156862745098, "f1": 0.6812816188870152, "auc": 0.7300751835132141, "total": 255}, "birthDate": {"prec": 0.9561752988047809, "recall": 0.9411764705882353, "f1": 0.9486166007905138, "auc": 0.9800662477688736, "total": 255}, "birthPlace": {"prec": 0.43243243243243246, "recall": 0.8156862745098039, "f1": 0.5652173913043478, "auc": 0.4837428080675885, "total": 255}, "hypernym": {"prec": 0.7417218543046358, "recall": 0.8784313725490196, "f1": 0.8043087971274685, "auc": 0.7557039497171537, "total": 255}, "total": {"prec": 0.6479514415781487, "recall": 0.8372549019607843, "f1": 0.7305389221556886, "auc": 0.7734181147805982, "total": 1020}}