{"birthDate": {"auc": 0.8146981710017408, "f1": 0.7559322033898305, "recall": 0.8745098039215686, "prec": 0.6656716417910448}, "spouse": {"auc": 0.8729686076445948, "f1": 0.9001814882032667, "recall": 0.9725490196078431, "prec": 0.8378378378378378}, "total": {"auc": 0.6924556809017065, "f1": 0.6551040634291377, "recall": 0.6480392156862745, "prec": 0.6623246492985972}, "birthPlace": {"auc": 0.5859115071987497, "f1": 0.5974842767295597, "recall": 0.7450980392156863, "prec": 0.49868766404199477}, "NA": {"auc": 0.0, "f1": 0.0, "recall": 0.0, "prec": 0.0}, "hypernym": {"auc": 0.47740603864669817, "f1": 0.581267217630854, "recall": 0.8274509803921568, "prec": 0.44798301486199577}}