{"birthDate": {"total": 268, "prec": 0.9247311827956989, "auc": 0.9767855726342534, "recall": 0.9626865671641791, "f1": 0.943327239488117}, "birthPlace": {"total": 268, "prec": 0.5527065527065527, "auc": 0.6526337215610976, "recall": 0.7238805970149254, "f1": 0.6268174474959611}, "hypernym": {"total": 268, "prec": 0.7409638554216867, "auc": 0.8629917433675677, "recall": 0.917910447761194, "f1": 0.8200000000000001}, "total": {"total": 1072, "prec": 0.7632805219012115, "auc": 0.8432760371136504, "recall": 0.7639925373134329, "f1": 0.7636363636363636}, "NA": {"total": 0, "prec": 0.0, "auc": 0.0, "recall": 0.0, "f1": 0.0}, "spouse": {"total": 268, "prec": 0.6470588235294118, "auc": 0.7392059250480881, "recall": 0.7388059701492538, "f1": 0.6898954703832751}}