{"hypernym": {"recall": 0.6627450980392157, "f1": 0.5680672268907564, "auc": 0.5035038607651641, "prec": 0.4970588235294118}, "spouse": {"recall": 0.9686274509803922, "f1": 0.883720930232558, "auc": 0.8365294569314586, "prec": 0.8125}, "birthDate": {"recall": 0.7176470588235294, "f1": 0.7364185110663984, "auc": 0.7815226371207985, "prec": 0.756198347107438}, "birthPlace": {"recall": 0.7333333333333333, "f1": 0.5834633385335414, "auc": 0.5472932558165384, "prec": 0.4844559585492228}, "total": {"recall": 0.7666666666666667, "f1": 0.6497714997922726, "auc": 0.6599985416630603, "prec": 0.5638067772170151}, "NA": {"recall": 0.0, "f1": 0.0, "auc": 0.0, "prec": 0.0}}