{"birthDate": {"auc": 0.9753203522560308, "f1": 0.9506903353057199, "prec": 0.9563492063492064, "recall": 0.9450980392156862, "total": 255}, "NA": {"auc": 0.0, "f1": 0.0, "prec": 0.0, "recall": 0.0, "total": 0}, "hypernym": {"auc": 0.8778702762881686, "f1": 0.8314176245210727, "prec": 0.8127340823970037, "recall": 0.8509803921568627, "total": 255}, "total": {"auc": 0.8562978257684722, "f1": 0.7634815515610218, "prec": 0.7376599634369287, "recall": 0.7911764705882353, "total": 1020}, "birthPlace": {"auc": 0.6678760982746655, "f1": 0.6433990895295902, "prec": 0.5247524752475248, "recall": 0.8313725490196079, "total": 255}, "spouse": {"auc": 0.7546533807249673, "f1": 0.689908256880734, "prec": 0.6482758620689655, "recall": 0.7372549019607844, "total": 255}}