{"birthPlace": {"prec": 0.46543778801843316, "auc": 0.5256802519229304, "recall": 0.792156862745098, "f1": 0.5863570391872278}, "total": {"prec": 0.7001862197392924, "auc": 0.7371415271050885, "recall": 0.7372549019607844, "f1": 0.7182425978987584}, "spouse": {"prec": 0.8571428571428571, "auc": 0.8689079868141754, "recall": 0.9882352941176471, "f1": 0.9180327868852458}, "hypernym": {"prec": 0.5558739255014327, "auc": 0.5882744282133268, "recall": 0.7607843137254902, "f1": 0.6423841059602649}, "birthDate": {"prec": 0.7517241379310344, "auc": 0.862340982252202, "recall": 0.8549019607843137, "f1": 0.7999999999999999}, "NA": {"prec": 0.0, "auc": 0.0, "recall": 0.0, "f1": 0.0}}