{"NA": {"prec": 0.0, "recall": 0.0, "f1": 0.0, "auc": 0.0, "total": 0}, "spouse": {"prec": 0.8754098360655738, "recall": 0.996268656716418, "f1": 0.9319371727748691, "auc": 0.9121634168372281, "total": 268}, "birthDate": {"prec": 0.7387096774193549, "recall": 0.8544776119402985, "f1": 0.7923875432525951, "auc": 0.8485759817015369, "total": 268}, "birthPlace": {"prec": 0.5108958837772397, "recall": 0.7873134328358209, "f1": 0.6196769456681351, "auc": 0.5994330363987682, "total": 268}, "hypernym": {"prec": 0.5777202072538861, "recall": 0.832089552238806, "f1": 0.6819571865443426, "auc": 0.7201734343422577, "total": 268}, "total": {"prec": 0.7212121212121212, "recall": 0.7770522388059702, "f1": 0.748091603053435, "auc": 0.8048513613543186, "total": 1072}}