{"total": {"recall": 0.7941176470588235, "auc": 0.8392172331414439, "prec": 0.7284172661870504, "f1": 0.7598499061913696}, "birthPlace": {"recall": 0.7490196078431373, "auc": 0.6529813032028701, "prec": 0.5617647058823529, "f1": 0.6420168067226891}, "spouse": {"recall": 0.8313725490196079, "auc": 0.7560683151812043, "prec": 0.6074498567335244, "f1": 0.7019867549668874}, "NA": {"recall": 0.0, "auc": 0.0, "prec": 0.0, "f1": 0.0}, "birthDate": {"recall": 0.9333333333333333, "auc": 0.9632339614060624, "prec": 0.937007874015748, "f1": 0.9351669941060904}, "hypernym": {"recall": 0.8470588235294118, "auc": 0.864480875525642, "prec": 0.7854545454545454, "f1": 0.8150943396226414}}