{"NA": {"prec": 0.0, "auc": 0.0, "recall": 0.0, "f1": 0.0}, "birthDate": {"prec": 0.968, "auc": 0.9818264499680652, "recall": 0.9490196078431372, "f1": 0.9584158415841584}, "birthPlace": {"prec": 0.5925925925925926, "auc": 0.6951375528142237, "recall": 0.8156862745098039, "f1": 0.6864686468646864}, "hypernym": {"prec": 0.8781512605042017, "auc": 0.91131740778701, "recall": 0.8196078431372549, "f1": 0.847870182555781}, "total": {"prec": 0.7996011964107677, "auc": 0.8811807638555724, "recall": 0.7862745098039216, "f1": 0.7928818586258033}, "spouse": {"prec": 0.7450199203187251, "auc": 0.8072279129017261, "recall": 0.7333333333333333, "f1": 0.7391304347826086}}