{"NA": {"prec": 0.0, "recall": 0.0, "f1": 0.0, "auc": 0.0, "total": 0}, "spouse": {"prec": 0.556930693069307, "recall": 0.8395522388059702, "f1": 0.6696428571428572, "auc": 0.6287427618384472, "total": 268}, "birthDate": {"prec": 0.9356060606060606, "recall": 0.9216417910447762, "f1": 0.9285714285714286, "auc": 0.9772398582536002, "total": 268}, "birthPlace": {"prec": 0.42948717948717946, "recall": 0.75, "f1": 0.546195652173913, "auc": 0.515705225080413, "total": 268}, "hypernym": {"prec": 0.6578947368421053, "recall": 0.9328358208955224, "f1": 0.7716049382716049, "auc": 0.7025915705160974, "total": 268}, "total": {"prec": 0.6097560975609756, "recall": 0.8395522388059702, "f1": 0.7064364207221351, "auc": 0.71629130017346, "total": 1072}}