{"birthPlace": {"f1": 0.619718309859155, "recall": 0.7764705882352941, "prec": 0.515625, "auc": 0.5995677386195075}, "spouse": {"f1": 0.918625678119349, "recall": 0.996078431372549, "prec": 0.8523489932885906, "auc": 0.9003251378505365}, "hypernym": {"f1": 0.6709677419354838, "recall": 0.8156862745098039, "prec": 0.5698630136986301, "auc": 0.6599582978743829}, "NA": {"f1": 0.0, "recall": 0.0, "prec": 0.0, "auc": 0.0}, "birthDate": {"f1": 0.7955801104972374, "recall": 0.8470588235294118, "prec": 0.75, "auc": 0.836331068572044}, "total": {"f1": 0.7386004514672686, "recall": 0.8019607843137255, "prec": 0.6845188284518828, "auc": 0.7874672533803255}}