{"NA": {"prec": 0.0, "f1": 0.0, "recall": 0.0, "auc": 0.0}, "spouse": {"prec": 0.8523985239852399, "f1": 0.8783269961977186, "recall": 0.9058823529411765, "auc": 0.8333038015380001}, "birthPlace": {"prec": 0.535483870967742, "f1": 0.5876106194690266, "recall": 0.6509803921568628, "auc": 0.570938509213743}, "birthDate": {"prec": 0.7205882352941176, "f1": 0.7438330170777988, "recall": 0.7686274509803922, "auc": 0.8056164117917284}, "total": {"prec": 0.6247755834829444, "f1": 0.6522961574507966, "recall": 0.6823529411764706, "auc": 0.6515890047155842}, "hypernym": {"prec": 0.4585492227979275, "f1": 0.5522620904836193, "recall": 0.6941176470588235, "auc": 0.4845388234170531}}