{"spouse": {"prec": 0.8311688311688312, "auc": 0.8940150030589937, "recall": 0.9552238805970149, "f1": 0.888888888888889}, "NA": {"prec": 0.0, "auc": 0.0, "recall": 0.0, "f1": 0.0}, "hypernym": {"prec": 0.42081447963800905, "auc": 0.42227528050401075, "recall": 0.6940298507462687, "f1": 0.5239436619718311}, "birthDate": {"prec": 0.7306397306397306, "auc": 0.8148541158836791, "recall": 0.8097014925373134, "f1": 0.7681415929203539}, "birthPlace": {"prec": 0.5091383812010444, "auc": 0.5748958856553883, "recall": 0.7276119402985075, "f1": 0.5990783410138248}, "total": {"prec": 0.6088777219430486, "auc": 0.652480790560712, "recall": 0.6781716417910447, "f1": 0.6416593115622242}}