{"spouse": {"prec": 0.6474164133738601, "auc": 0.7474933161563994, "f1": 0.7135678391959799, "total": 268, "recall": 0.7947761194029851}, "NA": {"prec": 0.0, "auc": 0.0, "f1": 0.0, "total": 0, "recall": 0.0}, "birthPlace": {"prec": 0.5866261398176292, "auc": 0.6589228732680498, "f1": 0.646566164154104, "total": 268, "recall": 0.7201492537313433}, "total": {"prec": 0.7226277372262774, "auc": 0.8532693303362092, "f1": 0.7731019522776573, "total": 1072, "recall": 0.8311567164179104}, "hypernym": {"prec": 0.8127208480565371, "auc": 0.8743244370017532, "f1": 0.8348457350272231, "total": 268, "recall": 0.8582089552238806}, "birthDate": {"prec": 0.951310861423221, "auc": 0.9792177134268667, "f1": 0.9495327102803738, "total": 268, "recall": 0.9477611940298507}}