{"birthPlace": {"auc": 0.6468821477226223, "f1": 0.623946037099494, "recall": 0.6902985074626866, "prec": 0.5692307692307692}, "NA": {"auc": 0.0, "f1": 0.0, "recall": 0.0, "prec": 0.0}, "total": {"auc": 0.8549055069018552, "f1": 0.766531713900135, "recall": 0.7947761194029851, "prec": 0.7402258905299739}, "birthDate": {"auc": 0.981520437545654, "f1": 0.9467680608365019, "recall": 0.9291044776119403, "prec": 0.9651162790697675}, "spouse": {"auc": 0.7478174890890111, "f1": 0.7341337907375644, "recall": 0.7985074626865671, "prec": 0.6793650793650794}, "hypernym": {"auc": 0.8738930381698778, "f1": 0.8360957642725598, "recall": 0.8470149253731343, "prec": 0.8254545454545454}}