{"birthDate": {"prec": 0.9482071713147411, "recall": 0.8880597014925373, "auc": 0.9682575915902033, "f1": 0.9171483622350675}, "hypernym": {"prec": 0.8014705882352942, "recall": 0.8134328358208955, "auc": 0.8429774856941472, "f1": 0.8074074074074075}, "total": {"prec": 0.7267808836789901, "recall": 0.7518656716417911, "auc": 0.8224169100413882, "f1": 0.7391104997707474}, "NA": {"prec": 0.0, "recall": 0.0, "auc": 0.0, "f1": 0.0}, "spouse": {"prec": 0.7038461538461539, "recall": 0.6828358208955224, "auc": 0.7433349688470385, "f1": 0.6931818181818182}, "birthPlace": {"prec": 0.5096153846153846, "recall": 0.7910447761194029, "auc": 0.596445719293591, "f1": 0.6198830409356725}}