{"NA": {"prec": 0.0, "recall": 0.0, "f1": 0.0, "auc": 0.0, "total": 0}, "spouse": {"prec": 0.7586206896551724, "recall": 0.7388059701492538, "f1": 0.7485822306238186, "auc": 0.7773908890272251, "total": 268}, "birthDate": {"prec": 0.9138576779026217, "recall": 0.9104477611940298, "f1": 0.9121495327102803, "auc": 0.9636130219008977, "total": 268}, "birthPlace": {"prec": 0.6366782006920415, "recall": 0.6865671641791045, "f1": 0.6606822262118492, "auc": 0.7090520955565177, "total": 268}, "hypernym": {"prec": 0.6866485013623979, "recall": 0.9402985074626866, "f1": 0.7937007874015748, "auc": 0.815560176385095, "total": 268}, "total": {"prec": 0.7152051488334674, "recall": 0.8292910447761194, "f1": 0.7680345572354211, "auc": 0.8387389678688698, "total": 1072}}