{"NA": {"prec": 0.0, "recall": 0.0, "f1": 0.0, "auc": 0.0, "total": 0}, "spouse": {"prec": 0.8701298701298701, "recall": 1.0, "f1": 0.9305555555555556, "auc": 0.9021900779536992, "total": 268}, "birthDate": {"prec": 0.7389937106918238, "recall": 0.8768656716417911, "f1": 0.8020477815699658, "auc": 0.8549340388338263, "total": 268}, "birthPlace": {"prec": 0.5473684210526316, "recall": 0.7761194029850746, "f1": 0.6419753086419754, "auc": 0.5708560815939097, "total": 268}, "hypernym": {"prec": 0.6298701298701299, "recall": 0.7238805970149254, "f1": 0.6736111111111112, "auc": 0.7112740690583117, "total": 268}, "total": {"prec": 0.67007299270073, "recall": 0.8563432835820896, "f1": 0.7518427518427518, "auc": 0.8021846020130755, "total": 1072}}