{"hypernym": {"prec": 0.6181818181818182, "recall": 0.7611940298507462, "f1": 0.6822742474916388, "auc": 0.72265421635603}, "total": {"prec": 0.7020933977455717, "recall": 0.8134328358208955, "f1": 0.7536732929991357, "auc": 0.8067638548338047}, "birthDate": {"prec": 0.7292307692307692, "recall": 0.8843283582089553, "f1": 0.7993254637436763, "auc": 0.8564464784308927}, "birthPlace": {"prec": 0.5219512195121951, "recall": 0.7985074626865671, "f1": 0.6312684365781711, "auc": 0.5765443100905177}, "NA": {"prec": 0.0, "recall": 0.0, "f1": 0.0, "auc": 0.0}, "spouse": {"prec": 0.8782894736842105, "recall": 0.996268656716418, "f1": 0.9335664335664337, "auc": 0.910925221598567}}