{"hypernym": {"prec": 0.45108695652173914, "auc": 0.39938982385097593, "recall": 0.6194029850746269, "f1": 0.5220125786163522}, "spouse": {"prec": 0.8651315789473685, "auc": 0.9098774251652204, "recall": 0.9813432835820896, "f1": 0.9195804195804197}, "birthDate": {"prec": 0.7216494845360825, "auc": 0.7813897841705835, "recall": 0.7835820895522388, "f1": 0.7513416815742396}, "total": {"prec": 0.5765636232925953, "auc": 0.6364690199132662, "recall": 0.7481343283582089, "f1": 0.6512383272431993}, "birthPlace": {"prec": 0.5054945054945055, "auc": 0.5421667357479701, "recall": 0.6865671641791045, "f1": 0.5822784810126582}, "NA": {"prec": 0.0, "auc": 0.0, "recall": 0.0, "f1": 0.0}}