{"birthDate": {"auc": 0.8122328092927013, "recall": 0.8235294117647058, "prec": 0.7046979865771812, "f1": 0.7594936708860759}, "spouse": {"auc": 0.8718439374921733, "recall": 0.9607843137254902, "prec": 0.7980456026058632, "f1": 0.8718861209964412}, "total": {"auc": 0.6409723857299539, "recall": 0.7215686274509804, "prec": 0.5883293365307753, "f1": 0.6481726111845002}, "hypernym": {"auc": 0.41053550770722647, "recall": 0.6823529411764706, "prec": 0.43828715365239296, "f1": 0.5337423312883436}, "NA": {"auc": 0.0, "recall": 0.0, "prec": 0.0, "f1": 0.0}, "birthPlace": {"auc": 0.5638059107458631, "recall": 0.7725490196078432, "prec": 0.48641975308641977, "f1": 0.596969696969697}}