{"NA": {"prec": 0.0, "auc": 0.0, "recall": 0.0, "f1": 0.0, "total": 0}, "birthDate": {"prec": 0.7064516129032258, "auc": 0.8190822417523209, "recall": 0.8171641791044776, "f1": 0.7577854671280276, "total": 268}, "spouse": {"prec": 0.8673139158576052, "auc": 0.8526728787737274, "recall": 1.0, "f1": 0.92894280762565, "total": 268}, "total": {"prec": 0.679549114331723, "auc": 0.7592338565116598, "recall": 0.7873134328358209, "f1": 0.7294727744165946, "total": 1072}, "hypernym": {"prec": 0.6566037735849056, "auc": 0.676906160608786, "recall": 0.6492537313432836, "f1": 0.652908067542214, "total": 268}, "birthPlace": {"prec": 0.5409836065573771, "auc": 0.5586521798113813, "recall": 0.7388059701492538, "f1": 0.6246056782334385, "total": 268}}