{"NA": {"prec": 0.0, "recall": 0.0, "f1": 0.0, "auc": 0.0, "total": 0}, "spouse": {"prec": 0.7045454545454546, "recall": 0.7294117647058823, "f1": 0.7167630057803468, "auc": 0.7839157648748565, "total": 255}, "birthDate": {"prec": 0.9578059071729957, "recall": 0.8901960784313725, "f1": 0.9227642276422764, "auc": 0.968729971861655, "total": 255}, "birthPlace": {"prec": 0.5378787878787878, "recall": 0.8352941176470589, "f1": 0.6543778801843319, "auc": 0.6474464891398167, "total": 255}, "hypernym": {"prec": 0.7216494845360825, "recall": 0.8235294117647058, "f1": 0.7692307692307693, "auc": 0.8116413987104617, "total": 255}, "total": {"prec": 0.6945147679324895, "recall": 0.8068627450980392, "f1": 0.7464852607709751, "auc": 0.828015923761415, "total": 1020}}