{"spouse": {"prec": 0.6576576576576577, "auc": 0.7673911188414746, "f1": 0.7287853577371048, "recall": 0.8171641791044776}, "total": {"prec": 0.7902764537654909, "auc": 0.8565957251287241, "f1": 0.7817067421027817, "recall": 0.773320895522388}, "birthDate": {"prec": 0.9505703422053232, "auc": 0.9791447635345584, "f1": 0.9416195856873822, "recall": 0.9328358208955224}, "hypernym": {"prec": 0.7792207792207793, "auc": 0.8584446504917047, "f1": 0.8333333333333334, "recall": 0.8955223880597015}, "NA": {"prec": 0.0, "auc": 0.0, "f1": 0.0, "recall": 0.0}, "birthPlace": {"prec": 0.552, "auc": 0.7097426765168253, "f1": 0.6438569206842925, "recall": 0.7723880597014925}}