{"NA": {"prec": 0.0, "recall": 0.0, "f1": 0.0, "auc": 0.0, "total": 0}, "spouse": {"prec": 0.5497512437810945, "recall": 0.8246268656716418, "f1": 0.6597014925373134, "auc": 0.681219792481213, "total": 268}, "birthDate": {"prec": 0.9473684210526315, "recall": 0.9402985074626866, "f1": 0.9438202247191011, "auc": 0.9765573701928161, "total": 268}, "birthPlace": {"prec": 0.4518348623853211, "recall": 0.7350746268656716, "f1": 0.5596590909090909, "auc": 0.5405607883488922, "total": 268}, "hypernym": {"prec": 0.6123456790123457, "recall": 0.9253731343283582, "f1": 0.7369985141158989, "auc": 0.6722072846401224, "total": 268}, "total": {"prec": 0.5905310300703774, "recall": 0.8610074626865671, "f1": 0.7005692599620493, "auc": 0.7312388289226707, "total": 1072}}