{"birthPlace": {"f1": 0.6813559322033897, "auc": 0.6889191968791344, "prec": 0.6, "recall": 0.788235294117647}, "spouse": {"f1": 0.6993865030674846, "auc": 0.7798592202882445, "prec": 0.7307692307692307, "recall": 0.6705882352941176}, "hypernym": {"f1": 0.8269581056466303, "auc": 0.8839285932063842, "prec": 0.7721088435374149, "recall": 0.8901960784313725}, "total": {"f1": 0.7773654916512058, "auc": 0.8681587760734725, "prec": 0.7376760563380281, "recall": 0.8215686274509804}, "NA": {"f1": 0.0, "auc": 0.0, "prec": 0.0, "recall": 0.0}, "birthDate": {"f1": 0.9500998003992016, "auc": 0.9807224276091501, "prec": 0.967479674796748, "recall": 0.9333333333333333}}