{"NA": {"recall": 0.0, "total": 0, "f1": 0.0, "prec": 0.0, "auc": 0.0}, "total": {"recall": 1.0, "total": 1072, "f1": 0.39159817351598175, "prec": 0.24347036111741993, "auc": 0.24190839348547397}, "birthDate": {"recall": 1.0, "total": 268, "f1": 0.391812865497076, "prec": 0.24363636363636362, "auc": 0.24102535024165206}, "birthPlace": {"recall": 1.0, "total": 268, "f1": 0.3915266617969321, "prec": 0.24341507720254316, "auc": 0.2397625846647139}, "spouse": {"recall": 1.0, "total": 268, "f1": 0.39209948792977317, "prec": 0.24385805277525022, "auc": 0.242526310546532}, "hypernym": {"recall": 1.0, "total": 268, "f1": 0.39238653001464124, "prec": 0.24408014571949, "auc": 0.24476610895916412}}