{"NA": {"recall": 0.0, "f1": 0.0, "auc": 0.0, "prec": 0.0}, "birthPlace": {"recall": 0.8117647058823529, "f1": 0.6398763523956723, "auc": 0.6451905467786513, "prec": 0.5280612244897959}, "birthDate": {"recall": 0.9058823529411765, "f1": 0.9258517034068136, "auc": 0.9652842251923176, "prec": 0.9467213114754098}, "spouse": {"recall": 0.7647058823529411, "f1": 0.6878306878306878, "auc": 0.7711983950934986, "prec": 0.625}, "hypernym": {"recall": 0.9019607843137255, "f1": 0.8127208480565371, "auc": 0.8421489558746651, "prec": 0.7395498392282959}, "total": {"recall": 0.7745098039215687, "f1": 0.7523809523809524, "auc": 0.8390511898513092, "prec": 0.7314814814814815}}