{"spouse": {"total": 268, "recall": 0.8395522388059702, "f1": 0.6891271056661561, "prec": 0.5844155844155844, "auc": 0.7133401684219292}, "birthDate": {"total": 268, "recall": 0.9291044776119403, "f1": 0.9449715370018975, "prec": 0.9613899613899614, "auc": 0.9807798366203626}, "total": {"total": 1072, "recall": 0.7453358208955224, "f1": 0.7052074139452782, "prec": 0.669179229480737, "auc": 0.7679110022215037}, "NA": {"total": 0, "recall": 0.0, "f1": 0.0, "prec": 0.0, "auc": 0.0}, "hypernym": {"total": 268, "recall": 0.8395522388059702, "f1": 0.7293354943273906, "prec": 0.6446991404011462, "auc": 0.6929153633219369}, "birthPlace": {"total": 268, "recall": 0.8246268656716418, "f1": 0.5762711864406779, "prec": 0.44288577154308617, "auc": 0.5456540576333775}}