{"birthDate": {"recall": 0.9328358208955224, "f1": 0.931098696461825, "total": 268, "prec": 0.929368029739777, "auc": 0.9754049183964542}, "birthPlace": {"recall": 0.6716417910447762, "f1": 0.6428571428571429, "total": 268, "prec": 0.6164383561643836, "auc": 0.6965574321628892}, "spouse": {"recall": 0.7723880597014925, "f1": 0.7327433628318584, "total": 268, "prec": 0.696969696969697, "auc": 0.7555935140773066}, "hypernym": {"recall": 0.8544776119402985, "f1": 0.8149466192170819, "total": 268, "prec": 0.7789115646258503, "auc": 0.8711904427155037}, "total": {"recall": 0.8106343283582089, "f1": 0.7731316725978647, "total": 1072, "prec": 0.7389455782312925, "auc": 0.853464142004933}, "NA": {"recall": 0.0, "f1": 0.0, "total": 0, "prec": 0.0, "auc": 0.0}}