{"birthDate": {"f1": 0.7871485943775101, "prec": 0.8065843621399177, "recall": 0.7686274509803922, "auc": 0.8525985890271248}, "total": {"f1": 0.7328859060402685, "prec": 0.674074074074074, "recall": 0.8029411764705883, "auc": 0.7923340307603469}, "spouse": {"f1": 0.9156193895870736, "prec": 0.8443708609271523, "recall": 1.0, "auc": 0.9225244478088949}, "hypernym": {"f1": 0.6766169154228856, "prec": 0.5862068965517241, "recall": 0.8, "auc": 0.6548729941067883}, "NA": {"f1": 0.0, "prec": 0.0, "recall": 0.0, "auc": 0.0}, "birthPlace": {"f1": 0.6181818181818182, "prec": 0.5342857142857143, "recall": 0.7333333333333333, "auc": 0.5878186996302924}}