{"NA": {"auc": 0.0, "prec": 0.0, "f1": 0.0, "recall": 0.0}, "birthDate": {"auc": 0.8186678186137868, "prec": 0.7302631578947368, "f1": 0.7762237762237761, "recall": 0.8283582089552238}, "spouse": {"auc": 0.9158416221307837, "prec": 0.8716216216216216, "f1": 0.9148936170212765, "recall": 0.9626865671641791}, "total": {"auc": 0.7313528499674193, "prec": 0.6649916247906198, "f1": 0.7007943512797882, "recall": 0.7406716417910447}, "hypernym": {"auc": 0.5648784733169718, "prec": 0.5225225225225225, "f1": 0.5790349417637272, "recall": 0.6492537313432836}, "birthPlace": {"auc": 0.5402999424798369, "prec": 0.5273224043715847, "f1": 0.6088328075709779, "recall": 0.7201492537313433}}