{"birthDate": {"f1": 0.9444444444444444, "prec": 0.9375, "auc": 0.9815517360633408, "recall": 0.9514925373134329}, "birthPlace": {"f1": 0.6535947712418301, "prec": 0.5813953488372093, "auc": 0.7020445515180301, "recall": 0.746268656716418}, "hypernym": {"f1": 0.8497217068645639, "prec": 0.8450184501845018, "auc": 0.901572195048718, "recall": 0.8544776119402985}, "total": {"f1": 0.7838667251205611, "prec": 0.739454094292804, "auc": 0.8664150576381413, "recall": 0.8339552238805971}, "NA": {"f1": 0.0, "prec": 0.0, "auc": 0.0, "recall": 0.0}, "spouse": {"f1": 0.7306397306397305, "prec": 0.6656441717791411, "auc": 0.7620572773110611, "recall": 0.8097014925373134}}