{"birthPlace": {"recall": 0.6194029850746269, "f1": 0.649706457925636, "prec": 0.6831275720164609, "auc": 0.7277472292952757}, "hypernym": {"recall": 0.8619402985074627, "f1": 0.8354430379746834, "prec": 0.8105263157894737, "auc": 0.8921394702896549}, "spouse": {"recall": 0.8097014925373134, "f1": 0.7368421052631579, "prec": 0.67601246105919, "auc": 0.7691550987650249}, "total": {"recall": 0.8059701492537313, "f1": 0.7840290381125227, "prec": 0.7632508833922261, "auc": 0.8746311223725499}, "NA": {"recall": 0.0, "f1": 0.0, "prec": 0.0, "auc": 0.0}, "birthDate": {"recall": 0.9216417910447762, "f1": 0.9500000000000001, "prec": 0.9801587301587301, "auc": 0.9837002617320186}}