{"NA": {"prec": 0.0, "recall": 0.0, "f1": 0.0, "auc": 0.0, "total": 0}, "spouse": {"prec": 0.5914285714285714, "recall": 0.8117647058823529, "f1": 0.684297520661157, "auc": 0.7621697857446172, "total": 255}, "birthDate": {"prec": 0.944, "recall": 0.9254901960784314, "f1": 0.9346534653465346, "auc": 0.9698804914828407, "total": 255}, "birthPlace": {"prec": 0.5714285714285714, "recall": 0.7843137254901961, "f1": 0.6611570247933883, "auc": 0.673812392717994, "total": 255}, "hypernym": {"prec": 0.7435897435897436, "recall": 0.9098039215686274, "f1": 0.8183421516754851, "auc": 0.8788122705569161, "total": 255}, "total": {"prec": 0.6934835076427996, "recall": 0.8450980392156863, "f1": 0.761820592134335, "auc": 0.8536746877460983, "total": 1020}}