{"NA": {"prec": 0.0, "recall": 0.0, "f1": 0.0, "auc": 0.0, "total": 0}, "spouse": {"prec": 0.6345029239766082, "recall": 0.8097014925373134, "f1": 0.7114754098360655, "auc": 0.7430170125889519, "total": 268}, "birthDate": {"prec": 0.9473684210526315, "recall": 0.8731343283582089, "f1": 0.9087378640776699, "auc": 0.9685490379055828, "total": 268}, "birthPlace": {"prec": 0.6401515151515151, "recall": 0.6305970149253731, "f1": 0.6353383458646616, "auc": 0.6717290824484905, "total": 268}, "hypernym": {"prec": 0.758957654723127, "recall": 0.8694029850746269, "f1": 0.8104347826086956, "auc": 0.8447297405537123, "total": 268}, "total": {"prec": 0.7387068201948627, "recall": 0.7779850746268657, "f1": 0.7578373466606089, "auc": 0.8403250132760416, "total": 1072}}