{"NA": {"auc": 0.0, "recall": 0.0, "prec": 0.0, "f1": 0.0, "total": 0}, "birthDate": {"auc": 0.8432782723117808, "recall": 0.8392156862745098, "prec": 0.7430555555555556, "f1": 0.7882136279926336, "total": 255}, "total": {"auc": 0.7633850868808372, "recall": 0.7519607843137255, "prec": 0.6972727272727273, "f1": 0.7235849056603774, "total": 1020}, "birthPlace": {"auc": 0.58024132694588, "recall": 0.7254901960784313, "prec": 0.5153203342618384, "f1": 0.6026058631921825, "total": 255}, "spouse": {"auc": 0.8855523913563887, "recall": 0.984313725490196, "prec": 0.8537414965986394, "f1": 0.9143897996357011, "total": 255}, "hypernym": {"auc": 0.6055442118751958, "recall": 0.7843137254901961, "prec": 0.5524861878453039, "f1": 0.6482982171799028, "total": 255}}