{"birthDate": {"prec": 0.7542087542087542, "total": 268, "f1": 0.792920353982301, "recall": 0.835820895522388, "auc": 0.8545515568700459}, "total": {"prec": 0.6710526315789473, "total": 1072, "f1": 0.7524590163934426, "recall": 0.8563432835820896, "auc": 0.8002456205619723}, "birthPlace": {"prec": 0.5361596009975063, "total": 268, "f1": 0.6427503736920778, "recall": 0.8022388059701493, "auc": 0.5766155800837276}, "NA": {"prec": 0.0, "total": 0, "f1": 0.0, "recall": 0.0, "auc": 0.0}, "hypernym": {"prec": 0.5896103896103896, "total": 268, "f1": 0.6952526799387442, "recall": 0.8470149253731343, "auc": 0.7269719560972082}, "spouse": {"prec": 0.8701298701298701, "total": 268, "f1": 0.9305555555555556, "recall": 1.0, "auc": 0.8881683136883114}}