{"NA": {"recall": 0.0, "auc": 0.0, "prec": 0.0, "f1": 0.0}, "spouse": {"recall": 0.7014925373134329, "auc": 0.7572151095361557, "prec": 0.7230769230769231, "f1": 0.712121212121212}, "total": {"recall": 0.7835820895522388, "auc": 0.8620898945711599, "prec": 0.7784986098239111, "f1": 0.7810320781032078}, "birthPlace": {"recall": 0.6268656716417911, "auc": 0.70074779516698, "prec": 0.6774193548387096, "f1": 0.6511627906976745}, "birthDate": {"recall": 0.917910447761194, "auc": 0.9815427827553179, "prec": 0.9761904761904762, "f1": 0.9461538461538461}, "hypernym": {"recall": 0.8768656716417911, "auc": 0.8703090685810612, "prec": 0.8020477815699659, "f1": 0.8377896613190731}}