{"birthDate": {"prec": 0.6711409395973155, "recall": 0.746268656716418, "auc": 0.7427917702616567, "f1": 0.7067137809187279}, "birthPlace": {"prec": 0.29404309252217997, "recall": 0.8656716417910447, "auc": 0.2879898766830447, "f1": 0.4389782403027437}, "hypernym": {"prec": 0.2837370242214533, "recall": 0.917910447761194, "auc": 0.3069272972211345, "f1": 0.43348017621145374}, "NA": {"prec": 0.0, "recall": 0.0, "auc": 0.0, "f1": 0.0}, "total": {"prec": 0.34099472494348154, "recall": 0.8442164179104478, "auc": 0.46994396437809893, "f1": 0.4857756307031669}, "spouse": {"prec": 0.33798882681564246, "recall": 0.9029850746268657, "auc": 0.3334112719579409, "f1": 0.49186991869918706}}