{"spouse": {"auc": 0.9195170558923688, "f1": 0.913978494623656, "recall": 1.0, "prec": 0.8415841584158416, "total": 255}, "hypernym": {"auc": 0.6256400485583985, "f1": 0.6604068857589984, "recall": 0.8274509803921568, "prec": 0.5494791666666666, "total": 255}, "NA": {"auc": 0.0, "f1": 0.0, "recall": 0.0, "prec": 0.0, "total": 0}, "total": {"auc": 0.7910460135950574, "f1": 0.7341115434500648, "recall": 0.8323529411764706, "prec": 0.6566125290023201, "total": 1020}, "birthPlace": {"auc": 0.590825991633564, "f1": 0.6061588330632091, "recall": 0.7333333333333333, "prec": 0.5165745856353591, "total": 255}, "birthDate": {"auc": 0.8472198296502289, "f1": 0.7866419294990724, "recall": 0.8313725490196079, "prec": 0.7464788732394366, "total": 255}}