{"birthPlace": {"f1": 0.6742857142857143, "prec": 0.6555555555555556, "auc": 0.6978209745377842, "recall": 0.6941176470588235}, "spouse": {"f1": 0.718052738336714, "prec": 0.7436974789915967, "auc": 0.8030952640262881, "recall": 0.6941176470588235}, "NA": {"f1": 0.0, "prec": 0.0, "auc": 0.0, "recall": 0.0}, "hypernym": {"f1": 0.8440366972477066, "prec": 0.7931034482758621, "auc": 0.8969598997172893, "recall": 0.9019607843137255}, "birthDate": {"f1": 0.963855421686747, "prec": 0.9876543209876543, "auc": 0.9807285623826577, "recall": 0.9411764705882353}, "total": {"f1": 0.7926887926887927, "prec": 0.7780925401322002, "auc": 0.881427701914911, "recall": 0.807843137254902}}