{"NA": {"prec": 0.0, "recall": 0.0, "f1": 0.0, "auc": 0.0, "total": 0}, "spouse": {"prec": 0.5793871866295265, "recall": 0.8156862745098039, "f1": 0.6775244299674268, "auc": 0.683278329593993, "total": 255}, "birthDate": {"prec": 0.9831223628691983, "recall": 0.9137254901960784, "f1": 0.9471544715447153, "auc": 0.9775831241945295, "total": 255}, "birthPlace": {"prec": 0.4027777777777778, "recall": 0.796078431372549, "f1": 0.5349143610013175, "auc": 0.48711427746356284, "total": 255}, "hypernym": {"prec": 0.6656441717791411, "recall": 0.8509803921568627, "f1": 0.746987951807229, "auc": 0.6902562463351303, "total": 255}, "total": {"prec": 0.623574144486692, "recall": 0.803921568627451, "f1": 0.702355460385439, "auc": 0.7115466140860647, "total": 1020}}