{"total": {"recall": 1.0, "prec": 0.24757281553398058, "total": 1020, "f1": 0.3968871595330739, "auc": 0.25104433210813776}, "hypernym": {"recall": 1.0, "prec": 0.24757281553398058, "total": 255, "f1": 0.3968871595330739, "auc": 0.2533208912005587}, "birthPlace": {"recall": 1.0, "prec": 0.24853801169590642, "total": 255, "f1": 0.3981264637002342, "auc": 0.24297129206455353}, "spouse": {"recall": 1.0, "prec": 0.24853801169590642, "total": 255, "f1": 0.3981264637002342, "auc": 0.26247583426260107}, "birthDate": {"recall": 1.0, "prec": 0.24829600778967867, "total": 255, "f1": 0.3978159126365054, "auc": 0.23727917610080704}, "NA": {"recall": 0.0, "prec": 0.0, "total": 0, "f1": 0.0, "auc": 0.0}}