{"NA": {"prec": 0.0, "recall": 0.0, "f1": 0.0, "auc": 0.0, "total": 0}, "spouse": {"prec": 0.6798679867986799, "recall": 0.7686567164179104, "f1": 0.7215411558669002, "auc": 0.7585373616798435, "total": 268}, "birthDate": {"prec": 0.9429657794676806, "recall": 0.9253731343283582, "f1": 0.9340866290018831, "auc": 0.9771045817827896, "total": 268}, "birthPlace": {"prec": 0.5433673469387755, "recall": 0.7947761194029851, "f1": 0.6454545454545455, "auc": 0.6760225336749829, "total": 268}, "hypernym": {"prec": 0.762987012987013, "recall": 0.8768656716417911, "f1": 0.8159722222222222, "auc": 0.8691427866564035, "total": 268}, "total": {"prec": 0.7582515611061552, "recall": 0.792910447761194, "f1": 0.7751937984496124, "auc": 0.8531709758657523, "total": 1072}}