{"spouse": {"recall": 0.7611940298507462, "f1": 0.7445255474452556, "auc": 0.774878003466077, "prec": 0.7285714285714285, "total": 268}, "NA": {"recall": 0.0, "f1": 0.0, "auc": 0.0, "prec": 0.0, "total": 0}, "total": {"recall": 0.8498134328358209, "f1": 0.7938997821350763, "auc": 0.8752836299000801, "prec": 0.7448896156991006, "total": 1072}, "hypernym": {"recall": 0.9029850746268657, "f1": 0.8344827586206897, "auc": 0.882443195065701, "prec": 0.7756410256410257, "total": 268}, "birthDate": {"recall": 0.9328358208955224, "f1": 0.946969696969697, "auc": 0.9851779870437359, "prec": 0.9615384615384616, "total": 268}, "birthPlace": {"recall": 0.7276119402985075, "f1": 0.6878306878306879, "auc": 0.7469496963856498, "prec": 0.6521739130434783, "total": 268}}