{"birthPlace": {"prec": 0.5438066465256798, "auc": 0.5501476725339504, "f1": 0.6010016694490818, "recall": 0.6716417910447762}, "NA": {"prec": 0.0, "auc": 0.0, "f1": 0.0, "recall": 0.0}, "spouse": {"prec": 0.8403908794788274, "auc": 0.8576662971360924, "f1": 0.8973913043478261, "recall": 0.9626865671641791}, "total": {"prec": 0.6355060034305318, "auc": 0.6550903706890615, "f1": 0.6621983914209115, "recall": 0.691231343283582}, "hypernym": {"prec": 0.48641304347826086, "auc": 0.4771227599236964, "f1": 0.5628930817610063, "recall": 0.667910447761194}, "birthDate": {"prec": 0.7237762237762237, "auc": 0.765531043803101, "f1": 0.747292418772563, "recall": 0.7723880597014925}}