{"birthDate": {"prec": 0.9563492063492064, "total": 255, "auc": 0.981455242037688, "recall": 0.9450980392156862, "f1": 0.9506903353057199}, "spouse": {"prec": 0.6606498194945848, "total": 255, "auc": 0.7559595231996852, "recall": 0.7176470588235294, "f1": 0.68796992481203}, "total": {"prec": 0.6623177283192633, "total": 1020, "auc": 0.7911244813920861, "recall": 0.846078431372549, "f1": 0.7430047352561343}, "birthPlace": {"prec": 0.5125, "total": 255, "auc": 0.5367180947387483, "recall": 0.803921568627451, "f1": 0.6259541984732824}, "NA": {"prec": 0.0, "total": 0, "auc": 0.0, "recall": 0.0, "f1": 0.0}, "hypernym": {"prec": 0.6927899686520376, "total": 255, "auc": 0.7271685755040407, "recall": 0.8666666666666667, "f1": 0.7700348432055749}}