{"NA": {"f1": 0.0, "auc": 0.0, "recall": 0.0, "prec": 0.0}, "birthDate": {"f1": 0.776470588235294, "auc": 0.8289390996642249, "recall": 0.9058823529411765, "prec": 0.6794117647058824}, "hypernym": {"f1": 0.6012658227848102, "auc": 0.5283758831339881, "recall": 0.7450980392156863, "prec": 0.5039787798408488}, "spouse": {"f1": 0.8876404494382023, "auc": 0.863020848802803, "recall": 0.9294117647058824, "prec": 0.8494623655913979}, "total": {"f1": 0.6865401987353208, "auc": 0.6890927811122176, "recall": 0.7450980392156863, "prec": 0.6365159128978225}, "birthPlace": {"f1": 0.6011080332409973, "auc": 0.5169017431084206, "recall": 0.8509803921568627, "prec": 0.46466809421841543}}