{"hypernym": {"recall": 0.8784313725490196, "auc": 0.8826515341851381, "total": 255, "prec": 0.7887323943661971, "f1": 0.8311688311688311}, "spouse": {"recall": 0.7254901960784313, "auc": 0.7800669534318911, "total": 255, "prec": 0.6607142857142857, "f1": 0.6915887850467289}, "birthPlace": {"recall": 0.7333333333333333, "auc": 0.660931828082434, "total": 255, "prec": 0.6012861736334405, "f1": 0.6607773851590105}, "total": {"recall": 0.7666666666666667, "auc": 0.8571037542033022, "total": 1020, "prec": 0.7666666666666667, "f1": 0.7666666666666667}, "birthDate": {"recall": 0.9372549019607843, "auc": 0.9789406950467067, "total": 255, "prec": 0.9755102040816327, "f1": 0.9560000000000001}, "NA": {"recall": 0.0, "auc": 0.0, "total": 0, "prec": 0.0, "f1": 0.0}}