{"NA": {"recall": 0.0, "f1": 0.0, "auc": 0.0, "prec": 0.0}, "birthDate": {"recall": 0.914179104477612, "f1": 0.794165316045381, "auc": 0.8270245385076058, "prec": 0.7020057306590258}, "hypernym": {"recall": 0.6604477611940298, "f1": 0.6276595744680851, "auc": 0.6305975393772189, "prec": 0.597972972972973}, "birthPlace": {"recall": 0.7425373134328358, "f1": 0.6094946401225114, "auc": 0.5182381643040591, "prec": 0.5168831168831168}, "total": {"recall": 0.8264925373134329, "f1": 0.7319289549772823, "auc": 0.7385167769257629, "prec": 0.6567828020756116}, "spouse": {"recall": 0.9925373134328358, "f1": 0.9300699300699301, "auc": 0.9104158251064581, "prec": 0.875}}