{"birthDate": {"prec": 0.7391304347826086, "recall": 0.8246268656716418, "f1": 0.7795414462081128, "auc": 0.8173144289730634}, "spouse": {"prec": 0.8493589743589743, "recall": 0.9888059701492538, "f1": 0.913793103448276, "auc": 0.907204903849166}, "hypernym": {"prec": 0.47802197802197804, "recall": 0.6492537313432836, "f1": 0.550632911392405, "auc": 0.521618864821941}, "NA": {"prec": 0.0, "recall": 0.0, "f1": 0.0, "auc": 0.0}, "total": {"prec": 0.6358428805237316, "recall": 0.7248134328358209, "f1": 0.6774193548387096, "auc": 0.6700420191139376}, "birthPlace": {"prec": 0.5451807228915663, "recall": 0.6753731343283582, "f1": 0.6033333333333333, "auc": 0.5654191776515954}}