{"birthDate": {"f1": 0.9282868525896414, "recall": 0.9137254901960784, "prec": 0.9433198380566802, "total": 255, "auc": 0.9710012114592697}, "spouse": {"f1": 0.6958105646630236, "recall": 0.7490196078431373, "prec": 0.6496598639455783, "total": 255, "auc": 0.7735299780340068}, "hypernym": {"f1": 0.8438661710037175, "recall": 0.8901960784313725, "prec": 0.8021201413427562, "total": 255, "auc": 0.8999826582870112}, "NA": {"f1": 0.0, "recall": 0.0, "prec": 0.0, "total": 0, "auc": 0.0}, "birthPlace": {"f1": 0.6570188133140377, "recall": 0.8901960784313725, "prec": 0.5206422018348624, "total": 255, "auc": 0.6634861817301899}, "total": {"f1": 0.7654440154440155, "recall": 0.7774509803921569, "prec": 0.7538022813688213, "total": 1020, "auc": 0.8557824454714736}}