{"NA": {"prec": 0.0, "recall": 0.0, "f1": 0.0, "auc": 0.0, "total": 0}, "spouse": {"prec": 0.5870786516853933, "recall": 0.7798507462686567, "f1": 0.6698717948717949, "auc": 0.6326353923058983, "total": 268}, "birthDate": {"prec": 0.956, "recall": 0.8917910447761194, "f1": 0.9227799227799228, "auc": 0.97106879711687, "total": 268}, "birthPlace": {"prec": 0.42409638554216866, "recall": 0.6567164179104478, "f1": 0.5153733528550514, "auc": 0.4368952137807237, "total": 268}, "hypernym": {"prec": 0.5935828877005348, "recall": 0.8283582089552238, "f1": 0.691588785046729, "auc": 0.6422962102331904, "total": 268}, "total": {"prec": 0.5960866526904263, "recall": 0.7957089552238806, "f1": 0.6815821014782261, "auc": 0.7073745865511929, "total": 1072}}