{"NA": {"auc": 0.0, "recall": 0.0, "total": 0, "prec": 0.0, "f1": 0.0}, "birthPlace": {"auc": 0.3201590707712834, "recall": 0.9029850746268657, "total": 268, "prec": 0.26799557032115173, "f1": 0.4133219470538002}, "spouse": {"auc": 0.3286608649864343, "recall": 0.664179104477612, "total": 268, "prec": 0.332089552238806, "f1": 0.4427860696517413}, "hypernym": {"auc": 0.24259298112318156, "recall": 1.0, "total": 268, "prec": 0.24452554744525548, "f1": 0.3929618768328446}, "total": {"auc": 0.2511623881797288, "recall": 0.9533582089552238, "total": 1072, "prec": 0.2565905096660808, "f1": 0.40435212660731945}, "birthDate": {"auc": 0.3520672155199931, "recall": 0.8134328358208955, "total": 268, "prec": 0.3205882352941177, "f1": 0.45991561181434604}}