{"spouse": {"prec": 0.7414448669201521, "auc": 0.7638089271695526, "recall": 0.7276119402985075, "f1": 0.7344632768361582}, "birthPlace": {"prec": 0.6120689655172413, "auc": 0.7396343064186227, "recall": 0.7947761194029851, "f1": 0.6915584415584415}, "hypernym": {"prec": 0.8, "auc": 0.8863478585852033, "recall": 0.9104477611940298, "f1": 0.8516579406631762}, "total": {"prec": 0.7715780296425457, "auc": 0.8773290724132574, "recall": 0.8255597014925373, "f1": 0.7976566020730058}, "birthDate": {"prec": 0.9806201550387597, "auc": 0.9849675578665292, "recall": 0.9440298507462687, "f1": 0.9619771863117871}, "NA": {"prec": 0.0, "auc": 0.0, "recall": 0.0, "f1": 0.0}}