{"NA": {"prec": 0.0, "auc": 0.0, "f1": 0.0, "recall": 0.0}, "total": {"prec": 0.6533923303834809, "auc": 0.7684912285857934, "f1": 0.7298187808896212, "recall": 0.8264925373134329}, "birthDate": {"prec": 0.7677902621722846, "auc": 0.8194340910194934, "f1": 0.7663551401869159, "recall": 0.7649253731343284}, "birthPlace": {"prec": 0.5746031746031746, "auc": 0.6119664392661545, "f1": 0.620926243567753, "recall": 0.6753731343283582}, "hypernym": {"prec": 0.5831062670299727, "auc": 0.710476819109254, "f1": 0.674015748031496, "recall": 0.7985074626865671}, "spouse": {"prec": 0.8668831168831169, "auc": 0.8402357616968119, "f1": 0.9270833333333334, "recall": 0.996268656716418}}