{"birthDate": {"prec": 0.9365079365079365, "recall": 0.9254901960784314, "auc": 0.9678403245623022, "f1": 0.9309664694280079}, "total": {"prec": 0.6923707957342083, "recall": 0.8274509803921568, "auc": 0.8505719448325529, "f1": 0.7539079946404644}, "birthPlace": {"prec": 0.5564304461942258, "recall": 0.8313725490196079, "auc": 0.657382173108217, "f1": 0.6666666666666667}, "hypernym": {"prec": 0.7581699346405228, "recall": 0.9098039215686274, "auc": 0.8784671383565384, "f1": 0.8270944741532977}, "spouse": {"prec": 0.6158357771260997, "recall": 0.8235294117647058, "auc": 0.7862142967702275, "f1": 0.7046979865771811}, "NA": {"prec": 0.0, "recall": 0.0, "auc": 0.0, "f1": 0.0}}