{"spouse": {"total": 268, "prec": 0.6688102893890675, "recall": 0.7761194029850746, "f1": 0.7184801381692574, "auc": 0.7562751077954522}, "total": {"total": 1072, "prec": 0.7584070796460177, "recall": 0.7994402985074627, "f1": 0.7783832879200726, "auc": 0.8555858127713003}, "birthDate": {"total": 268, "prec": 0.9267399267399268, "recall": 0.9440298507462687, "f1": 0.9353049907578558, "auc": 0.9768463601722353}, "NA": {"total": 0, "prec": 0.0, "recall": 0.0, "f1": 0.0, "auc": 0.0}, "birthPlace": {"total": 268, "prec": 0.6042296072507553, "recall": 0.746268656716418, "f1": 0.667779632721202, "auc": 0.6745922672616456}, "hypernym": {"total": 268, "prec": 0.7484848484848485, "recall": 0.9216417910447762, "f1": 0.8260869565217392, "auc": 0.8743834714782034}}