{"spouse": {"recall": 0.7019607843137254, "f1": 0.714570858283433, "prec": 0.7276422764227642, "total": 255, "auc": 0.7986399581425052}, "birthDate": {"recall": 0.9490196078431372, "f1": 0.9622266401590457, "prec": 0.9758064516129032, "total": 255, "auc": 0.9804409488003281}, "NA": {"recall": 0.0, "f1": 0.0, "prec": 0.0, "total": 0, "auc": 0.0}, "birthPlace": {"recall": 0.8862745098039215, "f1": 0.6776611694152923, "prec": 0.5485436893203883, "total": 255, "auc": 0.709327593524851}, "total": {"recall": 0.807843137254902, "f1": 0.7965200579990335, "prec": 0.7855100095328885, "total": 1020, "auc": 0.8790111464475066}, "hypernym": {"recall": 0.8823529411764706, "f1": 0.8571428571428571, "prec": 0.8333333333333334, "total": 255, "auc": 0.903955996241078}}