{"birthDate": {"prec": 0.6574923547400612, "auc": 0.8233797838634204, "f1": 0.738831615120275, "recall": 0.8431372549019608}, "birthPlace": {"prec": 0.5081081081081081, "auc": 0.5999820840879806, "f1": 0.6016, "recall": 0.7372549019607844}, "spouse": {"prec": 0.8433333333333334, "auc": 0.9190342789070916, "f1": 0.9117117117117118, "recall": 0.9921568627450981}, "total": {"prec": 0.6613976705490848, "auc": 0.7657821720735764, "f1": 0.7155715571557156, "recall": 0.7794117647058824}, "NA": {"prec": 0.0, "auc": 0.0, "f1": 0.0, "recall": 0.0}, "hypernym": {"prec": 0.529113924050633, "auc": 0.6054420997790924, "f1": 0.6430769230769232, "recall": 0.8196078431372549}}