{"birthPlace": {"prec": 0.497787610619469, "f1": 0.625, "total": 268, "auc": 0.5723768499867882, "recall": 0.8395522388059702}, "hypernym": {"prec": 0.6158357771260997, "f1": 0.6896551724137931, "total": 268, "auc": 0.7315174528982247, "recall": 0.7835820895522388}, "birthDate": {"prec": 0.7722419928825622, "f1": 0.7905282331511838, "total": 268, "auc": 0.8455386793292495, "recall": 0.8097014925373134}, "spouse": {"prec": 0.8701298701298701, "f1": 0.9305555555555556, "total": 268, "auc": 0.8906669368166081, "recall": 1.0}, "NA": {"prec": 0.0, "f1": 0.0, "total": 0, "auc": 0.0, "recall": 0.0}, "total": {"prec": 0.6872074882995319, "f1": 0.7485131690739166, "total": 1072, "auc": 0.798230306489158, "recall": 0.8218283582089553}}