{"spouse": {"prec": 0.8673139158576052, "auc": 0.8850137307238239, "f1": 0.92894280762565, "recall": 1.0}, "total": {"prec": 0.6877470355731226, "auc": 0.7887312096582646, "f1": 0.7445442875481386, "recall": 0.8115671641791045}, "hypernym": {"prec": 0.6384364820846905, "auc": 0.7222127873276958, "f1": 0.6817391304347826, "recall": 0.7313432835820896}, "birthDate": {"prec": 0.7722419928825622, "auc": 0.8302045301597468, "f1": 0.7905282331511838, "recall": 0.8097014925373134}, "NA": {"prec": 0.0, "auc": 0.0, "f1": 0.0, "recall": 0.0}, "birthPlace": {"prec": 0.5095693779904307, "auc": 0.5745089551785644, "f1": 0.6209912536443148, "recall": 0.7947761194029851}}