{"hypernym": {"prec": 0.5106382978723404, "recall": 0.5647058823529412, "f1": 0.536312849162011, "auc": 0.5071266111159819}, "birthDate": {"prec": 0.7079037800687286, "recall": 0.807843137254902, "f1": 0.7545787545787547, "auc": 0.8206024022982036}, "birthPlace": {"prec": 0.44166666666666665, "recall": 0.8313725490196079, "f1": 0.5768707482993198, "auc": 0.5335385362573095}, "spouse": {"prec": 0.8385964912280702, "recall": 0.9372549019607843, "f1": 0.8851851851851852, "auc": 0.8525346919044083}, "total": {"prec": 0.5927357032457496, "recall": 0.7519607843137255, "f1": 0.6629213483146068, "auc": 0.6660447419375045}, "NA": {"prec": 0.0, "recall": 0.0, "f1": 0.0, "auc": 0.0}}