{"NA": {"prec": 0.0, "recall": 0.0, "f1": 0.0, "auc": 0.0, "total": 0}, "spouse": {"prec": 0.8701298701298701, "recall": 1.0, "f1": 0.9305555555555556, "auc": 0.8810608426516232, "total": 268}, "birthDate": {"prec": 0.7862318840579711, "recall": 0.8097014925373134, "f1": 0.7977941176470589, "auc": 0.8526202078134243, "total": 268}, "birthPlace": {"prec": 0.5417721518987342, "recall": 0.7985074626865671, "f1": 0.645550527903469, "auc": 0.5886560072186537, "total": 268}, "hypernym": {"prec": 0.5949720670391061, "recall": 0.7947761194029851, "f1": 0.6805111821086263, "auc": 0.7140379996297419, "total": 268}, "total": {"prec": 0.6623931623931624, "recall": 0.8675373134328358, "f1": 0.7512116316639741, "auc": 0.7993945994438806, "total": 1072}}