{"hypernym": {"auc": 0.8583211824158283, "recall": 0.9058823529411765, "prec": 0.7623762376237624, "f1": 0.8279569892473118}, "birthDate": {"auc": 0.9746009185304519, "recall": 0.9411764705882353, "prec": 0.9448818897637795, "f1": 0.9430255402750491}, "spouse": {"auc": 0.7821645020159773, "recall": 0.7294117647058823, "prec": 0.6619217081850534, "f1": 0.6940298507462687}, "NA": {"auc": 0.0, "recall": 0.0, "prec": 0.0, "f1": 0.0}, "birthPlace": {"auc": 0.679720963808728, "recall": 0.7333333333333333, "prec": 0.5917721518987342, "f1": 0.6549912434325744}, "total": {"auc": 0.856836292624127, "recall": 0.7794117647058824, "prec": 0.760038240917782, "f1": 0.7696030977734754}}