{"NA": {"prec": 0.0, "recall": 0.0, "f1": 0.0, "auc": 0.0, "total": 0}, "spouse": {"prec": 0.8542372881355932, "recall": 0.9882352941176471, "f1": 0.9163636363636364, "auc": 0.8826537928017623, "total": 255}, "birthDate": {"prec": 0.7785977859778598, "recall": 0.8274509803921568, "f1": 0.8022813688212928, "auc": 0.8693005538231862, "total": 255}, "birthPlace": {"prec": 0.5291005291005291, "recall": 0.7843137254901961, "f1": 0.6319115323854659, "auc": 0.6050337863586123, "total": 255}, "hypernym": {"prec": 0.6141479099678456, "recall": 0.7490196078431373, "f1": 0.6749116607773852, "auc": 0.6699297452361789, "total": 255}, "total": {"prec": 0.6515937731653076, "recall": 0.861764705882353, "f1": 0.7420852680455888, "auc": 0.7896785811957916, "total": 1020}}