{"hypernym": {"total": 268, "f1": 0.8209459459459458, "auc": 0.8578960639641416, "recall": 0.9067164179104478, "prec": 0.75}, "birthDate": {"total": 268, "f1": 0.9288389513108615, "auc": 0.9757727633845089, "recall": 0.9253731343283582, "prec": 0.9323308270676691}, "total": {"total": 1072, "f1": 0.7701575532900834, "auc": 0.8546259580700502, "recall": 0.7751865671641791, "prec": 0.7651933701657458}, "birthPlace": {"total": 268, "f1": 0.6428571428571428, "auc": 0.701127842555553, "recall": 0.6380597014925373, "prec": 0.6477272727272727}, "NA": {"total": 0, "f1": 0.0, "auc": 0.0, "recall": 0.0, "prec": 0.0}, "spouse": {"total": 268, "f1": 0.7288428324697754, "auc": 0.7694949287829764, "recall": 0.7873134328358209, "prec": 0.6784565916398714}}