{"NA": {"prec": 0.0, "recall": 0.0, "f1": 0.0, "auc": 0.0, "total": 0}, "spouse": {"prec": 0.75, "recall": 0.7164179104477612, "f1": 0.7328244274809161, "auc": 0.7771552443132196, "total": 268}, "birthDate": {"prec": 0.9090909090909091, "recall": 0.9328358208955224, "f1": 0.9208103130755064, "auc": 0.9754224272108922, "total": 268}, "birthPlace": {"prec": 0.6148648648648649, "recall": 0.6791044776119403, "f1": 0.6453900709219857, "auc": 0.6730042669432232, "total": 268}, "hypernym": {"prec": 0.7540453074433657, "recall": 0.8694029850746269, "f1": 0.8076256499133448, "auc": 0.8104966681644811, "total": 268}, "total": {"prec": 0.751779359430605, "recall": 0.7882462686567164, "f1": 0.7695810564663024, "auc": 0.8390900249211819, "total": 1072}}