{"total": {"recall": 0.7630597014925373, "f1": 0.7687969924812029, "total": 1072, "prec": 0.7746212121212122, "auc": 0.8486415103140819}, "NA": {"recall": 0.0, "f1": 0.0, "total": 0, "prec": 0.0, "auc": 0.0}, "birthDate": {"recall": 0.9402985074626866, "f1": 0.9438202247191011, "total": 268, "prec": 0.9473684210526315, "auc": 0.9788289079133148}, "spouse": {"recall": 0.8022388059701493, "f1": 0.722689075630252, "total": 268, "prec": 0.6574923547400612, "auc": 0.7631778655381223}, "birthPlace": {"recall": 0.7574626865671642, "f1": 0.640378548895899, "total": 268, "prec": 0.5546448087431693, "auc": 0.65427370097391}, "hypernym": {"recall": 0.9104477611940298, "f1": 0.8174204355108878, "total": 268, "prec": 0.7416413373860182, "auc": 0.8655956391554861}}