{"birthPlace": {"prec": 0.49875311720698257, "auc": 0.5637599062426341, "f1": 0.6097560975609756, "recall": 0.7843137254901961, "total": 255}, "spouse": {"prec": 0.6191950464396285, "auc": 0.7350749953601547, "f1": 0.6920415224913495, "recall": 0.7843137254901961, "total": 255}, "birthDate": {"prec": 0.9795081967213115, "auc": 0.9830905646046817, "f1": 0.9579158316633266, "recall": 0.9372549019607843, "total": 255}, "hypernym": {"prec": 0.6299435028248588, "auc": 0.6719558872621884, "f1": 0.7323481116584566, "recall": 0.8745098039215686, "total": 255}, "NA": {"prec": 0.0, "auc": 0.0, "f1": 0.0, "recall": 0.0, "total": 0}, "total": {"prec": 0.6245589273112209, "auc": 0.7745547585214704, "f1": 0.7263028313500205, "recall": 0.8676470588235294, "total": 1020}}