{"birthDate": {"auc": 0.8444968054659711, "total": 268, "f1": 0.7751371115173674, "prec": 0.7598566308243727, "recall": 0.7910447761194029}, "total": {"auc": 0.49241433406552426, "total": 1072, "f1": 0.5412844036697247, "prec": 0.4585492227979275, "recall": 0.6604477611940298}, "spouse": {"auc": 0.5038096962575139, "total": 268, "f1": 0.6099290780141844, "prec": 0.4919908466819222, "recall": 0.8022388059701493}, "NA": {"auc": 0.0, "total": 0, "f1": 0.0, "prec": 0.0, "recall": 0.0}, "hypernym": {"auc": 0.3545796986175127, "total": 268, "f1": 0.5218476903870162, "prec": 0.3921200750469043, "recall": 0.7798507462686567}, "birthPlace": {"auc": 0.39720253465910743, "total": 268, "f1": 0.48, "prec": 0.43373493975903615, "recall": 0.5373134328358209}}