{"NA": {"prec": 0.0, "recall": 0.0, "f1": 0.0, "auc": 0.0, "total": 0}, "spouse": {"prec": 0.8701298701298701, "recall": 1.0, "f1": 0.9305555555555556, "auc": 0.9018872770180625, "total": 268}, "birthDate": {"prec": 0.7314814814814815, "recall": 0.8843283582089553, "f1": 0.8006756756756757, "auc": 0.8601277771752563, "total": 268}, "birthPlace": {"prec": 0.5155131264916468, "recall": 0.8059701492537313, "f1": 0.62882096069869, "auc": 0.6006171526107763, "total": 268}, "hypernym": {"prec": 0.6845878136200717, "recall": 0.7126865671641791, "f1": 0.6983546617915906, "auc": 0.729348322335556, "total": 268}, "total": {"prec": 0.7328042328042328, "recall": 0.7751865671641791, "f1": 0.7533998186763372, "auc": 0.8021831945373584, "total": 1072}}