{"total": {"recall": 0.8097014925373134, "f1": 0.7657697397441553, "prec": 0.7263598326359832, "auc": 0.8431198765779793}, "hypernym": {"recall": 0.8917910447761194, "f1": 0.803361344537815, "prec": 0.7308868501529052, "auc": 0.855859082018757}, "NA": {"recall": 0.0, "f1": 0.0, "prec": 0.0, "auc": 0.0}, "birthPlace": {"recall": 0.7089552238805971, "f1": 0.662020905923345, "prec": 0.6209150326797386, "auc": 0.6999718471725936}, "birthDate": {"recall": 0.9216417910447762, "f1": 0.9064220183486238, "prec": 0.8916967509025271, "auc": 0.9657342923834477}, "spouse": {"recall": 0.7126865671641791, "f1": 0.722117202268431, "prec": 0.7318007662835249, "auc": 0.7453174677802976}}