{"NA": {"auc": 0.0, "recall": 0.0, "f1": 0.0, "prec": 0.0, "total": 0}, "total": {"auc": 0.7630240765729048, "recall": 0.8535447761194029, "f1": 0.7253269916765754, "prec": 0.6305995864920745, "total": 1072}, "birthDate": {"auc": 0.8035084637404116, "recall": 0.8619402985074627, "f1": 0.7674418604651163, "prec": 0.6916167664670658, "total": 268}, "spouse": {"auc": 0.8426698787418304, "recall": 1.0, "f1": 0.9273356401384083, "prec": 0.864516129032258, "total": 268}, "birthPlace": {"auc": 0.5449077393390253, "recall": 0.7910447761194029, "f1": 0.6091954022988505, "prec": 0.4953271028037383, "total": 268}, "hypernym": {"auc": 0.70818345184903, "recall": 0.6828358208955224, "f1": 0.6777777777777777, "prec": 0.6727941176470589, "total": 268}}