{"NA": {"prec": 0.0, "recall": 0.0, "f1": 0.0, "auc": 0.0, "total": 0}, "spouse": {"prec": 0.8673139158576052, "recall": 1.0, "f1": 0.92894280762565, "auc": 0.9106851191162364, "total": 268}, "birthDate": {"prec": 0.7206349206349206, "recall": 0.8470149253731343, "f1": 0.7787307032590051, "auc": 0.8324287645134528, "total": 268}, "birthPlace": {"prec": 0.5011389521640092, "recall": 0.8208955223880597, "f1": 0.6223479490806224, "auc": 0.5574953205547026, "total": 268}, "hypernym": {"prec": 0.6068376068376068, "recall": 0.7947761194029851, "f1": 0.6882067851373183, "auc": 0.7255267362465343, "total": 268}, "total": {"prec": 0.6637168141592921, "recall": 0.8395522388059702, "f1": 0.7413509060955519, "auc": 0.7927175055995285, "total": 1072}}