{"total": {"auc": 0.6700610456344892, "recall": 0.6856343283582089, "f1": 0.6413612565445025, "prec": 0.6024590163934426}, "birthPlace": {"auc": 0.5839712019753457, "recall": 0.6753731343283582, "f1": 0.5876623376623377, "prec": 0.5201149425287356}, "NA": {"auc": 0.0, "recall": 0.0, "f1": 0.0, "prec": 0.0}, "hypernym": {"auc": 0.4560510645111003, "recall": 0.7089552238805971, "f1": 0.5307262569832402, "prec": 0.42410714285714285}, "spouse": {"auc": 0.8704962010718518, "recall": 0.9440298507462687, "f1": 0.887719298245614, "prec": 0.8377483443708609}, "birthDate": {"auc": 0.7982098783303345, "recall": 0.8134328358208955, "f1": 0.7530224525043179, "prec": 0.7009646302250804}}