{"NA": {"prec": 0.0, "recall": 0.0, "f1": 0.0, "auc": 0.0, "total": 0}, "spouse": {"prec": 0.8466666666666667, "recall": 0.996078431372549, "f1": 0.9153153153153153, "auc": 0.9090101548264454, "total": 255}, "birthDate": {"prec": 0.7218543046357616, "recall": 0.8549019607843137, "f1": 0.7827648114901257, "auc": 0.8458904214485323, "total": 255}, "birthPlace": {"prec": 0.5393258426966292, "recall": 0.7529411764705882, "f1": 0.6284779050736498, "auc": 0.6086383630481023, "total": 255}, "hypernym": {"prec": 0.6631205673758865, "recall": 0.7333333333333333, "f1": 0.6964618249534451, "auc": 0.6897915956992126, "total": 255}, "total": {"prec": 0.6818181818181818, "recall": 0.8235294117647058, "f1": 0.7460035523978684, "auc": 0.7980103938381745, "total": 1020}}