{"spouse": {"prec": 0.8645833333333334, "auc": 0.8738355162267881, "recall": 0.9291044776119403, "f1": 0.89568345323741}, "total": {"prec": 0.5961538461538461, "auc": 0.6770598867174592, "recall": 0.7229477611940298, "f1": 0.6534569983136594}, "NA": {"prec": 0.0, "auc": 0.0, "recall": 0.0, "f1": 0.0}, "birthPlace": {"prec": 0.4418604651162791, "auc": 0.5716129957930203, "recall": 0.8507462686567164, "f1": 0.5816326530612246}, "hypernym": {"prec": 0.40853658536585363, "auc": 0.43608483608128207, "recall": 0.75, "f1": 0.5289473684210526}, "birthDate": {"prec": 0.6694915254237288, "auc": 0.8050648073578107, "recall": 0.8843283582089553, "f1": 0.7620578778135048}}