{"spouse": {"prec": 0.8673139158576052, "auc": 0.8630781618590433, "recall": 1.0, "f1": 0.92894280762565}, "NA": {"prec": 0.0, "auc": 0.0, "recall": 0.0, "f1": 0.0}, "total": {"prec": 0.710455764075067, "auc": 0.7624251048696915, "recall": 0.7416044776119403, "f1": 0.7256960292104062}, "birthDate": {"prec": 0.7473309608540926, "auc": 0.8108554375512719, "recall": 0.7835820895522388, "f1": 0.7650273224043715}, "hypernym": {"prec": 0.5946745562130178, "auc": 0.6777555088454131, "recall": 0.75, "f1": 0.6633663366336634}, "birthPlace": {"prec": 0.4473684210526316, "auc": 0.5439697280680128, "recall": 0.8880597014925373, "f1": 0.595}}