{"NA": {"prec": 0.0, "recall": 0.0, "f1": 0.0, "auc": 0.0, "total": 0}, "spouse": {"prec": 0.24540441176470587, "recall": 0.996268656716418, "f1": 0.3938053097345133, "auc": 0.26682382826788464, "total": 268}, "birthDate": {"prec": 0.24363636363636362, "recall": 1.0, "f1": 0.391812865497076, "auc": 0.20954338930182684, "total": 268}, "birthPlace": {"prec": 0.24341507720254316, "recall": 1.0, "f1": 0.3915266617969321, "auc": 0.23836150067127443, "total": 268}, "hypernym": {"prec": 0.24556489262371614, "recall": 0.9813432835820896, "f1": 0.3928304705003734, "auc": 0.2454026131914169, "total": 268}, "total": {"prec": 0.24347036111741993, "recall": 1.0, "f1": 0.39159817351598175, "auc": 0.243219141869888, "total": 1072}}