{"birthDate": {"prec": 0.7692307692307693, "recall": 0.7835820895522388, "auc": 0.8464582971322936, "f1": 0.7763401109057302}, "NA": {"prec": 0.0, "recall": 0.0, "auc": 0.0, "f1": 0.0}, "total": {"prec": 0.6610978520286396, "recall": 0.7751865671641791, "auc": 0.7548695931852178, "f1": 0.7136109918419923}, "birthPlace": {"prec": 0.49625935162094764, "recall": 0.7425373134328358, "auc": 0.526269175922635, "f1": 0.5949177877428998}, "hypernym": {"prec": 0.5439093484419264, "recall": 0.7164179104477612, "auc": 0.65618419645664, "f1": 0.6183574879227053}, "spouse": {"prec": 0.8673139158576052, "recall": 1.0, "auc": 0.8567051665531323, "f1": 0.92894280762565}}