{"total": {"f1": 0.7616534740545295, "recall": 0.8078358208955224, "auc": 0.7936553718434334, "prec": 0.7204658901830283}, "birthDate": {"f1": 0.7999999999999999, "recall": 0.8880597014925373, "auc": 0.8546731867135929, "prec": 0.72782874617737}, "spouse": {"f1": 0.92894280762565, "recall": 1.0, "auc": 0.8750402356938013, "prec": 0.8673139158576052}, "hypernym": {"f1": 0.6968503937007874, "recall": 0.6604477611940298, "auc": 0.7420317790339428, "prec": 0.7375}, "birthPlace": {"f1": 0.6436420722135008, "recall": 0.7649253731343284, "auc": 0.597692543190575, "prec": 0.5555555555555556}, "NA": {"f1": 0.0, "recall": 0.0, "auc": 0.0, "prec": 0.0}}