{"hypernym": {"f1": 0.8499999999999999, "auc": 0.8892693623587221, "recall": 0.8880597014925373, "total": 268, "prec": 0.815068493150685}, "birthDate": {"f1": 0.9479553903345724, "auc": 0.9813410999141062, "recall": 0.9514925373134329, "total": 268, "prec": 0.9444444444444444}, "NA": {"f1": 0.0, "auc": 0.0, "recall": 0.0, "total": 0, "prec": 0.0}, "birthPlace": {"f1": 0.6564102564102564, "auc": 0.7229351127923869, "recall": 0.7164179104477612, "total": 268, "prec": 0.6056782334384858}, "total": {"f1": 0.7871831659493065, "auc": 0.8731525324743218, "recall": 0.7677238805970149, "total": 1072, "prec": 0.8076545632973503}, "spouse": {"f1": 0.7364485981308412, "auc": 0.7933715481995215, "recall": 0.7350746268656716, "total": 268, "prec": 0.7378277153558053}}