{"birthDate": {"f1": 0.7485604606525911, "auc": 0.8072442630209835, "prec": 0.7330827067669173, "recall": 0.7647058823529411}, "spouse": {"f1": 0.8560311284046692, "auc": 0.8819163374079056, "prec": 0.8494208494208494, "recall": 0.8627450980392157}, "NA": {"f1": 0.0, "auc": 0.0, "prec": 0.0, "recall": 0.0}, "total": {"f1": 0.6434648105181747, "auc": 0.6668913213686248, "prec": 0.5312899106002554, "recall": 0.8156862745098039}, "hypernym": {"f1": 0.5496894409937888, "auc": 0.4480038265533691, "prec": 0.455012853470437, "recall": 0.6941176470588235}, "birthPlace": {"f1": 0.5783132530120483, "auc": 0.5461273012412675, "prec": 0.5153374233128835, "recall": 0.6588235294117647}}