{"NA": {"prec": 0.0, "recall": 0.0, "f1": 0.0, "auc": 0.0, "total": 0}, "spouse": {"prec": 0.8673139158576052, "recall": 1.0, "f1": 0.92894280762565, "auc": 0.9094115185874778, "total": 268}, "birthDate": {"prec": 0.7601351351351351, "recall": 0.8395522388059702, "f1": 0.7978723404255319, "auc": 0.8395372901033884, "total": 268}, "birthPlace": {"prec": 0.5761194029850746, "recall": 0.7201492537313433, "f1": 0.6401326699834162, "auc": 0.5674885412477476, "total": 268}, "hypernym": {"prec": 0.6398809523809523, "recall": 0.8022388059701493, "f1": 0.7119205298013245, "auc": 0.7345423917275697, "total": 268}, "total": {"prec": 0.7012882447665056, "recall": 0.8125, "f1": 0.7528089887640449, "auc": 0.7907567491515539, "total": 1072}}