{"hypernym": {"total": 255, "recall": 0.9686274509803922, "prec": 0.26360725720384204, "auc": 0.23670206296770643, "f1": 0.4144295302013423}, "birthDate": {"total": 255, "recall": 0.7647058823529411, "prec": 0.28888888888888886, "auc": 0.2810844684510549, "f1": 0.41935483870967744}, "NA": {"total": 0, "recall": 0.0, "prec": 0.0, "auc": 0.0, "f1": 0.0}, "total": {"total": 1020, "recall": 1.0, "prec": 0.24763292061179898, "auc": 0.25694461206531427, "f1": 0.39696438995913597}, "birthPlace": {"total": 255, "recall": 1.0, "prec": 0.2478134110787172, "auc": 0.26693547358611674, "f1": 0.39719626168224303}, "spouse": {"total": 255, "recall": 1.0, "prec": 0.24829600778967867, "auc": 0.30837144852745035, "f1": 0.3978159126365054}}