{"NA": {"prec": 0.0, "recall": 0.0, "f1": 0.0, "auc": 0.0, "total": 0}, "spouse": {"prec": 0.5875370919881305, "recall": 0.7764705882352941, "f1": 0.668918918918919, "auc": 0.7243425493385894, "total": 255}, "birthDate": {"prec": 0.9568627450980393, "recall": 0.9568627450980393, "f1": 0.9568627450980393, "auc": 0.9784268516485994, "total": 255}, "birthPlace": {"prec": 0.4535637149028078, "recall": 0.8235294117647058, "f1": 0.5849582172701949, "auc": 0.5265289525537672, "total": 255}, "hypernym": {"prec": 0.6381766381766382, "recall": 0.8784313725490196, "f1": 0.7392739273927392, "auc": 0.6631837698943106, "total": 255}, "total": {"prec": 0.5983717774762551, "recall": 0.8647058823529412, "f1": 0.7072975140336809, "auc": 0.748282442405892, "total": 1020}}