{"NA": {"prec": 0.0, "recall": 0.0, "f1": 0.0, "auc": 0.0, "total": 0}, "spouse": {"prec": 0.732, "recall": 0.6828358208955224, "f1": 0.7065637065637067, "auc": 0.7570309625220654, "total": 268}, "birthDate": {"prec": 0.9045936395759717, "recall": 0.9552238805970149, "f1": 0.9292196007259528, "auc": 0.9727792277869021, "total": 268}, "birthPlace": {"prec": 0.5835777126099707, "recall": 0.7425373134328358, "f1": 0.6535303776683087, "auc": 0.6591446600298986, "total": 268}, "hypernym": {"prec": 0.717201166180758, "recall": 0.917910447761194, "f1": 0.8052373158756136, "auc": 0.8225672628097342, "total": 268}, "total": {"prec": 0.7299396031061259, "recall": 0.789179104477612, "f1": 0.7584043030031375, "auc": 0.833686623235802, "total": 1072}}