{"birthPlace": {"prec": 0.48320413436692505, "auc": 0.5241463326489861, "recall": 0.7333333333333333, "f1": 0.5825545171339563}, "total": {"prec": 0.5594555873925502, "auc": 0.6505260265639053, "recall": 0.765686274509804, "f1": 0.646523178807947}, "NA": {"prec": 0.0, "auc": 0.0, "recall": 0.0, "f1": 0.0}, "spouse": {"prec": 0.8327272727272728, "auc": 0.8539892158007376, "recall": 0.8980392156862745, "f1": 0.8641509433962263}, "birthDate": {"prec": 0.6823899371069182, "auc": 0.8007113427088355, "recall": 0.8509803921568627, "f1": 0.7574171029668413}, "hypernym": {"prec": 0.4146341463414634, "auc": 0.4259372975188809, "recall": 0.8, "f1": 0.5461847389558233}}