{"spouse": {"f1": 0.9049295774647887, "recall": 0.9589552238805971, "auc": 0.9070568617859854, "prec": 0.8566666666666667}, "birthPlace": {"f1": 0.5877061469265368, "recall": 0.7313432835820896, "auc": 0.4978938164369942, "prec": 0.49122807017543857}, "NA": {"f1": 0.0, "recall": 0.0, "auc": 0.0, "prec": 0.0}, "hypernym": {"f1": 0.5664939550949913, "recall": 0.6119402985074627, "auc": 0.5398531821484853, "prec": 0.5273311897106109}, "birthDate": {"f1": 0.7970749542961609, "recall": 0.8134328358208955, "auc": 0.8258784984621214, "prec": 0.7813620071684588}, "total": {"f1": 0.7001254705144292, "recall": 0.7807835820895522, "auc": 0.6877131150417026, "prec": 0.6345716451857468}}