{"total": {"prec": 0.7521613832853026, "auc": 0.8370086774414782, "f1": 0.759825327510917, "total": 1020, "recall": 0.7676470588235295}, "birthDate": {"prec": 0.9477911646586346, "auc": 0.9675382484325677, "f1": 0.9365079365079365, "total": 255, "recall": 0.9254901960784314}, "spouse": {"prec": 0.6011904761904762, "auc": 0.7668335500628228, "f1": 0.6835871404399323, "total": 255, "recall": 0.792156862745098}, "hypernym": {"prec": 0.791095890410959, "auc": 0.8437332498213068, "f1": 0.8446069469835465, "total": 255, "recall": 0.9058823529411765}, "NA": {"prec": 0.0, "auc": 0.0, "f1": 0.0, "total": 0, "recall": 0.0}, "birthPlace": {"prec": 0.5463917525773195, "auc": 0.6467238854415561, "f1": 0.6594090202177294, "total": 255, "recall": 0.8313725490196079}}