{"birthPlace": {"f1": 0.5816618911174785, "auc": 0.5001793944409929, "prec": 0.4720930232558139, "recall": 0.7574626865671642}, "birthDate": {"f1": 0.7791304347826086, "auc": 0.8128339021702926, "prec": 0.7296416938110749, "recall": 0.835820895522388}, "NA": {"f1": 0.0, "auc": 0.0, "prec": 0.0, "recall": 0.0}, "total": {"f1": 0.6803446860894542, "auc": 0.6835391597169349, "prec": 0.6073260073260073, "recall": 0.773320895522388}, "hypernym": {"f1": 0.5692541856925418, "auc": 0.525143633484537, "prec": 0.480719794344473, "recall": 0.6977611940298507}, "spouse": {"f1": 0.9119718309859155, "auc": 0.9166868393999302, "prec": 0.8633333333333333, "recall": 0.9664179104477612}}