{"NA": {"prec": 0.0, "recall": 0.0, "f1": 0.0, "auc": 0.0, "total": 0}, "spouse": {"prec": 0.6296296296296297, "recall": 0.8, "f1": 0.7046632124352332, "auc": 0.7699926199107512, "total": 255}, "birthDate": {"prec": 0.921875, "recall": 0.9254901960784314, "f1": 0.9236790606653621, "auc": 0.9649205859213347, "total": 255}, "birthPlace": {"prec": 0.5923566878980892, "recall": 0.7294117647058823, "f1": 0.6537785588752197, "auc": 0.6495664227671635, "total": 255}, "hypernym": {"prec": 0.7697594501718213, "recall": 0.8784313725490196, "f1": 0.8205128205128206, "auc": 0.839162940281276, "total": 255}, "total": {"prec": 0.7407749077490775, "recall": 0.7872549019607843, "f1": 0.7633079847908745, "auc": 0.8394703008239978, "total": 1020}}