{"hypernym": {"f1": 0.5390505359877489, "prec": 0.44221105527638194, "recall": 0.6901960784313725, "auc": 0.44610509040369034}, "birthPlace": {"f1": 0.5990180032733224, "prec": 0.5140449438202247, "recall": 0.7176470588235294, "auc": 0.6053540662422283}, "spouse": {"f1": 0.8674242424242424, "prec": 0.8388278388278388, "recall": 0.8980392156862745, "auc": 0.8528717230323319}, "NA": {"f1": 0.0, "prec": 0.0, "recall": 0.0, "auc": 0.0}, "birthDate": {"f1": 0.7508532423208192, "prec": 0.6646525679758308, "recall": 0.8627450980392157, "auc": 0.8005647679951234}, "total": {"f1": 0.6402609506057783, "prec": 0.6101243339253997, "recall": 0.6735294117647059, "auc": 0.6665445209565539}}