{"NA": {"recall": 0.0, "total": 0, "f1": 0.0, "prec": 0.0, "auc": 0.0}, "birthDate": {"recall": 0.9294117647058824, "total": 255, "f1": 0.9461077844311377, "prec": 0.9634146341463414, "auc": 0.9788317378901595}, "hypernym": {"recall": 0.8823529411764706, "total": 255, "f1": 0.8348794063079779, "prec": 0.7922535211267606, "auc": 0.8919826879287345}, "spouse": {"recall": 0.6705882352941176, "total": 255, "f1": 0.7245762711864406, "prec": 0.7880184331797235, "auc": 0.7977272860900254}, "total": {"recall": 0.8049019607843138, "total": 1020, "f1": 0.7852702056432329, "prec": 0.7665732959850607, "auc": 0.8737402873332213}, "birthPlace": {"recall": 0.7647058823529411, "total": 255, "f1": 0.6759098786828422, "prec": 0.6055900621118012, "auc": 0.6966065084750366}}