{"hypernym": {"auc": 0.8769819151291044, "recall": 0.8880597014925373, "total": 268, "f1": 0.8530465949820788, "prec": 0.8206896551724138}, "NA": {"auc": 0.0, "recall": 0.0, "total": 0, "f1": 0.0, "prec": 0.0}, "birthDate": {"auc": 0.9854405982958347, "recall": 0.9067164179104478, "total": 268, "f1": 0.9455252918287936, "prec": 0.9878048780487805}, "birthPlace": {"auc": 0.7344013471388116, "recall": 0.6753731343283582, "total": 268, "f1": 0.6779026217228464, "prec": 0.6804511278195489}, "total": {"auc": 0.8712556692551091, "recall": 0.8190298507462687, "total": 1072, "f1": 0.7945701357466063, "prec": 0.7715289982425307}, "spouse": {"auc": 0.761096549500839, "recall": 0.7761194029850746, "total": 268, "f1": 0.7247386759581882, "prec": 0.6797385620915033}}