{"hypernym": {"f1": 0.8560885608856089, "total": 268, "recall": 0.8656716417910447, "auc": 0.9048049015905807, "prec": 0.8467153284671532}, "birthPlace": {"f1": 0.6450450450450451, "total": 268, "recall": 0.667910447761194, "auc": 0.6781969529129181, "prec": 0.6236933797909407}, "NA": {"f1": 0.0, "total": 0, "recall": 0.0, "auc": 0.0, "prec": 0.0}, "birthDate": {"f1": 0.9520153550863724, "total": 268, "recall": 0.9253731343283582, "auc": 0.9850610783205747, "prec": 0.9802371541501976}, "spouse": {"f1": 0.7031802120141343, "total": 268, "recall": 0.7425373134328358, "auc": 0.7705345863449966, "prec": 0.6677852348993288}, "total": {"f1": 0.7811038353601496, "total": 1072, "recall": 0.7789179104477612, "auc": 0.8721458652514894, "prec": 0.7833020637898687}}