{"birthDate": {"recall": 0.9529411764705882, "auc": 0.9751392515051184, "prec": 0.9455252918287937, "f1": 0.9492187499999999, "total": 255}, "spouse": {"recall": 0.8235294117647058, "auc": 0.7767200156445737, "prec": 0.6104651162790697, "f1": 0.7011686143572621, "total": 255}, "total": {"recall": 0.8107843137254902, "auc": 0.8705179355465718, "prec": 0.7484162895927602, "f1": 0.7783529411764706, "total": 1020}, "NA": {"recall": 0.0, "auc": 0.0, "prec": 0.0, "f1": 0.0, "total": 0}, "hypernym": {"recall": 0.8627450980392157, "auc": 0.8857646867817258, "prec": 0.7971014492753623, "f1": 0.8286252354048964, "total": 255}, "birthPlace": {"recall": 0.8431372549019608, "auc": 0.7205390051375621, "prec": 0.5702917771883289, "f1": 0.680379746835443, "total": 255}}