{"hypernym": {"total": 255, "prec": 0.7635782747603834, "f1": 0.8415492957746479, "recall": 0.9372549019607843, "auc": 0.8792668043845725}, "total": {"total": 1020, "prec": 0.7120331950207469, "f1": 0.7712359550561798, "recall": 0.8411764705882353, "auc": 0.8609800900637172}, "birthDate": {"total": 255, "prec": 0.9455252918287937, "f1": 0.9492187499999999, "recall": 0.9529411764705882, "auc": 0.9763670797021254}, "spouse": {"total": 255, "prec": 0.6366666666666667, "f1": 0.6882882882882884, "recall": 0.7490196078431373, "auc": 0.7785882364360648}, "NA": {"total": 0, "prec": 0.0, "f1": 0.0, "recall": 0.0, "auc": 0.0}, "birthPlace": {"total": 255, "prec": 0.5672043010752689, "f1": 0.6730462519936204, "recall": 0.8274509803921568, "auc": 0.6714859121803827}}