{"spouse": {"prec": 0.8518518518518519, "auc": 0.8731527710036819, "recall": 0.9921568627450981, "f1": 0.9166666666666666}, "birthPlace": {"prec": 0.4327485380116959, "auc": 0.5305705992777826, "recall": 0.8705882352941177, "f1": 0.578125}, "total": {"prec": 0.611239414934565, "auc": 0.7080054372829008, "recall": 0.7784313725490196, "f1": 0.6847779215178956}, "birthDate": {"prec": 0.7377622377622378, "auc": 0.8406237700127157, "recall": 0.8274509803921568, "f1": 0.7800369685767098}, "NA": {"prec": 0.0, "auc": 0.0, "recall": 0.0, "f1": 0.0}, "hypernym": {"prec": 0.4986072423398329, "auc": 0.5424513288310221, "recall": 0.7019607843137254, "f1": 0.5830618892508144}}