{"NA": {"recall": 0.0, "auc": 0.0, "prec": 0.0, "f1": 0.0}, "total": {"recall": 0.7779850746268657, "auc": 0.7898035559012395, "prec": 0.7032040472175379, "f1": 0.7387068201948628}, "spouse": {"recall": 1.0, "auc": 0.8923756442625985, "prec": 0.8701298701298701, "f1": 0.9305555555555556}, "birthPlace": {"recall": 0.7947761194029851, "auc": 0.5836034470858659, "prec": 0.5011764705882353, "f1": 0.6147186147186147}, "hypernym": {"recall": 0.7388059701492538, "auc": 0.6808849560508234, "prec": 0.6149068322981367, "f1": 0.6711864406779661}, "birthDate": {"recall": 0.8246268656716418, "auc": 0.8350597502509364, "prec": 0.7106109324758842, "f1": 0.7633851468048359}}