{"birthDate": {"f1": 0.3996865203761755, "auc": 0.24239635227598197, "prec": 0.24975514201762977, "recall": 1.0}, "hypernym": {"f1": 0.39936858721389107, "auc": 0.24816578188737362, "prec": 0.25, "recall": 0.9921568627450981}, "birthPlace": {"f1": 0.3978159126365054, "auc": 0.2763165791491189, "prec": 0.24829600778967867, "recall": 1.0}, "spouse": {"f1": 0.39874902267396406, "auc": 0.2521239059269665, "prec": 0.2490234375, "recall": 1.0}, "total": {"f1": 0.3973509933774834, "auc": 0.2481128113715358, "prec": 0.24793388429752067, "recall": 1.0}, "NA": {"f1": 0.0, "auc": 0.0, "prec": 0.0, "recall": 0.0}}