{"birthPlace": {"total": 268, "prec": 0.5485714285714286, "f1": 0.6213592233009708, "auc": 0.6306735957032681, "recall": 0.7164179104477612}, "NA": {"total": 0, "prec": 0.0, "f1": 0.0, "auc": 0.0, "recall": 0.0}, "hypernym": {"total": 268, "prec": 0.7299703264094956, "f1": 0.8132231404958677, "auc": 0.8440003035890706, "recall": 0.917910447761194}, "birthDate": {"total": 268, "prec": 0.9341085271317829, "f1": 0.9163498098859315, "auc": 0.9648996563402737, "recall": 0.8992537313432836}, "spouse": {"total": 268, "prec": 0.6298507462686567, "f1": 0.6998341625207296, "auc": 0.7679624311405411, "recall": 0.7873134328358209}, "total": {"total": 1072, "prec": 0.7519157088122606, "f1": 0.7419659735349716, "auc": 0.8269932056216645, "recall": 0.7322761194029851}}