{"NA": {"f1": 0.0, "auc": 0.0, "prec": 0.0, "recall": 0.0}, "birthPlace": {"f1": 0.5945072697899838, "auc": 0.5483182589387019, "prec": 0.5054945054945055, "recall": 0.7215686274509804}, "spouse": {"f1": 0.9120287253141831, "auc": 0.9175421694692527, "prec": 0.8410596026490066, "recall": 0.996078431372549}, "total": {"f1": 0.7199999999999999, "auc": 0.7820107492965271, "prec": 0.6413793103448275, "recall": 0.8205882352941176}, "hypernym": {"f1": 0.6426229508196722, "auc": 0.6293734883702223, "prec": 0.5521126760563381, "recall": 0.7686274509803922}, "birthDate": {"f1": 0.7669724770642202, "auc": 0.8423514502380244, "prec": 0.7206896551724138, "recall": 0.8196078431372549}}