{"NA": {"prec": 0.0, "recall": 0.0, "f1": 0.0, "auc": 0.0, "total": 0}, "spouse": {"prec": 0.5736434108527132, "recall": 0.8283582089552238, "f1": 0.6778625954198474, "auc": 0.6511866322352632, "total": 268}, "birthDate": {"prec": 0.939622641509434, "recall": 0.9291044776119403, "f1": 0.9343339587242026, "auc": 0.9781853484598917, "total": 268}, "birthPlace": {"prec": 0.44234800838574423, "recall": 0.7873134328358209, "f1": 0.5664429530201341, "auc": 0.5123836827751849, "total": 268}, "hypernym": {"prec": 0.7005649717514124, "recall": 0.9253731343283582, "f1": 0.797427652733119, "auc": 0.7292661605885067, "total": 268}, "total": {"prec": 0.6387096774193548, "recall": 0.8311567164179104, "f1": 0.7223348196189704, "auc": 0.7225182942205798, "total": 1072}}