{"hypernym": {"prec": 0.7849829351535836, "recall": 0.9019607843137255, "f1": 0.8394160583941606, "auc": 0.8598456668454574}, "birthPlace": {"prec": 0.6068111455108359, "recall": 0.7686274509803922, "f1": 0.6782006920415226, "auc": 0.6870718228960275}, "NA": {"prec": 0.0, "recall": 0.0, "f1": 0.0, "auc": 0.0}, "birthDate": {"prec": 0.9457364341085271, "recall": 0.9568627450980393, "f1": 0.9512670565302145, "auc": 0.9795887578185845}, "total": {"prec": 0.7638888888888888, "recall": 0.8088235294117647, "f1": 0.7857142857142858, "auc": 0.8591966146474904}, "spouse": {"prec": 0.6598639455782312, "recall": 0.7607843137254902, "f1": 0.7067395264116575, "auc": 0.7790529814226971}}