{"hypernym": {"f1": 0.6779661016949152, "auc": 0.6551308516448068, "prec": 0.5970149253731343, "recall": 0.7843137254901961}, "spouse": {"f1": 0.9156193895870736, "auc": 0.929879037955624, "prec": 0.8443708609271523, "recall": 1.0}, "birthDate": {"f1": 0.7965811965811965, "auc": 0.8481698541656403, "prec": 0.706060606060606, "recall": 0.9137254901960784}, "total": {"f1": 0.7343749999999999, "auc": 0.7918099236513538, "prec": 0.6911764705882353, "recall": 0.7833333333333333}, "NA": {"f1": 0.0, "auc": 0.0, "prec": 0.0, "recall": 0.0}, "birthPlace": {"f1": 0.6134453781512605, "auc": 0.5738471206723318, "prec": 0.477124183006536, "recall": 0.8588235294117647}}