{"hypernym": {"f1": 0.8353982300884956, "auc": 0.8734822560875871, "recall": 0.9254901960784314, "prec": 0.7612903225806451, "total": 255}, "birthPlace": {"f1": 0.6815834767641997, "auc": 0.7038348374676598, "recall": 0.7764705882352941, "prec": 0.6073619631901841, "total": 255}, "spouse": {"f1": 0.713472485768501, "auc": 0.7918248230173293, "recall": 0.7372549019607844, "prec": 0.6911764705882353, "total": 255}, "birthDate": {"f1": 0.948207171314741, "auc": 0.9781027345547961, "recall": 0.9333333333333333, "prec": 0.9635627530364372, "total": 255}, "NA": {"f1": 0.0, "auc": 0.0, "recall": 0.0, "prec": 0.0, "total": 0}, "total": {"f1": 0.7847980997624703, "auc": 0.8705895453991743, "recall": 0.8098039215686275, "prec": 0.7612903225806451, "total": 1020}}