{"NA": {"prec": 0.0, "recall": 0.0, "f1": 0.0, "auc": 0.0, "total": 0}, "spouse": {"prec": 0.6, "recall": 0.7835820895522388, "f1": 0.6796116504854369, "auc": 0.7132671984311648, "total": 268}, "birthDate": {"prec": 0.8846153846153846, "recall": 0.9440298507462687, "f1": 0.9133574007220218, "auc": 0.9664762962930399, "total": 268}, "birthPlace": {"prec": 0.5026315789473684, "recall": 0.7126865671641791, "f1": 0.5895061728395061, "auc": 0.6519589133012935, "total": 268}, "hypernym": {"prec": 0.7435064935064936, "recall": 0.8544776119402985, "f1": 0.795138888888889, "auc": 0.8400263691922827, "total": 268}, "total": {"prec": 0.7172351885098743, "recall": 0.7453358208955224, "f1": 0.7310155535224153, "auc": 0.8213034600188082, "total": 1072}}