{"NA": {"recall": 0.0, "f1": 0.0, "prec": 0.0, "auc": 0.0}, "total": {"recall": 0.7705882352941177, "f1": 0.7207702888583218, "prec": 0.6770025839793282, "auc": 0.7491939579445164}, "spouse": {"recall": 1.0, "f1": 0.9172661870503597, "prec": 0.8471760797342193, "auc": 0.8711908892735264}, "birthPlace": {"recall": 0.6862745098039216, "f1": 0.5942275042444822, "prec": 0.5239520958083832, "auc": 0.5639503749425043}, "birthDate": {"recall": 0.7803921568627451, "f1": 0.766859344894027, "prec": 0.7537878787878788, "auc": 0.8228899704948714}, "hypernym": {"recall": 0.7137254901960784, "f1": 0.6642335766423358, "prec": 0.621160409556314, "auc": 0.6199823876543711}}