{"total": {"f1": 0.7732610659439927, "auc": 0.8542317382159369, "recall": 0.7985074626865671, "prec": 0.7495621716287215}, "spouse": {"f1": 0.7171717171717172, "auc": 0.7624744373692622, "recall": 0.7947761194029851, "prec": 0.6533742331288344}, "birthPlace": {"f1": 0.6297468354430379, "auc": 0.6443360664585344, "recall": 0.7425373134328358, "prec": 0.5467032967032966}, "birthDate": {"f1": 0.9463955637707948, "auc": 0.980636535277712, "recall": 0.9552238805970149, "prec": 0.9377289377289377}, "hypernym": {"f1": 0.8468468468468469, "auc": 0.877139215956704, "recall": 0.8768656716417911, "prec": 0.818815331010453}, "NA": {"f1": 0.0, "auc": 0.0, "recall": 0.0, "prec": 0.0}}