{"hypernym": {"prec": 0.24952380952380954, "auc": 0.23614203165477382, "recall": 0.9776119402985075, "f1": 0.39757207890743557}, "NA": {"prec": 0.0, "auc": 0.0, "recall": 0.0, "f1": 0.0}, "total": {"prec": 0.24391353811149033, "auc": 0.26303841619644025, "recall": 1.0, "f1": 0.39217120907261754}, "birthDate": {"prec": 0.24341507720254316, "auc": 0.3158872291750757, "recall": 1.0, "f1": 0.3915266617969321}, "spouse": {"prec": 0.26495726495726496, "auc": 0.2666520025331221, "recall": 0.9253731343283582, "f1": 0.4119601328903655}, "birthPlace": {"prec": 0.2454212454212454, "auc": 0.2565444849283056, "recall": 1.0, "f1": 0.3941176470588235}}