{"NA": {"recall": 0.0, "auc": 0.0, "prec": 0.0, "f1": 0.0}, "birthPlace": {"recall": 0.6823529411764706, "auc": 0.5726618360336431, "prec": 0.5337423312883436, "f1": 0.5989672977624785}, "hypernym": {"recall": 0.7294117647058823, "auc": 0.6041463992969885, "prec": 0.5867507886435331, "f1": 0.6503496503496504}, "birthDate": {"recall": 0.7450980392156863, "auc": 0.8256611621489884, "prec": 0.7630522088353414, "f1": 0.753968253968254}, "spouse": {"recall": 0.9764705882352941, "auc": 0.8903086525130527, "prec": 0.867595818815331, "f1": 0.918819188191882}, "total": {"recall": 0.7813725490196078, "auc": 0.770776200329228, "prec": 0.6720067453625632, "f1": 0.7225747960108794}}