{"NA": {"auc": 0.0, "f1": 0.0, "prec": 0.0, "recall": 0.0, "total": 0}, "birthDate": {"auc": 0.9752028397975553, "f1": 0.9473684210526314, "prec": 0.9418604651162791, "recall": 0.9529411764705882, "total": 255}, "birthPlace": {"auc": 0.6725085952129329, "f1": 0.664440734557596, "prec": 0.5784883720930233, "recall": 0.7803921568627451, "total": 255}, "spouse": {"auc": 0.7686793219640139, "f1": 0.6934865900383141, "prec": 0.6779026217228464, "recall": 0.7098039215686275, "total": 255}, "hypernym": {"auc": 0.8601333571138144, "f1": 0.8222621184919209, "prec": 0.7582781456953642, "recall": 0.8980392156862745, "total": 255}, "total": {"auc": 0.8509810588251999, "f1": 0.7634703196347032, "prec": 0.7145299145299145, "recall": 0.8196078431372549, "total": 1020}}