{"NA": {"prec": 0.0, "recall": 0.0, "f1": 0.0, "auc": 0.0, "total": 0}, "spouse": {"prec": 0.609375, "recall": 0.7647058823529411, "f1": 0.6782608695652174, "auc": 0.6544647438195987, "total": 255}, "birthDate": {"prec": 0.9407114624505929, "recall": 0.9333333333333333, "f1": 0.9370078740157479, "auc": 0.9732674143229983, "total": 255}, "birthPlace": {"prec": 0.45257452574525747, "recall": 0.6549019607843137, "f1": 0.5352564102564102, "auc": 0.4662404969803437, "total": 255}, "hypernym": {"prec": 0.6820987654320988, "recall": 0.8666666666666667, "f1": 0.7633851468048359, "auc": 0.708160983529462, "total": 255}, "total": {"prec": 0.6215407629020194, "recall": 0.8147058823529412, "f1": 0.7051336444633007, "auc": 0.7140371467205011, "total": 1020}}