{"hypernym": {"f1": 0.8121827411167513, "recall": 0.8955223880597015, "prec": 0.7430340557275542, "total": 268, "auc": 0.854535697707258}, "birthDate": {"f1": 0.9521988527724665, "recall": 0.9291044776119403, "prec": 0.9764705882352941, "total": 268, "auc": 0.9823161728820087}, "birthPlace": {"f1": 0.6643835616438356, "recall": 0.7238805970149254, "prec": 0.6139240506329114, "total": 268, "auc": 0.6742643302933716}, "total": {"f1": 0.7773242630385488, "recall": 0.7994402985074627, "prec": 0.7563989408649603, "total": 1072, "auc": 0.8575696201031655}, "spouse": {"f1": 0.7290969899665551, "recall": 0.8134328358208955, "prec": 0.6606060606060606, "total": 268, "auc": 0.7607421187408803}, "NA": {"f1": 0.0, "recall": 0.0, "prec": 0.0, "total": 0, "auc": 0.0}}