{"NA": {"prec": 0.0, "recall": 0.0, "f1": 0.0, "auc": 0.0, "total": 0}, "spouse": {"prec": 0.65814696485623, "recall": 0.7686567164179104, "f1": 0.7091222030981068, "auc": 0.7542471324584576, "total": 268}, "birthDate": {"prec": 0.9368029739776952, "recall": 0.9402985074626866, "f1": 0.9385474860335196, "auc": 0.9741597009711519, "total": 268}, "birthPlace": {"prec": 0.5390243902439025, "recall": 0.8246268656716418, "f1": 0.6519174041297936, "auc": 0.6442570133079972, "total": 268}, "hypernym": {"prec": 0.7368421052631579, "recall": 0.8880597014925373, "f1": 0.805414551607445, "auc": 0.828835202856526, "total": 268}, "total": {"prec": 0.7080994386527666, "recall": 0.8236940298507462, "f1": 0.7615351444588184, "auc": 0.8299188778729044, "total": 1072}}