{"birthDate": {"prec": 0.9723320158102767, "recall": 0.9647058823529412, "auc": 0.9794321951457462, "f1": 0.9685039370078741}, "spouse": {"prec": 0.7181467181467182, "recall": 0.7294117647058823, "auc": 0.7900940425859438, "f1": 0.7237354085603113}, "total": {"prec": 0.7616534740545294, "recall": 0.8490196078431372, "auc": 0.8868204466349797, "f1": 0.8029670839128418}, "hypernym": {"prec": 0.8409090909090909, "recall": 0.8705882352941177, "auc": 0.921825023147789, "f1": 0.8554913294797689}, "NA": {"prec": 0.0, "recall": 0.0, "auc": 0.0, "f1": 0.0}, "birthPlace": {"prec": 0.6608391608391608, "recall": 0.7411764705882353, "auc": 0.7184822177708209, "f1": 0.6987060998151571}}