{"NA": {"prec": 0.0, "recall": 0.0, "f1": 0.0, "auc": 0.0, "total": 0}, "spouse": {"prec": 0.8528428093645485, "recall": 1.0, "f1": 0.9205776173285198, "auc": 0.8655800544994229, "total": 255}, "birthDate": {"prec": 0.7466216216216216, "recall": 0.8666666666666667, "f1": 0.8021778584392015, "auc": 0.8529266765686648, "total": 255}, "birthPlace": {"prec": 0.5709219858156028, "recall": 0.6313725490196078, "f1": 0.5996275605214153, "auc": 0.5637077866808651, "total": 255}, "hypernym": {"prec": 0.5421348314606742, "recall": 0.7568627450980392, "f1": 0.6317512274959084, "auc": 0.6147919335045705, "total": 255}, "total": {"prec": 0.6738768718801996, "recall": 0.7941176470588235, "f1": 0.729072907290729, "auc": 0.7588048755146215, "total": 1020}}