{"birthPlace": {"auc": 0.6994559720153226, "f1": 0.6821428571428572, "recall": 0.7490196078431373, "prec": 0.6262295081967213}, "hypernym": {"auc": 0.9007153189970786, "f1": 0.8452380952380952, "recall": 0.8352941176470589, "prec": 0.8554216867469879}, "total": {"auc": 0.875138738783745, "f1": 0.7909552376557452, "recall": 0.8401960784313726, "prec": 0.7471665213600698}, "birthDate": {"auc": 0.9801735639769654, "f1": 0.9523809523809523, "recall": 0.9411764705882353, "prec": 0.963855421686747}, "spouse": {"auc": 0.7881419130774306, "f1": 0.7262969588550983, "recall": 0.796078431372549, "prec": 0.6677631578947368}, "NA": {"auc": 0.0, "f1": 0.0, "recall": 0.0, "prec": 0.0}}