{"NA": {"prec": 0.0, "recall": 0.0, "f1": 0.0, "auc": 0.0, "total": 0}, "spouse": {"prec": 0.8466666666666667, "recall": 0.996078431372549, "f1": 0.9153153153153153, "auc": 0.9101185308249132, "total": 255}, "birthDate": {"prec": 0.7077922077922078, "recall": 0.8549019607843137, "f1": 0.7744227353463587, "auc": 0.8364353549018511, "total": 255}, "birthPlace": {"prec": 0.5038363171355499, "recall": 0.7725490196078432, "f1": 0.6099071207430341, "auc": 0.5922352969540684, "total": 255}, "hypernym": {"prec": 0.5388739946380697, "recall": 0.788235294117647, "f1": 0.6401273885350319, "auc": 0.6463811931658527, "total": 255}, "total": {"prec": 0.660031847133758, "recall": 0.8127450980392157, "f1": 0.7284710017574693, "auc": 0.7788345761185695, "total": 1020}}