{"birthPlace": {"recall": 0.796078431372549, "prec": 0.5750708215297451, "f1": 0.6677631578947367, "auc": 0.6739992076109479, "total": 255}, "total": {"recall": 0.7980392156862746, "prec": 0.7474747474747475, "f1": 0.7719298245614035, "auc": 0.8685539399094889, "total": 1020}, "birthDate": {"recall": 0.9254901960784314, "prec": 0.9554655870445344, "f1": 0.9402390438247012, "auc": 0.9766505711766235, "total": 255}, "NA": {"recall": 0.0, "prec": 0.0, "f1": 0.0, "auc": 0.0, "total": 0}, "hypernym": {"recall": 0.8235294117647058, "prec": 0.8571428571428571, "f1": 0.84, "auc": 0.9108621199871649, "total": 255}, "spouse": {"recall": 0.6980392156862745, "prec": 0.7035573122529645, "f1": 0.7007874015748031, "auc": 0.7825651882159536, "total": 255}}