{"total": {"f1": 0.7489251934651762, "prec": 0.6945773524720893, "auc": 0.799315118982741, "recall": 0.8125}, "hypernym": {"f1": 0.6818923327895595, "prec": 0.6057971014492753, "auc": 0.7191995042490504, "recall": 0.7798507462686567}, "birthPlace": {"f1": 0.6261980830670926, "prec": 0.547486033519553, "auc": 0.5842453689867171, "recall": 0.7313432835820896}, "spouse": {"f1": 0.9305555555555556, "prec": 0.8701298701298701, "auc": 0.8972062938477192, "recall": 1.0}, "NA": {"f1": 0.0, "prec": 0.0, "auc": 0.0, "recall": 0.0}, "birthDate": {"f1": 0.7892074198988196, "prec": 0.72, "auc": 0.8596552305558972, "recall": 0.8731343283582089}}