{"birthPlace": {"auc": 0.681645030731146, "f1": 0.6489859594383776, "total": 268, "prec": 0.5576407506702413, "recall": 0.7761194029850746}, "total": {"auc": 0.8496224866012868, "f1": 0.7786616752456715, "total": 1072, "prec": 0.7812206572769953, "recall": 0.7761194029850746}, "spouse": {"auc": 0.7639397413921695, "f1": 0.7285464098073555, "total": 268, "prec": 0.6864686468646864, "recall": 0.7761194029850746}, "hypernym": {"auc": 0.8684822102290232, "f1": 0.8330341113105924, "total": 268, "prec": 0.8027681660899654, "recall": 0.8656716417910447}, "birthDate": {"auc": 0.9744255751124212, "f1": 0.9380863039399625, "total": 268, "prec": 0.9433962264150944, "recall": 0.9328358208955224}, "NA": {"auc": 0.0, "f1": 0.0, "total": 0, "prec": 0.0, "recall": 0.0}}