{"NA": {"prec": 0.0, "recall": 0.0, "f1": 0.0, "auc": 0.0, "total": 0}, "spouse": {"prec": 0.5707070707070707, "recall": 0.8432835820895522, "f1": 0.680722891566265, "auc": 0.6595153657834828, "total": 268}, "birthDate": {"prec": 0.9644268774703557, "recall": 0.9104477611940298, "f1": 0.9366602687140115, "auc": 0.9774529073405742, "total": 268}, "birthPlace": {"prec": 0.4405940594059406, "recall": 0.664179104477612, "f1": 0.5297619047619049, "auc": 0.4962766760941696, "total": 268}, "hypernym": {"prec": 0.6539589442815249, "recall": 0.832089552238806, "f1": 0.7323481116584565, "auc": 0.6912371110906076, "total": 268}, "total": {"prec": 0.6316998468606432, "recall": 0.769589552238806, "f1": 0.6938603868797308, "auc": 0.7169439260416564, "total": 1072}}