{"spouse": {"auc": 0.7853704992533475, "total": 268, "recall": 0.7014925373134329, "f1": 0.7416173570019725, "prec": 0.7866108786610879}, "birthDate": {"auc": 0.9806435187741562, "total": 268, "recall": 0.9402985074626866, "f1": 0.9455909943714822, "prec": 0.9509433962264151}, "birthPlace": {"auc": 0.6747560429012437, "total": 268, "recall": 0.8507462686567164, "f1": 0.6589595375722543, "prec": 0.5377358490566038}, "NA": {"auc": 0.0, "total": 0, "recall": 0.0, "f1": 0.0, "prec": 0.0}, "hypernym": {"auc": 0.8883242808370307, "total": 268, "recall": 0.8656716417910447, "f1": 0.8300536672629695, "prec": 0.7972508591065293}, "total": {"auc": 0.867170664476436, "total": 1072, "recall": 0.7565298507462687, "f1": 0.7816867469879519, "prec": 0.8085742771684945}}