{"birthDate": {"f1": 0.9561752988047808, "prec": 0.97165991902834, "recall": 0.9411764705882353, "total": 255, "auc": 0.9832646357154821}, "spouse": {"f1": 0.7269076305220884, "prec": 0.7448559670781894, "recall": 0.7098039215686275, "total": 255, "auc": 0.8095250808307289}, "total": {"f1": 0.7941912869303956, "prec": 0.8116683725690891, "recall": 0.7774509803921569, "total": 1020, "auc": 0.8852960282051181}, "NA": {"f1": 0.0, "prec": 0.0, "recall": 0.0, "total": 0, "auc": 0.0}, "birthPlace": {"f1": 0.6776119402985075, "prec": 0.5469879518072289, "recall": 0.8901960784313725, "total": 255, "auc": 0.7133403703764628}, "hypernym": {"f1": 0.8407407407407408, "prec": 0.7964912280701755, "recall": 0.8901960784313725, "total": 255, "auc": 0.9077401230638545}}