{"birthPlace": {"recall": 0.7313432835820896, "auc": 0.5070984188154468, "f1": 0.5921450151057401, "prec": 0.49746192893401014}, "birthDate": {"recall": 0.7761194029850746, "auc": 0.815873603483917, "f1": 0.7746741154562383, "prec": 0.7732342007434945}, "hypernym": {"recall": 0.6194029850746269, "auc": 0.5467677390476765, "f1": 0.5684931506849316, "prec": 0.5253164556962026}, "total": {"recall": 0.7397388059701493, "auc": 0.7140292997569923, "f1": 0.6956140350877194, "prec": 0.6564569536423841}, "NA": {"recall": 0.0, "auc": 0.0, "f1": 0.0, "prec": 0.0}, "spouse": {"recall": 0.9925373134328358, "auc": 0.9200257167540516, "f1": 0.9300699300699301, "prec": 0.875}}