{"birthDate": {"f1": 0.7950530035335689, "prec": 0.7550335570469798, "recall": 0.8395522388059702, "auc": 0.8494818738251958}, "spouse": {"f1": 0.9305555555555556, "prec": 0.8701298701298701, "recall": 1.0, "auc": 0.9074316891251767}, "NA": {"f1": 0.0, "prec": 0.0, "recall": 0.0, "auc": 0.0}, "birthPlace": {"f1": 0.6432748538011696, "prec": 0.5288461538461539, "recall": 0.8208955223880597, "auc": 0.5816000401028393}, "total": {"f1": 0.7495840266222963, "prec": 0.6764264264264265, "recall": 0.8404850746268657, "auc": 0.79913532586604}, "hypernym": {"f1": 0.6784660766961652, "prec": 0.5609756097560976, "recall": 0.8582089552238806, "auc": 0.7289851519636523}}