{"total": {"prec": 0.6242677824267783, "auc": 0.6911267748584738, "recall": 0.7313725490196078, "f1": 0.6735891647855531}, "birthPlace": {"prec": 0.46403712296983757, "auc": 0.5384160337201708, "recall": 0.7843137254901961, "f1": 0.5830903790087463}, "birthDate": {"prec": 0.6996587030716723, "auc": 0.8187327267027775, "recall": 0.803921568627451, "f1": 0.7481751824817519}, "NA": {"prec": 0.0, "auc": 0.0, "recall": 0.0, "f1": 0.0}, "spouse": {"prec": 0.8333333333333334, "auc": 0.8709236425565363, "recall": 0.9215686274509803, "f1": 0.8752327746741154}, "hypernym": {"prec": 0.4408817635270541, "auc": 0.5500494707147919, "recall": 0.8627450980392157, "f1": 0.583554376657825}}