{"hypernym": {"prec": 0.5987654320987654, "recall": 0.7238805970149254, "auc": 0.6550057175129304, "f1": 0.6554054054054054}, "NA": {"prec": 0.0, "recall": 0.0, "auc": 0.0, "f1": 0.0}, "total": {"prec": 0.6803874092009685, "recall": 0.7863805970149254, "auc": 0.7662711752903002, "f1": 0.7295543054954564}, "spouse": {"prec": 0.8673139158576052, "recall": 1.0, "auc": 0.8409992934284302, "f1": 0.92894280762565}, "birthPlace": {"prec": 0.5389221556886228, "recall": 0.6716417910447762, "auc": 0.5880747670127354, "f1": 0.5980066445182726}, "birthDate": {"prec": 0.7464285714285714, "recall": 0.7798507462686567, "auc": 0.8147970547564152, "f1": 0.7627737226277372}}