{"NA": {"prec": 0.0, "recall": 0.0, "f1": 0.0, "auc": 0.0, "total": 0}, "spouse": {"prec": 0.24829600778967867, "recall": 1.0, "f1": 0.3978159126365054, "auc": 0.24891952809047013, "total": 255}, "birthDate": {"prec": 0.2480544747081712, "recall": 1.0, "f1": 0.3975058456742011, "auc": 0.24726061171785546, "total": 255}, "birthPlace": {"prec": 0.2478134110787172, "recall": 1.0, "f1": 0.39719626168224303, "auc": 0.245861337416135, "total": 255}, "hypernym": {"prec": 0.24853801169590642, "recall": 1.0, "f1": 0.3981264637002342, "auc": 0.2494064306415854, "total": 255}, "total": {"prec": 0.2476930548810102, "recall": 1.0, "f1": 0.39704165044764506, "auc": 0.24805710353201044, "total": 1020}}