{"total": {"total": 1020, "prec": 0.6695790309769658, "recall": 0.8264705882352941, "auc": 0.7953097755168875, "f1": 0.7397981570864415}, "NA": {"total": 0, "prec": 0.0, "recall": 0.0, "auc": 0.0, "f1": 0.0}, "hypernym": {"total": 255, "prec": 0.5674931129476584, "recall": 0.807843137254902, "auc": 0.6642657218111202, "f1": 0.6666666666666666}, "spouse": {"total": 255, "prec": 0.8466666666666667, "recall": 0.996078431372549, "auc": 0.9165109852576159, "f1": 0.9153153153153153}, "birthDate": {"total": 255, "prec": 0.7943548387096774, "recall": 0.7725490196078432, "auc": 0.8518119893894006, "f1": 0.7833001988071571}, "birthPlace": {"total": 255, "prec": 0.5652173913043478, "recall": 0.6627450980392157, "auc": 0.5773693750571371, "f1": 0.6101083032490975}}