{"total": {"f1": 0.7890729959695477, "prec": 0.7588285960378983, "auc": 0.8750669020224588, "recall": 0.8218283582089553}, "birthPlace": {"f1": 0.6619217081850535, "prec": 0.6326530612244898, "auc": 0.704156344893289, "recall": 0.6940298507462687}, "spouse": {"f1": 0.727580372250423, "prec": 0.6656346749226006, "auc": 0.7704872786321463, "recall": 0.8022388059701493}, "birthDate": {"f1": 0.952741020793951, "prec": 0.9655172413793104, "auc": 0.9855963337043818, "recall": 0.9402985074626866}, "NA": {"f1": 0.0, "prec": 0.0, "auc": 0.0, "recall": 0.0}, "hypernym": {"f1": 0.8426573426573427, "prec": 0.7927631578947368, "auc": 0.8913294379989307, "recall": 0.8992537313432836}}