{"birthPlace": {"prec": 0.5636363636363636, "recall": 0.8509803921568627, "auc": 0.7099357688580386, "f1": 0.678125}, "birthDate": {"prec": 0.9603174603174603, "recall": 0.9490196078431372, "auc": 0.982285582562415, "f1": 0.9546351084812623}, "total": {"prec": 0.7931034482758621, "recall": 0.7892156862745098, "auc": 0.8787660488110995, "f1": 0.7911547911547913}, "spouse": {"prec": 0.7489177489177489, "recall": 0.6784313725490196, "auc": 0.8029544651163931, "f1": 0.7119341563786008}, "hypernym": {"prec": 0.8611111111111112, "recall": 0.8509803921568627, "auc": 0.9021960438649833, "f1": 0.8560157790927021}, "NA": {"prec": 0.0, "recall": 0.0, "auc": 0.0, "f1": 0.0}}