{"spouse": {"recall": 0.9921568627450981, "prec": 0.8489932885906041, "auc": 0.9028378834087246, "total": 255, "f1": 0.9150090415913201}, "total": {"recall": 0.7588235294117647, "prec": 0.6683937823834197, "auc": 0.7614144370865435, "total": 1020, "f1": 0.7107438016528925}, "hypernym": {"recall": 0.7803921568627451, "prec": 0.5363881401617251, "auc": 0.636159998745983, "total": 255, "f1": 0.6357827476038339}, "NA": {"recall": 0.0, "prec": 0.0, "auc": 0.0, "total": 0, "f1": 0.0}, "birthPlace": {"recall": 0.8666666666666667, "prec": 0.45102040816326533, "auc": 0.555774896020004, "total": 255, "f1": 0.5932885906040269}, "birthDate": {"recall": 0.7215686274509804, "prec": 0.7510204081632653, "auc": 0.8273555022191066, "total": 255, "f1": 0.7360000000000001}}