{"spouse": {"total": 268, "prec": 0.5671641791044776, "auc": 0.6488778967257867, "f1": 0.6805970149253732, "recall": 0.8507462686567164}, "birthPlace": {"total": 268, "prec": 0.43735763097949887, "auc": 0.49800928759820606, "f1": 0.5431400282885431, "recall": 0.7164179104477612}, "total": {"total": 1072, "prec": 0.6242857142857143, "auc": 0.723612418529155, "f1": 0.7071197411003236, "recall": 0.8152985074626866}, "hypernym": {"total": 268, "prec": 0.6757493188010899, "auc": 0.7030603113203847, "f1": 0.7811023622047245, "recall": 0.9253731343283582}, "birthDate": {"total": 268, "prec": 0.9665271966527197, "auc": 0.9696591802935313, "f1": 0.9112426035502958, "recall": 0.8619402985074627}, "NA": {"total": 0, "prec": 0.0, "auc": 0.0, "f1": 0.0, "recall": 0.0}}