{"total": {"prec": 0.7873941674506115, "f1": 0.7840749414519907, "recall": 0.7807835820895522, "auc": 0.8635101080059177}, "hypernym": {"prec": 0.8151815181518152, "f1": 0.8651488616462347, "recall": 0.9216417910447762, "auc": 0.8996519233673996}, "birthDate": {"prec": 0.9589552238805971, "f1": 0.9589552238805971, "recall": 0.9589552238805971, "auc": 0.9820668881004747}, "birthPlace": {"prec": 0.6236933797909407, "f1": 0.6450450450450451, "recall": 0.667910447761194, "auc": 0.6895062434905471}, "NA": {"prec": 0.0, "f1": 0.0, "recall": 0.0, "auc": 0.0}, "spouse": {"prec": 0.6314199395770392, "f1": 0.6978297161936562, "recall": 0.7798507462686567, "auc": 0.7544080687107686}}