{"NA": {"prec": 0.0, "recall": 0.0, "f1": 0.0, "auc": 0.0, "total": 0}, "spouse": {"prec": 0.8523489932885906, "recall": 0.996078431372549, "f1": 0.918625678119349, "auc": 0.884128257874645, "total": 255}, "birthDate": {"prec": 0.697452229299363, "recall": 0.8588235294117647, "f1": 0.7697715289982426, "auc": 0.8263329457473839, "total": 255}, "birthPlace": {"prec": 0.5187165775401069, "recall": 0.7607843137254902, "f1": 0.6168521462639109, "auc": 0.586020825582554, "total": 255}, "hypernym": {"prec": 0.5792682926829268, "recall": 0.7450980392156863, "f1": 0.6518010291595198, "auc": 0.64307820042855, "total": 255}, "total": {"prec": 0.6816182937554969, "recall": 0.7598039215686274, "f1": 0.7185906351414, "auc": 0.7719785175831383, "total": 1020}}