{"total": {"total": 1020, "prec": 0.6593233674272226, "auc": 0.7469686135440202, "f1": 0.7315582714971627, "recall": 0.8215686274509804}, "birthDate": {"total": 255, "prec": 0.948, "auc": 0.9768666687591829, "f1": 0.9386138613861386, "recall": 0.9294117647058824}, "birthPlace": {"total": 255, "prec": 0.4632352941176471, "auc": 0.47982185351091555, "f1": 0.5701357466063348, "recall": 0.7411764705882353}, "NA": {"total": 0, "prec": 0.0, "auc": 0.0, "f1": 0.0, "recall": 0.0}, "spouse": {"total": 255, "prec": 0.5883977900552486, "auc": 0.7049718689210834, "f1": 0.6904376012965965, "recall": 0.8352941176470589}, "hypernym": {"total": 255, "prec": 0.7033639143730887, "auc": 0.7290266324657159, "f1": 0.7903780068728523, "recall": 0.9019607843137255}}