{"NA": {"prec": 0.0, "recall": 0.0, "f1": 0.0, "auc": 0.0, "total": 0}, "spouse": {"prec": 0.24385805277525022, "recall": 1.0, "f1": 0.39209948792977317, "auc": 0.242526310546532, "total": 268}, "birthDate": {"prec": 0.24363636363636362, "recall": 1.0, "f1": 0.391812865497076, "auc": 0.2410253502416521, "total": 268}, "birthPlace": {"prec": 0.24341507720254316, "recall": 1.0, "f1": 0.3915266617969321, "auc": 0.2397625846647139, "total": 268}, "hypernym": {"prec": 0.24408014571949, "recall": 1.0, "f1": 0.39238653001464124, "auc": 0.24290043731737307, "total": 268}, "total": {"prec": 0.24347036111741993, "recall": 1.0, "f1": 0.39159817351598175, "auc": 0.24306703714262606, "total": 1072}}