{"NA": {"recall": 0.0, "f1": 0.0, "auc": 0.0, "prec": 0.0}, "birthDate": {"recall": 0.9104477611940298, "f1": 0.9242424242424243, "auc": 0.9742078622803916, "prec": 0.9384615384615385}, "total": {"recall": 0.8208955223880597, "f1": 0.7540702656383892, "auc": 0.8380798232941203, "prec": 0.6973058637083994}, "birthPlace": {"recall": 0.7910447761194029, "f1": 0.6272189349112427, "auc": 0.6290025902876082, "prec": 0.5196078431372549}, "hypernym": {"recall": 0.835820895522388, "f1": 0.8160291438979963, "auc": 0.8618808401495197, "prec": 0.797153024911032}, "spouse": {"recall": 0.8097014925373134, "f1": 0.6877971473851031, "auc": 0.7342505381366318, "prec": 0.5977961432506887}}