{"NA": {"prec": 0.0, "recall": 0.0, "f1": 0.0, "auc": 0.0}, "hypernym": {"prec": 0.8065693430656934, "recall": 0.8666666666666667, "f1": 0.835538752362949, "auc": 0.896524240707781}, "birthDate": {"prec": 0.9753086419753086, "recall": 0.9294117647058824, "f1": 0.9518072289156626, "auc": 0.9797098196478798}, "spouse": {"prec": 0.6222222222222222, "recall": 0.7686274509803922, "f1": 0.6877192982456141, "auc": 0.7790625294793162}, "birthPlace": {"prec": 0.6245847176079734, "recall": 0.7372549019607844, "f1": 0.6762589928057554, "auc": 0.6770609781215327}, "total": {"prec": 0.7947154471544715, "recall": 0.7666666666666667, "f1": 0.780439121756487, "auc": 0.868263955139199}}