{"NA": {"prec": 0.0, "recall": 0.0, "auc": 0.0, "f1": 0.0, "total": 0}, "birthDate": {"prec": 0.9127272727272727, "recall": 0.9365671641791045, "auc": 0.9674999439833122, "f1": 0.9244935543278084, "total": 268}, "spouse": {"prec": 0.678030303030303, "recall": 0.667910447761194, "auc": 0.7080709231885546, "f1": 0.6729323308270676, "total": 268}, "birthPlace": {"prec": 0.4926829268292683, "recall": 0.753731343283582, "auc": 0.6315599991361857, "f1": 0.5958702064896755, "total": 268}, "hypernym": {"prec": 0.7068965517241379, "recall": 0.917910447761194, "auc": 0.7387256704160309, "f1": 0.7987012987012988, "total": 268}, "total": {"prec": 0.6690363349131122, "recall": 0.7901119402985075, "auc": 0.7999132949147931, "f1": 0.7245508982035929, "total": 1072}}