{"total": {"recall": 0.8019607843137255, "f1": 0.7634157722818479, "prec": 0.7284060552092609, "auc": 0.8559299194146117}, "hypernym": {"recall": 0.9058823529411765, "f1": 0.84, "prec": 0.7830508474576271, "auc": 0.8898830919569723}, "spouse": {"recall": 0.7647058823529411, "f1": 0.6878306878306878, "prec": 0.625, "auc": 0.7585672001877365}, "birthDate": {"recall": 0.9176470588235294, "f1": 0.9454545454545454, "prec": 0.975, "auc": 0.9771360535915978}, "birthPlace": {"recall": 0.8352941176470589, "f1": 0.650381679389313, "prec": 0.5325, "auc": 0.6840488146248731}, "NA": {"recall": 0.0, "f1": 0.0, "prec": 0.0, "auc": 0.0}}