{"birthDate": {"f1": 0.9453125, "auc": 0.9729579654947078, "prec": 0.9416342412451362, "recall": 0.9490196078431372, "total": 255}, "spouse": {"f1": 0.7140319715808171, "auc": 0.7870264164328958, "prec": 0.6525974025974026, "recall": 0.788235294117647, "total": 255}, "total": {"f1": 0.7654431512981199, "auc": 0.849494111971732, "prec": 0.7042833607907742, "recall": 0.8382352941176471, "total": 1020}, "birthPlace": {"f1": 0.6666666666666667, "auc": 0.6722121492253532, "prec": 0.584070796460177, "recall": 0.7764705882352941, "total": 255}, "NA": {"f1": 0.0, "auc": 0.0, "prec": 0.0, "recall": 0.0, "total": 0}, "hypernym": {"f1": 0.8363636363636364, "auc": 0.8678160998339817, "prec": 0.7796610169491526, "recall": 0.9019607843137255, "total": 255}}