{"NA": {"auc": 0.0, "recall": 0.0, "f1": 0.0, "total": 0, "prec": 0.0}, "hypernym": {"auc": 0.8703183820897964, "recall": 0.9098039215686274, "f1": 0.8270944741532977, "total": 255, "prec": 0.7581699346405228}, "total": {"auc": 0.8509356230358964, "recall": 0.8137254901960784, "f1": 0.7735321528424977, "total": 1020, "prec": 0.7371225577264654}, "birthPlace": {"auc": 0.6774441546722282, "recall": 0.8117647058823529, "f1": 0.673170731707317, "total": 255, "prec": 0.575}, "spouse": {"auc": 0.7873214526785601, "recall": 0.7490196078431373, "f1": 0.7047970479704796, "total": 255, "prec": 0.6655052264808362}, "birthDate": {"auc": 0.9673475794554289, "recall": 0.9058823529411765, "f1": 0.9314516129032259, "total": 255, "prec": 0.9585062240663901}}