{"total": {"prec": 0.6917866215071973, "recall": 0.8009803921568628, "auc": 0.7938140040858985, "f1": 0.7423898228078146}, "birthDate": {"prec": 0.7723880597014925, "recall": 0.8117647058823529, "auc": 0.8530169949707709, "f1": 0.7915869980879541}, "NA": {"prec": 0.0, "recall": 0.0, "auc": 0.0, "f1": 0.0}, "hypernym": {"prec": 0.6071428571428571, "recall": 0.8, "auc": 0.6777357748034885, "f1": 0.6903553299492386}, "spouse": {"prec": 0.8547297297297297, "recall": 0.9921568627450981, "auc": 0.9009821211116719, "f1": 0.9183303085299455}, "birthPlace": {"prec": 0.5709677419354838, "recall": 0.6941176470588235, "auc": 0.5907481577695982, "f1": 0.6265486725663716}}