{"NA": {"f1": 0.0, "prec": 0.0, "auc": 0.0, "recall": 0.0}, "birthPlace": {"f1": 0.6383647798742139, "prec": 0.5516304347826086, "auc": 0.6909401326248407, "recall": 0.7574626865671642}, "hypernym": {"f1": 0.8444444444444446, "prec": 0.7791798107255521, "auc": 0.8479713913941619, "recall": 0.9216417910447762}, "spouse": {"f1": 0.7140186915887851, "prec": 0.7153558052434457, "auc": 0.7496912509599304, "recall": 0.7126865671641791}, "total": {"f1": 0.7695051270619705, "prec": 0.7369769427839453, "auc": 0.8471269693073523, "recall": 0.8050373134328358}, "birthDate": {"f1": 0.9380863039399625, "prec": 0.9433962264150944, "auc": 0.9794832326970399, "recall": 0.9328358208955224}}