{"NA": {"auc": 0.0, "recall": 0.0, "f1": 0.0, "total": 0, "prec": 0.0}, "birthPlace": {"auc": 0.2849069568731425, "recall": 0.8544776119402985, "f1": 0.3921232876712329, "total": 268, "prec": 0.2544444444444444}, "birthDate": {"auc": 0.28453021884520985, "recall": 0.7574626865671642, "f1": 0.42203742203742206, "total": 268, "prec": 0.29250720461095103}, "total": {"auc": 0.2563178662881159, "recall": 1.0, "f1": 0.39166971136280604, "total": 1072, "prec": 0.24352567014993184}, "hypernym": {"auc": 0.2461169149121962, "recall": 0.914179104477612, "f1": 0.4026294165981923, "total": 268, "prec": 0.2581664910432034}, "spouse": {"auc": 0.27068088295460346, "recall": 1.0, "f1": 0.391812865497076, "total": 268, "prec": 0.24363636363636362}}