{"NA": {"recall": 0.0, "auc": 0.0, "prec": 0.0, "f1": 0.0}, "spouse": {"recall": 1.0, "auc": 0.9111280656703943, "prec": 0.8701298701298701, "f1": 0.9305555555555556}, "birthDate": {"recall": 0.8805970149253731, "auc": 0.8646156345908751, "prec": 0.7283950617283951, "f1": 0.7972972972972973}, "hypernym": {"recall": 0.7761194029850746, "auc": 0.7158525353241374, "prec": 0.6028985507246377, "f1": 0.6786296900489397}, "total": {"recall": 0.8395522388059702, "auc": 0.8076937217001022, "prec": 0.6870229007633588, "f1": 0.7556675062972292}, "birthPlace": {"recall": 0.7761194029850746, "auc": 0.5859554260471378, "prec": 0.538860103626943, "f1": 0.636085626911315}}