{"spouse": {"recall": 0.8509803921568627, "f1": 0.5404732254047323, "auc": 0.39762476925342644, "prec": 0.395985401459854}, "birthPlace": {"recall": 0.8274509803921568, "f1": 0.4314928425357873, "auc": 0.3010846948482435, "prec": 0.2918395573997234}, "hypernym": {"recall": 0.9490196078431372, "f1": 0.4477335800185014, "auc": 0.34323259913934656, "prec": 0.2929782082324455}, "birthDate": {"recall": 0.7098039215686275, "f1": 0.7042801556420234, "auc": 0.7357276478359742, "prec": 0.6988416988416989}, "NA": {"recall": 0.0, "f1": 0.0, "auc": 0.0, "prec": 0.0}, "total": {"recall": 0.8578431372549019, "f1": 0.49240292628024757, "auc": 0.4871202608597339, "prec": 0.3453038674033149}}