{"birthDate": {"f1": 0.3980815347721822, "prec": 0.25, "recall": 0.9764705882352941, "auc": 0.24626710702397814, "total": 255}, "birthPlace": {"f1": 0.39719626168224303, "prec": 0.2478134110787172, "recall": 1.0, "auc": 0.2449830928147349, "total": 255}, "spouse": {"f1": 0.4000000000000001, "prec": 0.25204081632653064, "recall": 0.9686274509803922, "auc": 0.253278984420419, "total": 255}, "hypernym": {"f1": 0.3981264637002342, "prec": 0.24853801169590642, "recall": 1.0, "auc": 0.2712054031203864, "total": 255}, "NA": {"f1": 0.0, "prec": 0.0, "recall": 0.0, "auc": 0.0, "total": 0}, "total": {"f1": 0.3971797884841364, "prec": 0.24816446402349487, "recall": 0.9941176470588236, "auc": 0.2539671531136679, "total": 1020}}