{"birthPlace": {"prec": 0.44782608695652176, "f1": 0.5762237762237762, "auc": 0.5371052942918111, "recall": 0.807843137254902}, "NA": {"prec": 0.0, "f1": 0.0, "auc": 0.0, "recall": 0.0}, "total": {"prec": 0.6199134199134199, "f1": 0.6583908045977012, "auc": 0.6514154886083954, "recall": 0.7019607843137254}, "hypernym": {"prec": 0.473972602739726, "f1": 0.5580645161290323, "auc": 0.5007045133917819, "recall": 0.6784313725490196}, "birthDate": {"prec": 0.7556390977443609, "f1": 0.7715930902111324, "auc": 0.832401214460827, "recall": 0.788235294117647}, "spouse": {"prec": 0.8367346938775511, "f1": 0.8961748633879782, "auc": 0.9187884663371023, "recall": 0.9647058823529412}}