{"hypernym": {"prec": 0.5594059405940595, "f1": 0.6726190476190478, "auc": 0.6813636880637305, "recall": 0.8432835820895522}, "birthPlace": {"prec": 0.59375, "f1": 0.6151079136690647, "auc": 0.5671340241998434, "recall": 0.6380597014925373}, "birthDate": {"prec": 0.691358024691358, "f1": 0.7567567567567567, "auc": 0.8134095841157314, "recall": 0.835820895522388}, "spouse": {"prec": 0.8673139158576052, "f1": 0.92894280762565, "auc": 0.893461011154303, "recall": 1.0}, "NA": {"prec": 0.0, "f1": 0.0, "auc": 0.0, "recall": 0.0}, "total": {"prec": 0.640196767392832, "f1": 0.730260521042084, "auc": 0.7642022566800527, "recall": 0.8498134328358209}}