{"NA": {"prec": 0.0, "recall": 0.0, "f1": 0.0, "auc": 0.0, "total": 0}, "spouse": {"prec": 0.5804597701149425, "recall": 0.792156862745098, "f1": 0.6699834162520729, "auc": 0.68082800011004, "total": 255}, "birthDate": {"prec": 0.9263565891472868, "recall": 0.9372549019607843, "f1": 0.9317738791423001, "auc": 0.9640607322243188, "total": 255}, "birthPlace": {"prec": 0.41911764705882354, "recall": 0.6705882352941176, "f1": 0.5158371040723982, "auc": 0.3737582155394388, "total": 255}, "hypernym": {"prec": 0.6356382978723404, "recall": 0.9372549019607843, "f1": 0.7575277337559428, "auc": 0.6882686855698146, "total": 255}, "total": {"prec": 0.6299840510366826, "recall": 0.7745098039215687, "f1": 0.6948109058927001, "auc": 0.6939013306131581, "total": 1020}}