{"NA": {"prec": 0.0, "recall": 0.0, "f1": 0.0, "auc": 0.0, "total": 0}, "spouse": {"prec": 0.654485049833887, "recall": 0.7725490196078432, "f1": 0.7086330935251799, "auc": 0.7737262167715709, "total": 255}, "birthDate": {"prec": 0.951417004048583, "recall": 0.9215686274509803, "f1": 0.9362549800796813, "auc": 0.9719740581834995, "total": 255}, "birthPlace": {"prec": 0.5653409090909091, "recall": 0.7803921568627451, "f1": 0.6556836902800659, "auc": 0.6807454871380487, "total": 255}, "hypernym": {"prec": 0.8388429752066116, "recall": 0.796078431372549, "f1": 0.8169014084507042, "auc": 0.8788908001618199, "total": 255}, "total": {"prec": 0.7192374350086655, "recall": 0.8137254901960784, "f1": 0.7635694572217112, "auc": 0.8502840863183949, "total": 1020}}