{"spouse": {"recall": 0.8, "auc": 0.7868997191683654, "prec": 0.6335403726708074, "f1": 0.707105719237435, "total": 255}, "birthDate": {"recall": 0.9372549019607843, "auc": 0.976067776569253, "prec": 0.956, "f1": 0.9465346534653465, "total": 255}, "NA": {"recall": 0.0, "auc": 0.0, "prec": 0.0, "f1": 0.0, "total": 0}, "birthPlace": {"recall": 0.9058823529411765, "auc": 0.6500281592225745, "prec": 0.5226244343891403, "f1": 0.6628407460545194, "total": 255}, "total": {"recall": 0.7774509803921569, "auc": 0.8583625256162608, "prec": 0.7595785440613027, "f1": 0.7684108527131782, "total": 1020}, "hypernym": {"recall": 0.8941176470588236, "auc": 0.8883596064850546, "prec": 0.8, "f1": 0.8444444444444443, "total": 255}}