{"hypernym": {"total": 268, "prec": 0.7767295597484277, "recall": 0.9216417910447762, "f1": 0.8430034129692833, "auc": 0.8599796183836125}, "total": {"total": 1072, "prec": 0.7522202486678508, "recall": 0.7901119402985075, "f1": 0.7707006369426752, "auc": 0.8582059107318225}, "birthPlace": {"total": 268, "prec": 0.6019417475728155, "recall": 0.6940298507462687, "f1": 0.6447140381282495, "auc": 0.7139345875545161}, "NA": {"total": 0, "prec": 0.0, "recall": 0.0, "f1": 0.0, "auc": 0.0}, "birthDate": {"total": 268, "prec": 0.9545454545454546, "recall": 0.9402985074626866, "f1": 0.9473684210526316, "auc": 0.9807675137392229}, "spouse": {"total": 268, "prec": 0.638121546961326, "recall": 0.8619402985074627, "f1": 0.7333333333333334, "auc": 0.7798456983552958}}