{"hypernym": {"total": 255, "f1": 0.5081967213114754, "auc": 0.3439066643546462, "prec": 0.389937106918239, "recall": 0.7294117647058823}, "birthPlace": {"total": 255, "f1": 0.4879518072289156, "auc": 0.4019225596116539, "prec": 0.3960880195599022, "recall": 0.6352941176470588}, "total": {"total": 1020, "f1": 0.5314741035856574, "auc": 0.47721124998483444, "prec": 0.4476510067114094, "recall": 0.653921568627451}, "birthDate": {"total": 255, "f1": 0.777988614800759, "auc": 0.8189190766354674, "prec": 0.7536764705882353, "recall": 0.803921568627451}, "NA": {"total": 0, "f1": 0.0, "auc": 0.0, "prec": 0.0, "recall": 0.0}, "spouse": {"total": 255, "f1": 0.5875, "auc": 0.4953272975005967, "prec": 0.4883116883116883, "recall": 0.7372549019607844}}