{"total": {"auc": 0.706839404243951, "prec": 0.6419558359621451, "recall": 0.7980392156862746, "f1": 0.7115384615384616}, "spouse": {"auc": 0.8836605621491177, "prec": 0.842809364548495, "recall": 0.9882352941176471, "f1": 0.9097472924187726}, "NA": {"auc": 0.0, "prec": 0.0, "recall": 0.0, "f1": 0.0}, "birthDate": {"auc": 0.8561462974949469, "prec": 0.7269736842105263, "recall": 0.8666666666666667, "f1": 0.7906976744186046}, "birthPlace": {"auc": 0.48820067298814857, "prec": 0.4378585086042065, "recall": 0.8980392156862745, "f1": 0.5886889460154242}, "hypernym": {"auc": 0.5751317200019216, "prec": 0.6437768240343348, "recall": 0.5882352941176471, "f1": 0.6147540983606558}}