{"hypernym": {"recall": 0.8901960784313725, "auc": 0.8912010313097313, "f1": 0.8330275229357799, "total": 255, "prec": 0.7827586206896552}, "spouse": {"recall": 0.7176470588235294, "auc": 0.7838170429909864, "f1": 0.6958174904942965, "total": 255, "prec": 0.6752767527675276}, "birthDate": {"recall": 0.9490196078431372, "auc": 0.9803004287783862, "f1": 0.9584158415841584, "total": 255, "prec": 0.968}, "total": {"recall": 0.8166666666666667, "auc": 0.8737737832010591, "f1": 0.7785046728971963, "total": 1020, "prec": 0.74375}, "birthPlace": {"recall": 0.8745098039215686, "auc": 0.7092917058705885, "f1": 0.6809160305343511, "total": 255, "prec": 0.5575}, "NA": {"recall": 0.0, "auc": 0.0, "f1": 0.0, "total": 0, "prec": 0.0}}