{"spouse": {"total": 268, "f1": 0.3941176470588235, "prec": 0.2454212454212454, "auc": 0.24302044914366336, "recall": 1.0}, "NA": {"total": 0, "f1": 0.0, "prec": 0.0, "auc": 0.0, "recall": 0.0}, "total": {"total": 1072, "f1": 0.39159817351598175, "prec": 0.24347036111741993, "auc": 0.24363805197421606, "recall": 1.0}, "hypernym": {"total": 268, "f1": 0.3915266617969321, "prec": 0.24341507720254316, "auc": 0.24536970294211977, "recall": 1.0}, "birthPlace": {"total": 268, "f1": 0.391812865497076, "prec": 0.24363636363636362, "auc": 0.23768370764226612, "recall": 1.0}, "birthDate": {"total": 268, "f1": 0.391812865497076, "prec": 0.24363636363636362, "auc": 0.23577313383977683, "recall": 1.0}}