{"NA": {"total": 0, "recall": 0.0, "auc": 0.0, "f1": 0.0, "prec": 0.0}, "total": {"total": 1020, "recall": 1.0, "auc": 0.2482322167096848, "f1": 0.3972736124634859, "prec": 0.24787363304981774}, "hypernym": {"total": 255, "recall": 1.0, "auc": 0.2513672149553109, "f1": 0.3981264637002342, "prec": 0.24853801169590642}, "birthPlace": {"total": 255, "recall": 1.0, "auc": 0.24586133741613503, "f1": 0.39719626168224303, "prec": 0.2478134110787172}, "spouse": {"total": 255, "recall": 1.0, "auc": 0.24891952809047013, "f1": 0.3978159126365054, "prec": 0.24829600778967867}, "birthDate": {"total": 255, "recall": 1.0, "auc": 0.24726061171785546, "f1": 0.3975058456742011, "prec": 0.2480544747081712}}