{"birthPlace": {"f1": 0.3971853010164191, "total": 255, "prec": 0.248046875, "auc": 0.2505718853477498, "recall": 0.996078431372549}, "hypernym": {"f1": 0.3984375, "total": 255, "prec": 0.24878048780487805, "auc": 0.25612767173991213, "recall": 1.0}, "total": {"f1": 0.39704165044764506, "total": 1020, "prec": 0.2476930548810102, "auc": 0.24987992745162438, "recall": 1.0}, "birthDate": {"f1": 0.3975058456742011, "total": 255, "prec": 0.2480544747081712, "auc": 0.2445079224949342, "recall": 1.0}, "spouse": {"f1": 0.39874902267396406, "total": 255, "prec": 0.2490234375, "auc": 0.24994239808433202, "recall": 1.0}, "NA": {"f1": 0.0, "total": 0, "prec": 0.0, "auc": 0.0, "recall": 0.0}}