{"NA": {"auc": 0.0, "f1": 0.0, "recall": 0.0, "prec": 0.0}, "hypernym": {"auc": 0.25070618895716534, "f1": 0.39967506092607635, "recall": 0.9647058823529412, "prec": 0.2520491803278688}, "total": {"auc": 0.2549631929471604, "f1": 0.3973509933774834, "recall": 1.0, "prec": 0.24793388429752067}, "birthDate": {"auc": 0.2736034604512229, "f1": 0.3975058456742011, "recall": 1.0, "prec": 0.2480544747081712}, "spouse": {"auc": 0.2494983851695189, "f1": 0.3984375, "recall": 1.0, "prec": 0.24878048780487805}, "birthPlace": {"auc": 0.26806121214197676, "f1": 0.39874902267396406, "recall": 1.0, "prec": 0.2490234375}}