{"total": {"total": 1020, "f1": 0.7760778859527121, "recall": 0.8205882352941176, "prec": 0.7361477572559367, "auc": 0.8551926999135923}, "birthDate": {"total": 255, "f1": 0.9302325581395349, "recall": 0.9411764705882353, "prec": 0.9195402298850575, "auc": 0.9692264391840972}, "spouse": {"total": 255, "f1": 0.7086330935251799, "recall": 0.7725490196078432, "prec": 0.654485049833887, "auc": 0.7926670178433375}, "hypernym": {"total": 255, "f1": 0.8303249097472925, "recall": 0.9019607843137255, "prec": 0.7692307692307693, "auc": 0.8658614210337364}, "NA": {"total": 0, "f1": 0.0, "recall": 0.0, "prec": 0.0, "auc": 0.0}, "birthPlace": {"total": 255, "f1": 0.6677685950413222, "recall": 0.792156862745098, "prec": 0.5771428571428572, "auc": 0.6786632358082438}}