{"NA": {"prec": 0.0, "auc": 0.0, "total": 0, "f1": 0.0, "recall": 0.0}, "birthDate": {"prec": 0.9110320284697508, "auc": 0.9751022661161594, "total": 268, "f1": 0.9326047358834245, "recall": 0.9552238805970149}, "hypernym": {"prec": 0.7432835820895523, "auc": 0.8624775029264404, "total": 268, "f1": 0.8258706467661693, "recall": 0.9291044776119403}, "birthPlace": {"prec": 0.6258741258741258, "auc": 0.7081818736489548, "total": 268, "f1": 0.6462093862815884, "recall": 0.667910447761194}, "spouse": {"prec": 0.7449392712550608, "auc": 0.7688433016623455, "total": 268, "f1": 0.7145631067961165, "recall": 0.6865671641791045}, "total": {"prec": 0.7335047129391602, "auc": 0.8486756099602345, "total": 1072, "f1": 0.7646270656543099, "recall": 0.7985074626865671}}