{"birthDate": {"recall": 0.9411764705882353, "auc": 0.9783755073516998, "prec": 0.9448818897637795, "f1": 0.9430255402750491}, "NA": {"recall": 0.0, "auc": 0.0, "prec": 0.0, "f1": 0.0}, "total": {"recall": 0.7980392156862746, "auc": 0.8454202470738199, "prec": 0.7313566936208445, "f1": 0.7632442569151431}, "birthPlace": {"recall": 0.8941176470588236, "auc": 0.6507613552706629, "prec": 0.5193621867881549, "f1": 0.6570605187319885}, "spouse": {"recall": 0.7098039215686275, "auc": 0.7672337696699303, "prec": 0.663003663003663, "f1": 0.6856060606060606}, "hypernym": {"recall": 0.8862745098039215, "auc": 0.8705060361317721, "prec": 0.7793103448275862, "f1": 0.8293577981651377}}