{"birthPlace": {"auc": 0.5765454155103538, "total": 268, "recall": 0.7388059701492538, "f1": 0.6397415185783522, "prec": 0.5641025641025641}, "NA": {"auc": 0.0, "total": 0, "recall": 0.0, "f1": 0.0, "prec": 0.0}, "hypernym": {"auc": 0.7183235025390791, "total": 268, "recall": 0.7425373134328358, "f1": 0.6803418803418804, "prec": 0.6277602523659306}, "spouse": {"auc": 0.8807667103377883, "total": 268, "recall": 1.0, "f1": 0.9305555555555556, "prec": 0.8701298701298701}, "birthDate": {"auc": 0.8409633594776934, "total": 268, "recall": 0.8880597014925373, "f1": 0.7959866220735785, "prec": 0.7212121212121212}, "total": {"auc": 0.7937491761483326, "total": 1072, "recall": 0.8199626865671642, "f1": 0.752568493150685, "prec": 0.6954113924050633}}