{"NA": {"prec": 0.0, "auc": 0.0, "recall": 0.0, "f1": 0.0}, "hypernym": {"prec": 0.5444743935309974, "auc": 0.5911291872861961, "recall": 0.792156862745098, "f1": 0.6453674121405751}, "birthPlace": {"prec": 0.49019607843137253, "auc": 0.5655811213850646, "recall": 0.7843137254901961, "f1": 0.6033182503770739}, "total": {"prec": 0.6825396825396826, "auc": 0.7755176971200829, "recall": 0.7588235294117647, "f1": 0.7186629526462396}, "spouse": {"prec": 0.8443708609271523, "auc": 0.9184399103465055, "recall": 1.0, "f1": 0.9156193895870736}, "birthDate": {"prec": 0.7637795275590551, "auc": 0.8270920312883492, "recall": 0.7607843137254902, "f1": 0.7622789783889979}}