{"spouse": {"recall": 0.7723880597014925, "auc": 0.7726500166337015, "f1": 0.7379679144385026, "prec": 0.7064846416382252, "total": 268}, "birthDate": {"recall": 0.9514925373134329, "auc": 0.9818798064479843, "f1": 0.9497206703910615, "prec": 0.9479553903345725, "total": 268}, "total": {"recall": 0.7910447761194029, "auc": 0.873438544807771, "f1": 0.7899394503959013, "prec": 0.7888372093023256, "total": 1072}, "NA": {"recall": 0.0, "auc": 0.0, "f1": 0.0, "prec": 0.0, "total": 0}, "birthPlace": {"recall": 0.6753731343283582, "auc": 0.7378672641372508, "f1": 0.6666666666666667, "prec": 0.6581818181818182, "total": 268}, "hypernym": {"recall": 0.8582089552238806, "auc": 0.8857728024853717, "f1": 0.8471454880294659, "prec": 0.8363636363636363, "total": 268}}