{"spouse": {"prec": 0.6724137931034483, "recall": 0.7276119402985075, "f1": 0.6989247311827956, "auc": 0.7373362639739635}, "birthDate": {"prec": 0.9490196078431372, "recall": 0.9029850746268657, "f1": 0.9254302103250478, "auc": 0.9697708227362731}, "birthPlace": {"prec": 0.553623188405797, "recall": 0.7126865671641791, "f1": 0.6231647634584013, "auc": 0.6449415020842543}, "total": {"prec": 0.735950044603033, "recall": 0.769589552238806, "f1": 0.7523939808481532, "auc": 0.8257298385094575}, "hypernym": {"prec": 0.7395498392282959, "recall": 0.8582089552238806, "f1": 0.7944732297063903, "auc": 0.8025875446682907}, "NA": {"prec": 0.0, "recall": 0.0, "f1": 0.0, "auc": 0.0}}