{"NA": {"prec": 0.0, "f1": 0.0, "recall": 0.0, "auc": 0.0, "total": 0}, "birthPlace": {"prec": 0.6029850746268657, "f1": 0.6847457627118644, "recall": 0.792156862745098, "auc": 0.6783297959538198, "total": 255}, "spouse": {"prec": 0.7032967032967034, "f1": 0.7272727272727272, "recall": 0.7529411764705882, "auc": 0.7953638487653605, "total": 255}, "hypernym": {"prec": 0.823076923076923, "f1": 0.8310679611650486, "recall": 0.8392156862745098, "auc": 0.8920575848444358, "total": 255}, "birthDate": {"prec": 0.952191235059761, "f1": 0.9446640316205533, "recall": 0.9372549019607843, "auc": 0.9772028706231252, "total": 255}, "total": {"prec": 0.7778855480116392, "f1": 0.7820575329107753, "recall": 0.7862745098039216, "auc": 0.8687603303310554, "total": 1020}}