{"NA": {"prec": 0.0, "recall": 0.0, "f1": 0.0, "auc": 0.0, "total": 0}, "spouse": {"prec": 0.6360544217687075, "recall": 0.7333333333333333, "f1": 0.6812386156648451, "auc": 0.6960479270726112, "total": 255}, "birthDate": {"prec": 0.964, "recall": 0.9450980392156862, "f1": 0.9544554455445544, "auc": 0.9782353397920095, "total": 255}, "birthPlace": {"prec": 0.4650112866817156, "recall": 0.807843137254902, "f1": 0.5902578796561605, "auc": 0.5326522093393712, "total": 255}, "hypernym": {"prec": 0.6548672566371682, "recall": 0.8705882352941177, "f1": 0.7474747474747475, "auc": 0.6502339092066728, "total": 255}, "total": {"prec": 0.6240928882438317, "recall": 0.8431372549019608, "f1": 0.7172643869891577, "auc": 0.7454180064785589, "total": 1020}}