{"birthPlace": {"prec": 0.6035714285714285, "f1": 0.6167883211678832, "recall": 0.6305970149253731, "auc": 0.5903878411142307}, "spouse": {"prec": 0.8701298701298701, "f1": 0.9305555555555556, "recall": 1.0, "auc": 0.8692946395112571}, "hypernym": {"prec": 0.5977011494252874, "f1": 0.6753246753246753, "recall": 0.7761194029850746, "auc": 0.6834209639149063}, "NA": {"prec": 0.0, "f1": 0.0, "recall": 0.0, "auc": 0.0}, "birthDate": {"prec": 0.7047619047619048, "f1": 0.7615780445969125, "recall": 0.8283582089552238, "auc": 0.792736154362614}, "total": {"prec": 0.6542669584245077, "f1": 0.7343430208759721, "recall": 0.8367537313432836, "auc": 0.7714603085059275}}