{"birthDate": {"auc": 0.9793205839215331, "prec": 0.970954356846473, "f1": 0.9435483870967741, "recall": 0.9176470588235294, "total": 255}, "birthPlace": {"auc": 0.6819951865433355, "prec": 0.5741758241758241, "f1": 0.6752827140549272, "recall": 0.8196078431372549, "total": 255}, "hypernym": {"auc": 0.9169715005796006, "prec": 0.8339483394833949, "f1": 0.8593155893536122, "recall": 0.8862745098039215, "total": 255}, "spouse": {"auc": 0.7939228505931031, "prec": 0.6296296296296297, "f1": 0.7046632124352332, "recall": 0.8, "total": 255}, "NA": {"auc": 0.0, "prec": 0.0, "f1": 0.0, "recall": 0.0, "total": 0}, "total": {"auc": 0.8714834543818238, "prec": 0.7475468331846565, "f1": 0.7828117702008407, "recall": 0.8215686274509804, "total": 1020}}