{"NA": {"prec": 0.0, "recall": 0.0, "f1": 0.0, "auc": 0.0, "total": 0}, "spouse": {"prec": 0.6289308176100629, "recall": 0.7843137254901961, "f1": 0.6980802792321117, "auc": 0.7689291161665804, "total": 255}, "birthDate": {"prec": 0.9397590361445783, "recall": 0.9176470588235294, "f1": 0.9285714285714286, "auc": 0.961784335139952, "total": 255}, "birthPlace": {"prec": 0.5441595441595442, "recall": 0.7490196078431373, "f1": 0.6303630363036304, "auc": 0.6402351702230094, "total": 255}, "hypernym": {"prec": 0.7879858657243817, "recall": 0.8745098039215686, "f1": 0.828996282527881, "auc": 0.8546248664735074, "total": 255}, "total": {"prec": 0.7362534948741846, "recall": 0.7745098039215687, "f1": 0.754897276636407, "auc": 0.8299868943630326, "total": 1020}}