{"birthDate": {"f1": 0.9497206703910615, "total": 268, "recall": 0.9514925373134329, "prec": 0.9479553903345725, "auc": 0.982332913641281}, "total": {"f1": 0.7833333333333333, "total": 1072, "recall": 0.8330223880597015, "prec": 0.7392384105960265, "auc": 0.8671435380174348}, "birthPlace": {"f1": 0.6678141135972461, "total": 268, "recall": 0.7238805970149254, "prec": 0.6198083067092651, "auc": 0.6948885295644469}, "NA": {"f1": 0.0, "total": 0, "recall": 0.0, "prec": 0.0, "auc": 0.0}, "spouse": {"f1": 0.721311475409836, "total": 268, "recall": 0.7388059701492538, "prec": 0.7046263345195729, "auc": 0.7596490523045525}, "hypernym": {"f1": 0.8333333333333334, "total": 268, "recall": 0.8955223880597015, "prec": 0.7792207792207793, "auc": 0.882649818299851}}