{"NA": {"prec": 0.0, "recall": 0.0, "f1": 0.0, "auc": 0.0, "total": 0}, "spouse": {"prec": 0.5863095238095238, "recall": 0.7725490196078432, "f1": 0.6666666666666667, "auc": 0.6812609300420656, "total": 255}, "birthDate": {"prec": 0.9101123595505618, "recall": 0.9529411764705882, "f1": 0.9310344827586207, "auc": 0.9700409601073755, "total": 255}, "birthPlace": {"prec": 0.39611650485436894, "recall": 0.8, "f1": 0.5298701298701299, "auc": 0.4177975751933014, "total": 255}, "hypernym": {"prec": 0.6268221574344023, "recall": 0.8431372549019608, "f1": 0.7190635451505016, "auc": 0.6339779560629164, "total": 255}, "total": {"prec": 0.620583717357911, "recall": 0.792156862745098, "f1": 0.6959517657192076, "auc": 0.7162009563187646, "total": 1020}}