{"NA": {"f1": 0.0, "prec": 0.0, "recall": 0.0, "auc": 0.0}, "birthPlace": {"f1": 0.6440677966101696, "prec": 0.5900621118012422, "recall": 0.7089552238805971, "auc": 0.6803927206455469}, "birthDate": {"f1": 0.9516728624535316, "prec": 0.9481481481481482, "recall": 0.9552238805970149, "auc": 0.9827283165332393}, "total": {"f1": 0.7691626052281789, "prec": 0.7324894514767932, "recall": 0.8097014925373134, "auc": 0.8505852918490296}, "spouse": {"f1": 0.7177814029363785, "prec": 0.6376811594202898, "recall": 0.8208955223880597, "auc": 0.7548436554028857}, "hypernym": {"f1": 0.8388214904679377, "prec": 0.7831715210355987, "recall": 0.9029850746268657, "auc": 0.8657932789234882}}