{"birthDate": {"f1": 0.722117202268431, "auc": 0.7775050478472746, "recall": 0.7490196078431373, "prec": 0.6970802919708029}, "spouse": {"f1": 0.8934579439252337, "auc": 0.8945864600648111, "recall": 0.9372549019607843, "prec": 0.8535714285714285}, "total": {"f1": 0.6411446249033256, "auc": 0.6340587996684743, "recall": 0.8127450980392157, "prec": 0.5293742017879949}, "NA": {"f1": 0.0, "auc": 0.0, "recall": 0.0, "prec": 0.0}, "birthPlace": {"f1": 0.5600961538461537, "auc": 0.4904976156903362, "recall": 0.9137254901960784, "prec": 0.4038128249566724}, "hypernym": {"f1": 0.547400611620795, "auc": 0.4513242223496212, "recall": 0.7019607843137254, "prec": 0.44862155388471175}}