{"total": {"total": 1072, "f1": 0.7851782363977486, "auc": 0.8709575355324165, "prec": 0.789622641509434, "recall": 0.7807835820895522}, "birthPlace": {"total": 268, "f1": 0.6420545746388444, "auc": 0.6740676627041752, "prec": 0.5633802816901409, "recall": 0.746268656716418}, "spouse": {"total": 268, "f1": 0.706081081081081, "auc": 0.762951686741771, "prec": 0.6450617283950617, "recall": 0.7798507462686567}, "hypernym": {"total": 268, "f1": 0.8622540250447227, "auc": 0.8954623391705353, "prec": 0.8281786941580757, "recall": 0.8992537313432836}, "NA": {"total": 0, "f1": 0.0, "auc": 0.0, "prec": 0.0, "recall": 0.0}, "birthDate": {"total": 268, "f1": 0.9606003752345217, "auc": 0.9831625713072848, "prec": 0.9660377358490566, "recall": 0.9552238805970149}}