{"NA": {"f1": 0.0, "recall": 0.0, "total": 0, "auc": 0.0, "prec": 0.0}, "spouse": {"f1": 0.6533575317604357, "recall": 0.7058823529411765, "total": 255, "auc": 0.7392414011353876, "prec": 0.6081081081081081}, "total": {"f1": 0.7579864472410455, "recall": 0.7676470588235295, "total": 1020, "auc": 0.8458054029203504, "prec": 0.748565965583174}, "birthPlace": {"f1": 0.656957928802589, "recall": 0.796078431372549, "total": 255, "auc": 0.6778128341116307, "prec": 0.559228650137741}, "birthDate": {"f1": 0.9425742574257425, "recall": 0.9333333333333333, "total": 255, "auc": 0.9734978956085001, "prec": 0.952}, "hypernym": {"f1": 0.8199233716475096, "recall": 0.8392156862745098, "total": 255, "auc": 0.882795512661165, "prec": 0.8014981273408239}}