{"total": {"prec": 0.6894060995184591, "auc": 0.7723219918121957, "recall": 0.8013059701492538, "f1": 0.7411561691113029}, "NA": {"prec": 0.0, "auc": 0.0, "recall": 0.0, "f1": 0.0}, "birthDate": {"prec": 0.6795252225519288, "auc": 0.8170475524942576, "recall": 0.8544776119402985, "f1": 0.7570247933884298}, "hypernym": {"prec": 0.6428571428571429, "auc": 0.6816743511775369, "recall": 0.7388059701492538, "f1": 0.6875}, "birthPlace": {"prec": 0.5571847507331378, "auc": 0.5930425523209965, "recall": 0.7089552238805971, "f1": 0.6239737274220032}, "spouse": {"prec": 0.8673139158576052, "auc": 0.8809620799227493, "recall": 1.0, "f1": 0.92894280762565}}