{"NA": {"prec": 0.0, "recall": 0.0, "f1": 0.0, "auc": 0.0, "total": 0}, "spouse": {"prec": 0.6261127596439169, "recall": 0.7873134328358209, "f1": 0.6975206611570248, "auc": 0.7155119163052474, "total": 268}, "birthDate": {"prec": 0.9618320610687023, "recall": 0.9402985074626866, "f1": 0.9509433962264152, "auc": 0.9808141759205394, "total": 268}, "birthPlace": {"prec": 0.4425531914893617, "recall": 0.7761194029850746, "f1": 0.5636856368563686, "auc": 0.5621258675755693, "total": 268}, "hypernym": {"prec": 0.6363636363636364, "recall": 0.8880597014925373, "f1": 0.7414330218068536, "auc": 0.6846487537188329, "total": 268}, "total": {"prec": 0.6437037037037037, "recall": 0.8106343283582089, "f1": 0.717588769611891, "auc": 0.7739273288895454, "total": 1072}}