{"birthPlace": {"total": 268, "auc": 0.5782908675760177, "f1": 0.6380952380952379, "recall": 0.75, "prec": 0.5552486187845304}, "birthDate": {"total": 268, "auc": 0.8406369293020594, "f1": 0.7830342577487766, "recall": 0.8955223880597015, "prec": 0.6956521739130435}, "spouse": {"total": 268, "auc": 0.8895450722039999, "f1": 0.9305555555555556, "recall": 1.0, "prec": 0.8701298701298701}, "hypernym": {"total": 268, "auc": 0.7245506717605993, "f1": 0.682170542635659, "recall": 0.6567164179104478, "prec": 0.7096774193548387}, "NA": {"total": 0, "auc": 0.0, "f1": 0.0, "recall": 0.0, "prec": 0.0}, "total": {"total": 1072, "auc": 0.7906801715419911, "f1": 0.7536842105263156, "recall": 0.8348880597014925, "prec": 0.6868764389869532}}