{"NA": {"prec": 0.0, "recall": 0.0, "f1": 0.0, "auc": 0.0, "total": 0}, "spouse": {"prec": 0.6397306397306397, "recall": 0.7450980392156863, "f1": 0.6884057971014492, "auc": 0.7265329669232775, "total": 255}, "birthDate": {"prec": 0.9245283018867925, "recall": 0.9607843137254902, "f1": 0.9423076923076923, "auc": 0.9757618906812965, "total": 255}, "birthPlace": {"prec": 0.4271047227926078, "recall": 0.8156862745098039, "f1": 0.5606469002695418, "auc": 0.4874102982984334, "total": 255}, "hypernym": {"prec": 0.6061452513966481, "recall": 0.8509803921568627, "f1": 0.7079934747145188, "auc": 0.6313301537391207, "total": 255}, "total": {"prec": 0.6101573676680973, "recall": 0.8362745098039216, "f1": 0.7055417700578991, "auc": 0.7484597710645288, "total": 1020}}