{"NA": {"prec": 0.0, "recall": 0.0, "f1": 0.0, "auc": 0.0, "total": 0}, "spouse": {"prec": 0.8673139158576052, "recall": 1.0, "f1": 0.92894280762565, "auc": 0.8796710945708716, "total": 268}, "birthDate": {"prec": 0.7619047619047619, "recall": 0.835820895522388, "f1": 0.797153024911032, "auc": 0.8540983269664, "total": 268}, "birthPlace": {"prec": 0.48868778280542985, "recall": 0.8059701492537313, "f1": 0.6084507042253522, "auc": 0.5844143216351413, "total": 268}, "hypernym": {"prec": 0.6655172413793103, "recall": 0.7201492537313433, "f1": 0.6917562724014337, "auc": 0.6988618129489226, "total": 268}, "total": {"prec": 0.6521739130434783, "recall": 0.8535447761194029, "f1": 0.7393939393939393, "auc": 0.7708167344766107, "total": 1072}}