{"birthDate": {"f1": 0.7810858143607706, "auc": 0.838353787243619, "recall": 0.8745098039215686, "prec": 0.7056962025316456}, "total": {"f1": 0.734841628959276, "auc": 0.7675143735064957, "recall": 0.796078431372549, "prec": 0.6823529411764706}, "birthPlace": {"f1": 0.6314152410575428, "auc": 0.6256205953973475, "recall": 0.796078431372549, "prec": 0.5231958762886598}, "spouse": {"f1": 0.9156193895870736, "auc": 0.8749912181415457, "recall": 1.0, "prec": 0.8443708609271523}, "hypernym": {"f1": 0.673434856175973, "auc": 0.6463325876962778, "recall": 0.7803921568627451, "prec": 0.5922619047619048}, "NA": {"f1": 0.0, "auc": 0.0, "recall": 0.0, "prec": 0.0}}