{"NA": {"prec": 0.0, "recall": 0.0, "f1": 0.0, "auc": 0.0, "total": 0}, "spouse": {"prec": 0.6523076923076923, "recall": 0.7910447761194029, "f1": 0.715008431703204, "auc": 0.7412820500182572, "total": 268}, "birthDate": {"prec": 0.8982456140350877, "recall": 0.9552238805970149, "f1": 0.9258589511754068, "auc": 0.9703741187845404, "total": 268}, "birthPlace": {"prec": 0.6006825938566553, "recall": 0.6567164179104478, "f1": 0.6274509803921569, "auc": 0.6507095967537535, "total": 268}, "hypernym": {"prec": 0.7038123167155426, "recall": 0.8955223880597015, "f1": 0.7881773399014779, "auc": 0.7956321670053604, "total": 268}, "total": {"prec": 0.7052631578947368, "recall": 0.8125, "f1": 0.7550931946250542, "auc": 0.8244842460614412, "total": 1072}}