{"spouse": {"f1": 0.7366548042704626, "recall": 0.7723880597014925, "prec": 0.7040816326530612, "auc": 0.7616350167813654}, "NA": {"f1": 0.0, "recall": 0.0, "prec": 0.0, "auc": 0.0}, "hypernym": {"f1": 0.8302583025830259, "recall": 0.8395522388059702, "prec": 0.8211678832116789, "auc": 0.8598851840931259}, "birthPlace": {"f1": 0.6435643564356435, "recall": 0.7276119402985075, "prec": 0.5769230769230769, "auc": 0.6440917313316392}, "birthDate": {"f1": 0.9479553903345724, "recall": 0.9514925373134329, "prec": 0.9444444444444444, "auc": 0.9822546511665183}, "total": {"f1": 0.7824116047144152, "recall": 0.8050373134328358, "prec": 0.7610229276895943, "auc": 0.8566170898036237}}