{"birthPlace": {"prec": 0.6151515151515151, "auc": 0.723316579072915, "f1": 0.694017094017094, "recall": 0.796078431372549}, "birthDate": {"prec": 0.9722222222222222, "auc": 0.981186711841359, "f1": 0.9664694280078895, "recall": 0.9607843137254902}, "total": {"prec": 0.7294727744165946, "auc": 0.87099151232448, "f1": 0.7753789618741388, "recall": 0.8274509803921568}, "NA": {"prec": 0.0, "auc": 0.0, "f1": 0.0, "recall": 0.0}, "spouse": {"prec": 0.6146788990825688, "auc": 0.7561754296506527, "f1": 0.6907216494845361, "recall": 0.788235294117647}, "hypernym": {"prec": 0.8028169014084507, "auc": 0.8949552634160572, "f1": 0.8460111317254174, "recall": 0.8941176470588236}}