{"birthPlace": {"recall": 1.0, "f1": 0.391812865497076, "prec": 0.24363636363636362, "total": 268, "auc": 0.23579604961411083}, "spouse": {"recall": 1.0, "f1": 0.39209948792977317, "prec": 0.24385805277525022, "total": 268, "auc": 0.25455362788767244}, "birthDate": {"recall": 1.0, "f1": 0.391812865497076, "prec": 0.24363636363636362, "total": 268, "auc": 0.23193407079207784}, "total": {"recall": 1.0, "f1": 0.39174127535172665, "prec": 0.24358100431720064, "total": 1072, "auc": 0.245611967749304}, "NA": {"recall": 0.0, "f1": 0.0, "prec": 0.0, "total": 0, "auc": 0.0}, "hypernym": {"recall": 1.0, "f1": 0.39238653001464124, "prec": 0.24408014571949, "total": 268, "auc": 0.24225996053647125}}