{"NA": {"f1": 0.0, "auc": 0.0, "prec": 0.0, "recall": 0.0}, "hypernym": {"f1": 0.5492227979274611, "auc": 0.3931646153035216, "prec": 0.42063492063492064, "recall": 0.7910447761194029}, "total": {"f1": 0.6474483833268407, "auc": 0.6081582322152861, "prec": 0.5558528428093645, "recall": 0.7751865671641791}, "birthPlace": {"f1": 0.5866666666666667, "auc": 0.5022008202401068, "prec": 0.4864864864864865, "recall": 0.7388059701492538}, "spouse": {"f1": 0.8812949640287769, "auc": 0.8678454377779158, "prec": 0.8506944444444444, "recall": 0.914179104477612}, "birthDate": {"f1": 0.7644927536231885, "auc": 0.7516552600539235, "prec": 0.7429577464788732, "recall": 0.7873134328358209}}