{"birthDate": {"recall": 0.8705882352941177, "prec": 0.6915887850467289, "auc": 0.8383477880958692, "f1": 0.7708333333333334}, "NA": {"recall": 0.0, "prec": 0.0, "auc": 0.0, "f1": 0.0}, "hypernym": {"recall": 0.8274509803921568, "prec": 0.5509138381201044, "auc": 0.6542217266308237, "f1": 0.6614420062695924}, "spouse": {"recall": 1.0, "prec": 0.8443708609271523, "auc": 0.8681362470890066, "f1": 0.9156193895870736}, "birthPlace": {"recall": 0.6941176470588235, "prec": 0.554858934169279, "auc": 0.5680161350170156, "f1": 0.6167247386759582}, "total": {"recall": 0.7862745098039216, "prec": 0.6745164003364171, "auc": 0.7699853388889667, "f1": 0.7261204164780443}}