{"spouse": {"recall": 0.9589552238805971, "auc": 0.8665641120606201, "prec": 0.8481848184818482, "f1": 0.9001751313485115}, "total": {"recall": 0.7332089552238806, "auc": 0.6282765172146013, "prec": 0.5874439461883408, "f1": 0.6522821576763486}, "birthPlace": {"recall": 0.746268656716418, "auc": 0.5650346190933244, "prec": 0.48661800486618007, "f1": 0.5891016200294551}, "hypernym": {"recall": 0.6977611940298507, "auc": 0.45745842852352314, "prec": 0.43488372093023253, "f1": 0.5358166189111748}, "birthDate": {"recall": 0.8283582089552238, "auc": 0.7886998569256456, "prec": 0.6646706586826348, "f1": 0.7375415282392026}, "NA": {"recall": 0.0, "auc": 0.0, "prec": 0.0, "f1": 0.0}}