{"birthDate": {"recall": 0.7761194029850746, "f1": 0.760511882998172, "prec": 0.7455197132616488, "auc": 0.7942165313562375}, "NA": {"recall": 0.0, "f1": 0.0, "prec": 0.0, "auc": 0.0}, "spouse": {"recall": 0.9216417910447762, "f1": 0.8821428571428572, "prec": 0.8458904109589042, "auc": 0.8824828459914663}, "birthPlace": {"recall": 0.8544776119402985, "f1": 0.5710723192019951, "prec": 0.4288389513108614, "auc": 0.5445813748566809}, "hypernym": {"recall": 0.7835820895522388, "f1": 0.5440414507772021, "prec": 0.4166666666666667, "auc": 0.4276084012304672}, "total": {"recall": 0.7985074626865671, "f1": 0.6497153700189753, "prec": 0.5476647472808701, "auc": 0.6462848681551444}}