{"birthPlace": {"recall": 0.7843137254901961, "f1": 0.5979073243647234, "prec": 0.4830917874396135, "auc": 0.5687131300176016}, "hypernym": {"recall": 0.7607843137254902, "f1": 0.6531986531986532, "prec": 0.5722713864306784, "auc": 0.6372699173613516}, "birthDate": {"recall": 0.8470588235294118, "f1": 0.7632508833922261, "prec": 0.6945337620578779, "auc": 0.834472728334235}, "spouse": {"recall": 1.0, "f1": 0.9156193895870736, "prec": 0.8443708609271523, "auc": 0.9021587230038551}, "NA": {"recall": 0.0, "f1": 0.0, "prec": 0.0, "auc": 0.0}, "total": {"recall": 0.7872549019607843, "f1": 0.7270258035310094, "prec": 0.6753574432296047, "auc": 0.7838228324391292}}