{"total": {"total": 1020, "auc": 0.861663241900797, "prec": 0.7901878914405011, "recall": 0.7421568627450981, "f1": 0.7654196157735087}, "NA": {"total": 0, "auc": 0.0, "prec": 0.0, "recall": 0.0, "f1": 0.0}, "birthPlace": {"total": 255, "auc": 0.6884523943981301, "prec": 0.597444089456869, "recall": 0.7333333333333333, "f1": 0.6584507042253521}, "spouse": {"total": 255, "auc": 0.8014243456583863, "prec": 0.7109375, "recall": 0.7137254901960784, "f1": 0.7123287671232876}, "hypernym": {"total": 255, "auc": 0.8875396757691275, "prec": 0.7913669064748201, "recall": 0.8627450980392157, "f1": 0.8255159474671669}, "birthDate": {"total": 255, "auc": 0.973661117364833, "prec": 0.9242424242424242, "recall": 0.9568627450980393, "f1": 0.9402697495183044}}