{"NA": {"prec": 0.0, "recall": 0.0, "auc": 0.0, "f1": 0.0}, "spouse": {"prec": 0.6666666666666666, "recall": 0.7388059701492538, "auc": 0.7504030311426928, "f1": 0.7008849557522123}, "birthDate": {"prec": 0.9486166007905138, "recall": 0.8955223880597015, "auc": 0.9734663831475461, "f1": 0.9213051823416507}, "hypernym": {"prec": 0.7564102564102564, "recall": 0.8805970149253731, "auc": 0.8251489289697379, "f1": 0.8137931034482757}, "total": {"prec": 0.7286084701815039, "recall": 0.7863805970149254, "auc": 0.8334597001092121, "f1": 0.7563930013458949}, "birthPlace": {"prec": 0.5789473684210527, "recall": 0.6977611940298507, "auc": 0.6462548174252292, "f1": 0.6328257191201353}}