{"birthPlace": {"recall": 0.7725490196078432, "prec": 0.48166259168704156, "f1": 0.5933734939759037, "auc": 0.5413738933619108}, "birthDate": {"recall": 0.8, "prec": 0.6915254237288135, "f1": 0.7418181818181818, "auc": 0.7902027655531113}, "total": {"recall": 0.7049019607843138, "prec": 0.6026823134953898, "f1": 0.64979665612291, "auc": 0.6567060098028392}, "hypernym": {"recall": 0.615686274509804, "prec": 0.490625, "f1": 0.5460869565217391, "auc": 0.4772390198766144}, "NA": {"recall": 0.0, "prec": 0.0, "f1": 0.0, "auc": 0.0}, "spouse": {"recall": 0.9058823529411765, "prec": 0.8555555555555555, "f1": 0.88, "auc": 0.8922576521590578}}