{"NA": {"prec": 0.0, "recall": 0.0, "f1": 0.0, "auc": 0.0, "total": 0}, "spouse": {"prec": 0.7224334600760456, "recall": 0.7450980392156863, "f1": 0.7335907335907336, "auc": 0.8033191546483416, "total": 255}, "birthDate": {"prec": 0.9166666666666666, "recall": 0.9490196078431372, "f1": 0.9325626204238919, "auc": 0.9696281652754818, "total": 255}, "birthPlace": {"prec": 0.5833333333333334, "recall": 0.796078431372549, "f1": 0.6733001658374793, "auc": 0.6828003293883712, "total": 255}, "hypernym": {"prec": 0.8455284552845529, "recall": 0.8156862745098039, "f1": 0.8303393213572856, "auc": 0.8665833022924981, "total": 255}, "total": {"prec": 0.7398589065255732, "recall": 0.8225490196078431, "f1": 0.7790157845868153, "auc": 0.854135476418477, "total": 1020}}