{"birthPlace": {"prec": 0.5862068965517241, "f1": 0.6238532110091743, "recall": 0.6666666666666666, "auc": 0.5849533565490187}, "total": {"prec": 0.6719367588932806, "f1": 0.7439824945295405, "recall": 0.8333333333333334, "auc": 0.7881082125831268}, "spouse": {"prec": 0.8471760797342193, "f1": 0.9172661870503597, "recall": 1.0, "auc": 0.9142880735967167}, "NA": {"prec": 0.0, "f1": 0.0, "recall": 0.0, "auc": 0.0}, "birthDate": {"prec": 0.7562724014336918, "f1": 0.7902621722846441, "recall": 0.8274509803921568, "auc": 0.8509048042627819}, "hypernym": {"prec": 0.6279863481228669, "f1": 0.6715328467153284, "recall": 0.7215686274509804, "auc": 0.6601860103733127}}