{"NA": {"prec": 0.0, "recall": 0.0, "f1": 0.0, "auc": 0.0, "total": 0}, "spouse": {"prec": 0.8489932885906041, "recall": 0.9921568627450981, "f1": 0.9150090415913201, "auc": 0.8736727949383177, "total": 255}, "birthDate": {"prec": 0.7192429022082019, "recall": 0.8941176470588236, "f1": 0.7972027972027973, "auc": 0.8273736424346813, "total": 255}, "birthPlace": {"prec": 0.47333333333333333, "recall": 0.8352941176470589, "f1": 0.6042553191489362, "auc": 0.5646508329400293, "total": 255}, "hypernym": {"prec": 0.6118421052631579, "recall": 0.7294117647058823, "f1": 0.6654740608228981, "auc": 0.6524240151485988, "total": 255}, "total": {"prec": 0.6394913986537023, "recall": 0.8382352941176471, "f1": 0.7254985150615189, "auc": 0.7583592297886474, "total": 1020}}