{"NA": {"prec": 0.0, "auc": 0.0, "recall": 0.0, "f1": 0.0, "total": 0}, "birthPlace": {"prec": 0.5035294117647059, "auc": 0.5779552339597731, "recall": 0.7985074626865671, "f1": 0.6176046176046176, "total": 268}, "hypernym": {"prec": 0.60932944606414, "auc": 0.6858500627733126, "recall": 0.7798507462686567, "f1": 0.6841243862520459, "total": 268}, "spouse": {"prec": 0.864516129032258, "auc": 0.8792756104473374, "recall": 1.0, "f1": 0.9273356401384083, "total": 268}, "total": {"prec": 0.6747720364741642, "auc": 0.7733456679100988, "recall": 0.8283582089552238, "f1": 0.7437185929648241, "total": 1072}, "birthDate": {"prec": 0.7293729372937293, "auc": 0.8059630450525069, "recall": 0.8246268656716418, "f1": 0.774080560420315, "total": 268}}