{"spouse": {"recall": 0.8470149253731343, "prec": 0.6253443526170799, "auc": 0.7691843019157303, "f1": 0.7194928684627575}, "NA": {"recall": 0.0, "prec": 0.0, "auc": 0.0, "f1": 0.0}, "hypernym": {"recall": 0.8768656716417911, "prec": 0.818815331010453, "auc": 0.8848319296257687, "f1": 0.8468468468468469}, "total": {"recall": 0.8078358208955224, "prec": 0.7277310924369748, "auc": 0.8501272348490128, "f1": 0.7656940760389036}, "birthPlace": {"recall": 0.8171641791044776, "prec": 0.5251798561151079, "auc": 0.6554680311219945, "f1": 0.6394160583941606}, "birthDate": {"recall": 0.9291044776119403, "prec": 0.9325842696629213, "auc": 0.9767394021610016, "f1": 0.930841121495327}}