{"spouse": {"recall": 0.9402985074626866, "prec": 0.863013698630137, "auc": 0.9118592233168311, "f1": 0.9}, "total": {"recall": 0.7192164179104478, "prec": 0.6172938350680545, "auc": 0.6771458456022832, "f1": 0.6643688065489014}, "NA": {"recall": 0.0, "prec": 0.0, "auc": 0.0, "f1": 0.0}, "birthPlace": {"recall": 0.7723880597014925, "prec": 0.4825174825174825, "auc": 0.5612854473167764, "f1": 0.593974175035868}, "birthDate": {"recall": 0.8656716417910447, "prec": 0.6498599439775911, "auc": 0.7889947781820014, "f1": 0.7424}, "hypernym": {"recall": 0.6529850746268657, "prec": 0.4781420765027322, "auc": 0.5180352459345499, "f1": 0.5520504731861199}}