{"birthPlace": {"prec": 0.5722543352601156, "recall": 0.7764705882352941, "f1": 0.6589018302828619, "auc": 0.6498917026824901}, "spouse": {"prec": 0.6554054054054054, "recall": 0.7607843137254902, "f1": 0.7041742286751361, "auc": 0.7798549469372769}, "NA": {"prec": 0.0, "recall": 0.0, "f1": 0.0, "auc": 0.0}, "birthDate": {"prec": 0.9715447154471545, "recall": 0.9372549019607843, "f1": 0.9540918163672656, "auc": 0.9778780921929043}, "hypernym": {"prec": 0.8120300751879699, "recall": 0.8470588235294118, "f1": 0.8291746641074856, "auc": 0.8937083321127375}, "total": {"prec": 0.7467652495378928, "recall": 0.792156862745098, "f1": 0.7687916270218839, "auc": 0.8616422982485386}}