{"spouse": {"auc": 0.3789042176876618, "total": 255, "prec": 0.44308943089430897, "recall": 0.42745098039215684, "f1": 0.4351297405189621}, "birthDate": {"auc": 0.377954895966019, "total": 255, "prec": 0.3177441540577717, "recall": 0.9058823529411765, "f1": 0.4704684317718942}, "total": {"auc": 0.25798796516177974, "total": 1020, "prec": 0.26093790935289496, "recall": 0.9764705882352941, "f1": 0.41182551168079384}, "NA": {"auc": 0.0, "total": 0, "prec": 0.0, "recall": 0.0, "f1": 0.0}, "birthPlace": {"auc": 0.36644363564031857, "total": 255, "prec": 0.3474264705882353, "recall": 0.7411764705882353, "f1": 0.47309136420525655}, "hypernym": {"auc": 0.24736069086366916, "total": 255, "prec": 0.2478134110787172, "recall": 1.0, "f1": 0.39719626168224303}}