{"total": {"f1": 0.7430117222723174, "recall": 0.807843137254902, "prec": 0.6878130217028381, "auc": 0.8018468301246552}, "spouse": {"f1": 0.9183303085299455, "recall": 0.9921568627450981, "prec": 0.8547297297297297, "auc": 0.9109902496849143}, "hypernym": {"f1": 0.6731078904991947, "recall": 0.8196078431372549, "prec": 0.5710382513661202, "auc": 0.6813916619652493}, "NA": {"f1": 0.0, "recall": 0.0, "prec": 0.0, "auc": 0.0}, "birthDate": {"f1": 0.7969052224371375, "recall": 0.807843137254902, "prec": 0.7862595419847328, "auc": 0.8626004680050978}, "birthPlace": {"f1": 0.6255924170616114, "recall": 0.7764705882352941, "prec": 0.5238095238095238, "auc": 0.6177700719143323}}