{"NA": {"f1": 0.0, "recall": 0.0, "auc": 0.0, "prec": 0.0}, "hypernym": {"f1": 0.6666666666666666, "recall": 0.6492537313432836, "auc": 0.7039148061501895, "prec": 0.6850393700787402}, "birthPlace": {"f1": 0.6291793313069909, "recall": 0.7723880597014925, "auc": 0.5745798847011301, "prec": 0.5307692307692308}, "birthDate": {"f1": 0.7918088737201364, "recall": 0.8656716417910447, "auc": 0.8339976953661791, "prec": 0.7295597484276729}, "spouse": {"f1": 0.9321739130434783, "recall": 1.0, "auc": 0.8915641988615883, "prec": 0.8729641693811075}, "total": {"f1": 0.7496790757381258, "recall": 0.8171641791044776, "auc": 0.7908859064732114, "prec": 0.6924901185770751}}