{"hypernym": {"f1": 0.843585237258348, "prec": 0.7973421926910299, "auc": 0.8901272401002658, "recall": 0.8955223880597015}, "birthPlace": {"f1": 0.6632124352331606, "prec": 0.617363344051447, "auc": 0.7293482712657613, "recall": 0.7164179104477612}, "spouse": {"f1": 0.7152103559870551, "prec": 0.6314285714285715, "auc": 0.7620766044832394, "recall": 0.8246268656716418}, "total": {"f1": 0.781609195402299, "prec": 0.7706255666364461, "auc": 0.8744499360793763, "recall": 0.792910447761194}, "birthDate": {"f1": 0.9503816793893128, "prec": 0.97265625, "auc": 0.9863839318519511, "recall": 0.9291044776119403}, "NA": {"f1": 0.0, "prec": 0.0, "auc": 0.0, "recall": 0.0}}