{"NA": {"prec": 0.0, "recall": 0.0, "f1": 0.0, "auc": 0.0, "total": 0}, "spouse": {"prec": 0.6191950464396285, "recall": 0.7843137254901961, "f1": 0.6920415224913495, "auc": 0.7659575785861379, "total": 255}, "birthDate": {"prec": 0.8876811594202898, "recall": 0.9607843137254902, "f1": 0.9227871939736347, "auc": 0.9643260353298224, "total": 255}, "birthPlace": {"prec": 0.5621301775147929, "recall": 0.7450980392156863, "f1": 0.6408094435075885, "auc": 0.6330114415625672, "total": 255}, "hypernym": {"prec": 0.776595744680851, "recall": 0.8588235294117647, "f1": 0.8156424581005587, "auc": 0.8605140198806601, "total": 255}, "total": {"prec": 0.725140712945591, "recall": 0.7578431372549019, "f1": 0.7411313518696068, "auc": 0.8326655662967642, "total": 1020}}