{"NA": {"prec": 0.0, "recall": 0.0, "f1": 0.0, "auc": 0.0, "total": 0}, "spouse": {"prec": 0.8729641693811075, "recall": 1.0, "f1": 0.9321739130434783, "auc": 0.9026645967775341, "total": 268}, "birthDate": {"prec": 0.7601351351351351, "recall": 0.8395522388059702, "f1": 0.7978723404255319, "auc": 0.8462795641793559, "total": 268}, "birthPlace": {"prec": 0.5549295774647888, "recall": 0.7350746268656716, "f1": 0.6324237560192617, "auc": 0.6008200706388834, "total": 268}, "hypernym": {"prec": 0.6046511627906976, "recall": 0.7761194029850746, "f1": 0.6797385620915033, "auc": 0.7086148034526576, "total": 268}, "total": {"prec": 0.6933333333333334, "recall": 0.8246268656716418, "f1": 0.7533020877716233, "auc": 0.7960274198259328, "total": 1072}}