{"total": {"recall": 0.7574626865671642, "f1": 0.7725975261655567, "total": 1072, "auc": 0.8599739947266374, "prec": 0.7883495145631068}, "birthDate": {"recall": 0.9365671641791045, "f1": 0.9436090225563909, "total": 268, "auc": 0.9798634946553176, "prec": 0.9507575757575758}, "hypernym": {"recall": 0.8694029850746269, "f1": 0.8218694885361552, "total": 268, "auc": 0.8655403920473049, "prec": 0.7792642140468228}, "NA": {"recall": 0.0, "f1": 0.0, "total": 0, "auc": 0.0, "prec": 0.0}, "spouse": {"recall": 0.7798507462686567, "f1": 0.7120954003407155, "total": 268, "auc": 0.757186444951602, "prec": 0.6551724137931034}, "birthPlace": {"recall": 0.7313432835820896, "f1": 0.6457990115321253, "total": 268, "auc": 0.6899261885203847, "prec": 0.5781710914454278}}