{"spouse": {"recall": 0.6941176470588235, "auc": 0.7871080990051815, "prec": 0.688715953307393, "f1": 0.69140625}, "birthPlace": {"recall": 0.8784313725490196, "auc": 0.7013455815438087, "prec": 0.5463414634146342, "f1": 0.6736842105263159}, "birthDate": {"recall": 0.9411764705882353, "auc": 0.9786206238941251, "prec": 0.9448818897637795, "f1": 0.9430255402750491}, "NA": {"recall": 0.0, "auc": 0.0, "prec": 0.0, "f1": 0.0}, "total": {"recall": 0.792156862745098, "auc": 0.8669085898950007, "prec": 0.7651515151515151, "f1": 0.7784200385356455}, "hypernym": {"recall": 0.8941176470588236, "auc": 0.8906605376064107, "prec": 0.7755102040816326, "f1": 0.8306010928961749}}