{"birthDate": {"f1": 0.7864768683274022, "prec": 0.7198697068403909, "recall": 0.8666666666666667, "auc": 0.8504137957317913}, "hypernym": {"f1": 0.6895424836601308, "prec": 0.5910364145658263, "recall": 0.8274509803921568, "auc": 0.6608225896808596}, "spouse": {"f1": 0.9185185185185185, "prec": 0.8701754385964913, "recall": 0.9725490196078431, "auc": 0.9205776871590784}, "NA": {"f1": 0.0, "prec": 0.0, "recall": 0.0, "auc": 0.0}, "total": {"f1": 0.7196652719665271, "prec": 0.6843501326259946, "recall": 0.7588235294117647, "auc": 0.7894735962182594}, "birthPlace": {"f1": 0.6042944785276073, "prec": 0.49622166246851385, "recall": 0.7725490196078432, "auc": 0.578992693822229}}