{"spouse": {"auc": 0.7423736844604409, "total": 268, "prec": 0.6106442577030813, "recall": 0.8134328358208955, "f1": 0.6976}, "total": {"auc": 0.8430644622835147, "total": 1072, "prec": 0.7589696412143514, "recall": 0.769589552238806, "f1": 0.7642427049559981}, "NA": {"auc": 0.0, "total": 0, "prec": 0.0, "recall": 0.0, "f1": 0.0}, "birthPlace": {"auc": 0.6523802530847128, "total": 268, "prec": 0.5852842809364549, "recall": 0.6529850746268657, "f1": 0.617283950617284}, "hypernym": {"auc": 0.844601145060739, "total": 268, "prec": 0.7656765676567657, "recall": 0.8656716417910447, "f1": 0.8126094570928196}, "birthDate": {"auc": 0.9814557129236589, "total": 268, "prec": 0.9613899613899614, "recall": 0.9291044776119403, "f1": 0.9449715370018975}}