{"birthDate": {"recall": 0.9254901960784314, "prec": 0.9182879377431906, "f1": 0.9218749999999999, "auc": 0.9664828350885748}, "NA": {"recall": 0.0, "prec": 0.0, "f1": 0.0, "auc": 0.0}, "total": {"recall": 0.8225490196078431, "prec": 0.7062289562289562, "f1": 0.759963768115942, "auc": 0.8434094402741845}, "birthPlace": {"recall": 0.8509803921568627, "prec": 0.5279805352798054, "f1": 0.6516516516516516, "auc": 0.6469644846400944}, "hypernym": {"recall": 0.8980392156862745, "prec": 0.7435064935064936, "f1": 0.8134991119005329, "auc": 0.8567965434961963}, "spouse": {"recall": 0.792156862745098, "prec": 0.6253869969040248, "f1": 0.6989619377162629, "auc": 0.7727219392630722}}