{"NA": {"recall": 0.0, "total": 0, "auc": 0.0, "f1": 0.0, "prec": 0.0}, "spouse": {"recall": 0.996078431372549, "total": 255, "auc": 0.9277296837615018, "f1": 0.9136690647482014, "prec": 0.8438538205980066}, "birthPlace": {"recall": 0.6823529411764706, "total": 255, "auc": 0.5558805812474598, "f1": 0.5979381443298969, "prec": 0.5321100917431193}, "hypernym": {"recall": 0.796078431372549, "total": 255, "auc": 0.6252035652541449, "f1": 0.66996699669967, "prec": 0.5783475783475783}, "birthDate": {"recall": 0.7843137254901961, "total": 255, "auc": 0.8354308627203443, "f1": 0.7692307692307692, "prec": 0.7547169811320755}, "total": {"recall": 0.8490196078431372, "total": 1020, "auc": 0.7794511370500586, "f1": 0.7180762852404643, "prec": 0.6221264367816092}}