{"spouse": {"total": 255, "prec": 0.8547297297297297, "f1": 0.9183303085299455, "auc": 0.9406694688036961, "recall": 0.9921568627450981}, "total": {"total": 1020, "prec": 0.6620262954369683, "f1": 0.7401642888024211, "auc": 0.79996501572726, "recall": 0.8392156862745098}, "birthDate": {"total": 255, "prec": 0.7482517482517482, "f1": 0.7911275415896487, "auc": 0.8569783159542417, "recall": 0.8392156862745098}, "NA": {"total": 0, "prec": 0.0, "f1": 0.0, "auc": 0.0, "recall": 0.0}, "birthPlace": {"total": 255, "prec": 0.5074626865671642, "f1": 0.6210045662100457, "auc": 0.5914730008629339, "recall": 0.8}, "hypernym": {"total": 255, "prec": 0.5942028985507246, "f1": 0.6833333333333333, "auc": 0.6497072924057722, "recall": 0.803921568627451}}