{"NA": {"prec": 0.0, "recall": 0.0, "f1": 0.0, "auc": 0.0, "total": 0}, "spouse": {"prec": 0.8701298701298701, "recall": 1.0, "f1": 0.9305555555555556, "auc": 0.8872943842498425, "total": 268}, "birthDate": {"prec": 0.7857142857142857, "recall": 0.8208955223880597, "f1": 0.8029197080291971, "auc": 0.8480473003496607, "total": 268}, "birthPlace": {"prec": 0.5365239294710328, "recall": 0.7947761194029851, "f1": 0.6406015037593985, "auc": 0.5917990443765384, "total": 268}, "hypernym": {"prec": 0.6559139784946236, "recall": 0.6828358208955224, "f1": 0.6691042047531992, "auc": 0.7226785064730997, "total": 268}, "total": {"prec": 0.6910953506698188, "recall": 0.8180970149253731, "f1": 0.7492524562152926, "auc": 0.800514415813844, "total": 1072}}