{"NA": {"f1": 0.0, "auc": 0.0, "prec": 0.0, "recall": 0.0}, "spouse": {"f1": 0.7128378378378378, "auc": 0.7422436144074873, "prec": 0.6512345679012346, "recall": 0.7873134328358209}, "hypernym": {"f1": 0.8275862068965517, "auc": 0.8530329624179339, "prec": 0.7692307692307693, "recall": 0.8955223880597015}, "birthPlace": {"f1": 0.6327503974562798, "auc": 0.6541913043953718, "prec": 0.5512465373961218, "recall": 0.7425373134328358}, "birthDate": {"f1": 0.9581749049429658, "auc": 0.9866132113918266, "prec": 0.9767441860465116, "recall": 0.9402985074626866}, "total": {"f1": 0.7680435769405357, "auc": 0.8488228080679516, "prec": 0.7480106100795756, "recall": 0.789179104477612}}