{"NA": {"prec": 0.0, "recall": 0.0, "f1": 0.0, "auc": 0.0, "total": 0}, "spouse": {"prec": 0.6619217081850534, "recall": 0.7294117647058823, "f1": 0.6940298507462687, "auc": 0.7514384443979408, "total": 255}, "birthDate": {"prec": 0.979253112033195, "recall": 0.9254901960784314, "f1": 0.9516129032258065, "auc": 0.9815198504389309, "total": 255}, "birthPlace": {"prec": 0.4859335038363171, "recall": 0.7450980392156863, "f1": 0.5882352941176471, "auc": 0.5703497136840294, "total": 255}, "hypernym": {"prec": 0.6676737160120846, "recall": 0.8666666666666667, "f1": 0.7542662116040957, "auc": 0.7213751901498194, "total": 255}, "total": {"prec": 0.667741935483871, "recall": 0.8117647058823529, "f1": 0.7327433628318584, "auc": 0.7980775964928837, "total": 1020}}