{"NA": {"prec": 0.0, "recall": 0.0, "f1": 0.0, "auc": 0.0, "total": 0}, "spouse": {"prec": 0.8443708609271523, "recall": 1.0, "f1": 0.9156193895870736, "auc": 0.9302905870795564, "total": 255}, "birthDate": {"prec": 0.7346938775510204, "recall": 0.8470588235294118, "f1": 0.7868852459016393, "auc": 0.8507323127390457, "total": 255}, "birthPlace": {"prec": 0.5, "recall": 0.796078431372549, "f1": 0.6142208774583964, "auc": 0.5683268436351029, "total": 255}, "hypernym": {"prec": 0.6138613861386139, "recall": 0.7294117647058823, "f1": 0.6666666666666666, "auc": 0.6675646065066722, "total": 255}, "total": {"prec": 0.6801346801346801, "recall": 0.792156862745098, "f1": 0.7318840579710144, "auc": 0.7972582362196828, "total": 1020}}