{"spouse": {"recall": 1.0, "f1": 0.9205776173285198, "prec": 0.8528428093645485, "auc": 0.9216250142359009}, "hypernym": {"recall": 0.7803921568627451, "f1": 0.6909722222222221, "prec": 0.6199376947040498, "auc": 0.6674784190474756}, "total": {"recall": 0.8088235294117647, "f1": 0.7415730337078652, "prec": 0.6846473029045643, "auc": 0.7985884819926949}, "birthDate": {"recall": 0.8313725490196079, "f1": 0.8060836501901141, "prec": 0.7822878228782287, "auc": 0.8607814357013476}, "NA": {"recall": 0.0, "f1": 0.0, "prec": 0.0, "auc": 0.0}, "birthPlace": {"recall": 0.6980392156862745, "f1": 0.6191304347826087, "prec": 0.55625, "auc": 0.5996338811011623}}