{"hypernym": {"prec": 0.778125, "f1": 0.846938775510204, "recall": 0.9291044776119403, "total": 268, "auc": 0.8869672863078175}, "total": {"prec": 0.7669642857142858, "f1": 0.7837591240875913, "recall": 0.8013059701492538, "total": 1072, "auc": 0.864538212358552}, "spouse": {"prec": 0.7050359712230215, "f1": 0.717948717948718, "recall": 0.7313432835820896, "total": 268, "auc": 0.7573645683609825}, "birthDate": {"prec": 0.9688715953307393, "f1": 0.9485714285714286, "recall": 0.9291044776119403, "total": 268, "auc": 0.9815919674396053}, "birthPlace": {"prec": 0.5390625, "f1": 0.6349693251533742, "recall": 0.7723880597014925, "total": 268, "auc": 0.680944293623316}, "NA": {"prec": 0.0, "f1": 0.0, "recall": 0.0, "total": 0, "auc": 0.0}}