{"birthPlace": {"prec": 0.5524861878453039, "recall": 0.746268656716418, "auc": 0.5910412183868122, "f1": 0.634920634920635}, "NA": {"prec": 0.0, "recall": 0.0, "auc": 0.0, "f1": 0.0}, "hypernym": {"prec": 0.6493506493506493, "recall": 0.746268656716418, "auc": 0.7320055318732105, "f1": 0.6944444444444445}, "spouse": {"prec": 0.8701298701298701, "recall": 1.0, "auc": 0.8906324560161182, "f1": 0.9305555555555556}, "birthDate": {"prec": 0.7703180212014135, "recall": 0.8134328358208955, "auc": 0.861312296028395, "f1": 0.7912885662431943}, "total": {"prec": 0.6951316839584996, "recall": 0.8125, "auc": 0.800082675540237, "f1": 0.749247311827957}}