{"spouse": {"auc": 0.8879136339713419, "f1": 0.8959107806691449, "recall": 0.9450980392156862, "prec": 0.8515901060070671}, "NA": {"auc": 0.0, "f1": 0.0, "recall": 0.0, "prec": 0.0}, "hypernym": {"auc": 0.532623195323903, "f1": 0.60062893081761, "recall": 0.7490196078431373, "prec": 0.5013123359580053}, "total": {"auc": 0.6995645928065134, "f1": 0.6573741007194244, "recall": 0.7166666666666667, "prec": 0.6071428571428571}, "birthDate": {"auc": 0.8069137741511898, "f1": 0.7547169811320754, "recall": 0.7843137254901961, "prec": 0.7272727272727273}, "birthPlace": {"auc": 0.5293660337459615, "f1": 0.5636942675159237, "recall": 0.6941176470588235, "prec": 0.4745308310991957}}