{"NA": {"prec": 0.0, "recall": 0.0, "f1": 0.0, "auc": 0.0, "total": 0}, "spouse": {"prec": 0.6697247706422018, "recall": 0.8171641791044776, "f1": 0.7361344537815125, "auc": 0.7813884041086688, "total": 268}, "birthDate": {"prec": 0.9133574007220217, "recall": 0.9440298507462687, "f1": 0.9284403669724771, "auc": 0.9708500899452642, "total": 268}, "birthPlace": {"prec": 0.5597667638483965, "recall": 0.7164179104477612, "f1": 0.6284779050736498, "auc": 0.6668144580958333, "total": 268}, "hypernym": {"prec": 0.7267080745341615, "recall": 0.8731343283582089, "f1": 0.7932203389830509, "auc": 0.816391015250188, "total": 268}, "total": {"prec": 0.720164609053498, "recall": 0.816231343283582, "f1": 0.765194578049847, "auc": 0.8395996981889471, "total": 1072}}