{"total": {"f1": 0.7698042870456664, "recall": 0.8098039215686275, "auc": 0.847885901314038, "prec": 0.7335701598579041}, "birthDate": {"f1": 0.9418837675350702, "recall": 0.9215686274509803, "auc": 0.9702077909050812, "prec": 0.9631147540983607}, "NA": {"f1": 0.0, "recall": 0.0, "auc": 0.0, "prec": 0.0}, "spouse": {"f1": 0.6949152542372882, "recall": 0.803921568627451, "auc": 0.7810517497383539, "prec": 0.6119402985074627}, "hypernym": {"f1": 0.8342644320297952, "recall": 0.8784313725490196, "auc": 0.8347255691075095, "prec": 0.7943262411347518}, "birthPlace": {"f1": 0.6712095400340715, "recall": 0.7725490196078432, "auc": 0.6593264668570831, "prec": 0.5933734939759037}}