{"birthDate": {"prec": 0.9619771863117871, "recall": 0.9440298507462687, "f1": 0.9529190207156308, "auc": 0.98291604484737, "total": 268}, "NA": {"prec": 0.0, "recall": 0.0, "f1": 0.0, "auc": 0.0, "total": 0}, "birthPlace": {"prec": 0.5447761194029851, "recall": 0.8171641791044776, "f1": 0.6537313432835821, "auc": 0.6969003652075318, "total": 268}, "total": {"prec": 0.7688172043010753, "recall": 0.8003731343283582, "f1": 0.7842778793418648, "auc": 0.8718076806395755, "total": 1072}, "hypernym": {"prec": 0.8178571428571428, "recall": 0.8544776119402985, "f1": 0.8357664233576643, "auc": 0.8934830120724364, "total": 268}, "spouse": {"prec": 0.7111913357400722, "recall": 0.7350746268656716, "f1": 0.7229357798165137, "auc": 0.7710213588139982, "total": 268}}