{"NA": {"total": 0, "f1": 0.0, "prec": 0.0, "recall": 0.0, "auc": 0.0}, "hypernym": {"total": 268, "f1": 0.39238653001464124, "prec": 0.24408014571949, "recall": 1.0, "auc": 0.2796476539509511}, "total": {"total": 1072, "f1": 0.3924236851783744, "prec": 0.24438845625286304, "recall": 0.9953358208955224, "auc": 0.2527395687909503}, "birthDate": {"total": 268, "f1": 0.39519158527422993, "prec": 0.24741298212605833, "recall": 0.9813432835820896, "auc": 0.2474282924161733}, "spouse": {"total": 268, "f1": 0.39614243323442144, "prec": 0.24722222222222223, "recall": 0.996268656716418, "auc": 0.24342742019874583}, "birthPlace": {"total": 268, "f1": 0.3915266617969321, "prec": 0.24341507720254316, "recall": 1.0, "auc": 0.23465944491451246}}