{"NA": {"prec": 0.0, "recall": 0.0, "f1": 0.0, "auc": 0.0, "total": 0}, "spouse": {"prec": 0.5925925925925926, "recall": 0.8156862745098039, "f1": 0.6864686468646864, "auc": 0.6834223335463103, "total": 255}, "birthDate": {"prec": 0.9828326180257511, "recall": 0.8980392156862745, "f1": 0.9385245901639345, "auc": 0.9753389573617884, "total": 255}, "birthPlace": {"prec": 0.4321266968325792, "recall": 0.7490196078431373, "f1": 0.5480631276901005, "auc": 0.4588531158736078, "total": 255}, "hypernym": {"prec": 0.623229461756374, "recall": 0.8627450980392157, "f1": 0.7236842105263159, "auc": 0.6381085894079538, "total": 255}, "total": {"prec": 0.6191904047976012, "recall": 0.8098039215686275, "f1": 0.7017841971112999, "auc": 0.7235922109559088, "total": 1020}}