{"NA": {"prec": 0.0, "recall": 0.0, "f1": 0.0, "auc": 0.0, "total": 0}, "spouse": {"prec": 0.6689895470383276, "recall": 0.7529411764705882, "f1": 0.7084870848708488, "auc": 0.8020065130330071, "total": 255}, "birthDate": {"prec": 0.9558232931726908, "recall": 0.9333333333333333, "f1": 0.9444444444444444, "auc": 0.9743007578105629, "total": 255}, "birthPlace": {"prec": 0.5511221945137157, "recall": 0.8666666666666667, "f1": 0.6737804878048781, "auc": 0.7119351224923081, "total": 255}, "hypernym": {"prec": 0.8, "recall": 0.8784313725490196, "f1": 0.8373831775700935, "auc": 0.892341954659559, "total": 255}, "total": {"prec": 0.7863590772316951, "recall": 0.7686274509803922, "f1": 0.7773921665840356, "auc": 0.869363445598734, "total": 1020}}