{"spouse": {"auc": 0.8864931096208767, "prec": 0.8410596026490066, "recall": 0.9477611940298507, "f1": 0.8912280701754385}, "hypernym": {"auc": 0.46821543432964535, "prec": 0.47959183673469385, "recall": 0.5261194029850746, "f1": 0.501779359430605}, "birthDate": {"auc": 0.8246012426362263, "prec": 0.7655677655677655, "recall": 0.7798507462686567, "f1": 0.7726432532347505}, "birthPlace": {"auc": 0.5086937487999772, "prec": 0.48346055979643765, "recall": 0.7089552238805971, "f1": 0.5748865355521936}, "total": {"auc": 0.6549590326785839, "prec": 0.585243553008596, "recall": 0.7621268656716418, "f1": 0.6620745542949757}, "NA": {"auc": 0.0, "prec": 0.0, "recall": 0.0, "f1": 0.0}}