{"total": {"recall": 0.8196078431372549, "prec": 0.7545126353790613, "f1": 0.7857142857142857, "auc": 0.8635832837490798}, "birthPlace": {"recall": 0.7843137254901961, "prec": 0.591715976331361, "f1": 0.6745362563237775, "auc": 0.6612200703712428}, "spouse": {"recall": 0.7529411764705882, "prec": 0.6857142857142857, "f1": 0.7177570093457943, "auc": 0.7860582661841182}, "hypernym": {"recall": 0.8823529411764706, "prec": 0.8364312267657993, "f1": 0.8587786259541985, "auc": 0.8495926289267629}, "birthDate": {"recall": 0.9529411764705882, "prec": 0.9681274900398407, "f1": 0.9604743083003953, "auc": 0.9810576681187019}, "NA": {"recall": 0.0, "prec": 0.0, "f1": 0.0, "auc": 0.0}}