{"hypernym": {"recall": 0.8656716417910447, "total": 268, "prec": 0.672463768115942, "auc": 0.7442085108949164, "f1": 0.7569331158238173}, "total": {"recall": 0.8610074626865671, "total": 1072, "prec": 0.6291751874573961, "auc": 0.7743636330680825, "f1": 0.7270578968097676}, "birthPlace": {"recall": 0.8134328358208955, "total": 268, "prec": 0.4708423326133909, "auc": 0.5524046544905025, "f1": 0.5964432284541723}, "spouse": {"recall": 0.7835820895522388, "total": 268, "prec": 0.6086956521739131, "auc": 0.6973662817272215, "f1": 0.6851549755301795}, "birthDate": {"recall": 0.9365671641791045, "total": 268, "prec": 0.9400749063670412, "auc": 0.9810136212875001, "f1": 0.9383177570093457}, "NA": {"recall": 0.0, "total": 0, "prec": 0.0, "auc": 0.0, "f1": 0.0}}