{"spouse": {"recall": 1.0, "auc": 0.8795687591364297, "f1": 0.9305555555555556, "prec": 0.8701298701298701}, "birthDate": {"recall": 0.9067164179104478, "auc": 0.8627264459157582, "f1": 0.8019801980198019, "prec": 0.7189349112426036}, "birthPlace": {"recall": 0.8582089552238806, "auc": 0.5841135333264479, "f1": 0.625, "prec": 0.49145299145299143}, "hypernym": {"recall": 0.7686567164179104, "auc": 0.7055267675026451, "f1": 0.6732026143790849, "prec": 0.5988372093023255}, "total": {"recall": 0.8106343283582089, "auc": 0.795877039699447, "f1": 0.7465635738831614, "prec": 0.6918789808917197}, "NA": {"recall": 0.0, "auc": 0.0, "f1": 0.0, "prec": 0.0}}