{"total": {"prec": 0.7684310018903592, "f1": 0.7633802816901408, "auc": 0.8502636388015894, "total": 1072, "recall": 0.7583955223880597}, "hypernym": {"prec": 0.7887323943661971, "f1": 0.8115942028985507, "auc": 0.8785032024659912, "total": 268, "recall": 0.835820895522388}, "birthPlace": {"prec": 0.6176470588235294, "f1": 0.6222222222222222, "auc": 0.6451871152152605, "total": 268, "recall": 0.6268656716417911}, "spouse": {"prec": 0.6677215189873418, "f1": 0.7226027397260274, "auc": 0.7594174532282132, "total": 268, "recall": 0.7873134328358209}, "NA": {"prec": 0.0, "f1": 0.0, "auc": 0.0, "total": 0, "recall": 0.0}, "birthDate": {"prec": 0.9536679536679536, "f1": 0.9373814041745732, "auc": 0.977017202815931, "total": 268, "recall": 0.9216417910447762}}