{"birthPlace": {"prec": 0.4806378132118451, "recall": 0.8274509803921568, "f1": 0.6080691642651297, "total": 255, "auc": 0.6003382230339157}, "birthDate": {"prec": 0.7380952380952381, "recall": 0.8509803921568627, "f1": 0.7905282331511839, "total": 255, "auc": 0.8482183855689875}, "NA": {"prec": 0.0, "recall": 0.0, "f1": 0.0, "total": 0, "auc": 0.0}, "total": {"prec": 0.7031111111111111, "recall": 0.7754901960784314, "f1": 0.7375291375291376, "total": 1020, "auc": 0.7902716643517161}, "hypernym": {"prec": 0.5529715762273901, "recall": 0.8392156862745098, "f1": 0.6666666666666666, "total": 255, "auc": 0.6491423679347021}, "spouse": {"prec": 0.8571428571428571, "recall": 0.9882352941176471, "f1": 0.9180327868852458, "total": 255, "auc": 0.9139134344194563}}