{"birthPlace": {"recall": 0.8274509803921568, "total": 255, "prec": 0.482837528604119, "auc": 0.5505455362730763, "f1": 0.6098265895953757}, "NA": {"recall": 0.0, "total": 0, "prec": 0.0, "auc": 0.0, "f1": 0.0}, "total": {"recall": 0.8637254901960785, "total": 1020, "prec": 0.5980991174473863, "auc": 0.7576050982422797, "f1": 0.706778981147212}, "birthDate": {"recall": 0.7843137254901961, "total": 255, "prec": 0.7117437722419929, "auc": 0.8168757725815867, "f1": 0.746268656716418}, "hypernym": {"recall": 0.7137254901960784, "total": 255, "prec": 0.5531914893617021, "auc": 0.5908829211095019, "f1": 0.6232876712328768}, "spouse": {"recall": 1.0, "total": 255, "prec": 0.8415841584158416, "auc": 0.8797538518914233, "f1": 0.913978494623656}}