{"birthPlace": {"prec": 0.5567567567567567, "f1": 0.6592, "auc": 0.679844270288736, "recall": 0.807843137254902, "total": 255}, "birthDate": {"prec": 0.9365079365079365, "f1": 0.9309664694280079, "auc": 0.9700190960684625, "recall": 0.9254901960784314, "total": 255}, "NA": {"prec": 0.0, "f1": 0.0, "auc": 0.0, "recall": 0.0, "total": 0}, "total": {"prec": 0.7185886402753873, "f1": 0.7653528872593951, "auc": 0.8506289066072965, "recall": 0.8186274509803921, "total": 1020}, "spouse": {"prec": 0.6404833836858006, "f1": 0.7235494880546075, "auc": 0.7849531222952354, "recall": 0.8313725490196079, "total": 255}, "hypernym": {"prec": 0.8294573643410853, "f1": 0.8343079922027291, "auc": 0.8920900021112383, "recall": 0.8392156862745098, "total": 255}}