{"total": {"auc": 0.8690641065196401, "recall": 0.7784313725490196, "f1": 0.7735021919142717, "prec": 0.7686350435624395}, "hypernym": {"auc": 0.9028640376151273, "recall": 0.8235294117647058, "f1": 0.8300395256916997, "prec": 0.8366533864541833}, "NA": {"auc": 0.0, "recall": 0.0, "f1": 0.0, "prec": 0.0}, "spouse": {"auc": 0.7840676949077482, "recall": 0.7568627450980392, "f1": 0.706959706959707, "prec": 0.6632302405498282}, "birthDate": {"auc": 0.9799360790847245, "recall": 0.9450980392156862, "f1": 0.9450980392156862, "prec": 0.9450980392156862}, "birthPlace": {"auc": 0.6763207936565216, "recall": 0.7764705882352941, "f1": 0.6792452830188679, "prec": 0.6036585365853658}}