{"NA": {"prec": 0.0, "auc": 0.0, "recall": 0.0, "f1": 0.0}, "hypernym": {"prec": 0.7945205479452054, "auc": 0.9055358041070014, "recall": 0.9098039215686274, "f1": 0.8482632541133455}, "birthPlace": {"prec": 0.5930232558139535, "auc": 0.6869389916393225, "recall": 0.8, "f1": 0.6811352253756262}, "spouse": {"prec": 0.6654804270462633, "auc": 0.7682693162306227, "recall": 0.7333333333333333, "f1": 0.6977611940298506}, "total": {"prec": 0.7488789237668162, "auc": 0.8698349987809749, "recall": 0.8186274509803921, "f1": 0.7822014051522249}, "birthDate": {"prec": 0.9635627530364372, "auc": 0.980756849869708, "recall": 0.9333333333333333, "f1": 0.948207171314741}}