{"spouse": {"prec": 0.8610169491525423, "f1": 0.9023090586145648, "auc": 0.8882971175284446, "recall": 0.9477611940298507}, "NA": {"prec": 0.0, "f1": 0.0, "auc": 0.0, "recall": 0.0}, "total": {"prec": 0.6284552845528455, "f1": 0.6715899218071242, "auc": 0.6757363923471094, "recall": 0.7210820895522388}, "hypernym": {"prec": 0.42244897959183675, "f1": 0.5461741424802111, "auc": 0.5003600316284353, "recall": 0.7723880597014925}, "birthDate": {"prec": 0.7672727272727272, "f1": 0.7771639042357273, "auc": 0.8142383435911177, "recall": 0.7873134328358209}, "birthPlace": {"prec": 0.4895287958115183, "f1": 0.5753846153846154, "auc": 0.5033691598839898, "recall": 0.6977611940298507}}