{"NA": {"prec": 0.0, "recall": 0.0, "f1": 0.0, "auc": 0.0, "total": 0}, "spouse": {"prec": 0.6275659824046921, "recall": 0.7985074626865671, "f1": 0.7027914614121511, "auc": 0.7621004239834388, "total": 268}, "birthDate": {"prec": 0.9124087591240876, "recall": 0.9328358208955224, "f1": 0.922509225092251, "auc": 0.968967868027875, "total": 268}, "birthPlace": {"prec": 0.6216216216216216, "recall": 0.6865671641791045, "f1": 0.652482269503546, "auc": 0.6754828493452695, "total": 268}, "hypernym": {"prec": 0.8067796610169492, "recall": 0.8880597014925373, "f1": 0.8454706927175845, "auc": 0.8663972740814598, "total": 268}, "total": {"prec": 0.7392426850258176, "recall": 0.8013059701492538, "f1": 0.7690241718889884, "auc": 0.8501043751456459, "total": 1072}}