{"hypernym": {"recall": 0.9216417910447762, "prec": 0.7816455696202531, "total": 268, "auc": 0.9000072644445363, "f1": 0.845890410958904}, "NA": {"recall": 0.0, "prec": 0.0, "total": 0, "auc": 0.0, "f1": 0.0}, "birthPlace": {"recall": 0.8134328358208955, "prec": 0.5396039603960396, "total": 268, "auc": 0.6953147790520328, "f1": 0.6488095238095238}, "total": {"recall": 0.7817164179104478, "prec": 0.7988560533841754, "total": 1072, "auc": 0.8735714963957285, "f1": 0.7901933050447902}, "spouse": {"recall": 0.7388059701492538, "prec": 0.7252747252747253, "total": 268, "auc": 0.7695311719571303, "f1": 0.7319778188539742}, "birthDate": {"recall": 0.9552238805970149, "prec": 0.9516728624535316, "total": 268, "auc": 0.9843745355003158, "f1": 0.9534450651769087}}