{"hypernym": {"f1": 0.5799648506151143, "recall": 0.6470588235294118, "prec": 0.5254777070063694, "auc": 0.5344696826170907}, "spouse": {"f1": 0.8938547486033519, "recall": 0.9411764705882353, "prec": 0.851063829787234, "auc": 0.8978147902010886}, "birthPlace": {"f1": 0.5845272206303724, "recall": 0.8, "prec": 0.4604966139954853, "auc": 0.49424846664932226}, "total": {"f1": 0.6700898587933247, "recall": 0.7676470588235295, "prec": 0.5945330296127562, "auc": 0.6698654763672842}, "birthDate": {"f1": 0.773972602739726, "recall": 0.8862745098039215, "prec": 0.6869300911854104, "auc": 0.8268644037034646}, "NA": {"f1": 0.0, "recall": 0.0, "prec": 0.0, "auc": 0.0}}