{"birthPlace": {"prec": 0.5535248041775457, "f1": 0.664576802507837, "auc": 0.6505042162003497, "recall": 0.8313725490196079}, "birthDate": {"prec": 0.952755905511811, "f1": 0.9508840864440078, "auc": 0.9789487406976204, "recall": 0.9490196078431372}, "NA": {"prec": 0.0, "f1": 0.0, "auc": 0.0, "recall": 0.0}, "hypernym": {"prec": 0.7937062937062938, "f1": 0.8391866913123844, "auc": 0.867134467966169, "recall": 0.8901960784313725}, "total": {"prec": 0.754911131898971, "f1": 0.7726184777405456, "auc": 0.8543539015661541, "recall": 0.7911764705882353}, "spouse": {"prec": 0.6643598615916955, "f1": 0.7058823529411765, "auc": 0.7616102324202804, "recall": 0.7529411764705882}}