{"NA": {"prec": 0.0, "recall": 0.0, "f1": 0.0, "auc": 0.0, "total": 0}, "spouse": {"prec": 0.6228373702422145, "recall": 0.7058823529411765, "f1": 0.661764705882353, "auc": 0.7331698024418167, "total": 255}, "birthDate": {"prec": 0.9421487603305785, "recall": 0.8941176470588236, "f1": 0.9175050301810866, "auc": 0.965673286528392, "total": 255}, "birthPlace": {"prec": 0.5645161290322581, "recall": 0.6862745098039216, "f1": 0.6194690265486725, "auc": 0.617035948813755, "total": 255}, "hypernym": {"prec": 0.7813620071684588, "recall": 0.8549019607843137, "f1": 0.8164794007490637, "auc": 0.8565077461875328, "total": 255}, "total": {"prec": 0.7252747252747253, "recall": 0.7764705882352941, "f1": 0.75, "auc": 0.8248749056521372, "total": 1020}}