{
    "means": {
        "birthdate": {
            "f1_score": 0.9238618538097239,
            "num_actual": 523.0,
            "num_correct": 507.20000000000005,
            "num_predicted": 575.0,
            "precision": 0.8822410924954557,
            "recall": 0.9697896749521988
        },
        "birthplace": {
            "f1_score": 0.8503385552689904,
            "num_actual": 523.0,
            "num_correct": 427.79999999999995,
            "num_predicted": 483.19999999999993,
            "precision": 0.8857019966368882,
            "recall": 0.8179732313575525
        },
        "hypernym": {
            "f1_score": 0.8873683570983137,
            "num_actual": 523.0,
            "num_correct": 462.79999999999995,
            "num_predicted": 520.0,
            "precision": 0.8902658311570166,
            "recall": 0.8848948374760995
        },
        "spouse": {
            "f1_score": 0.8942480925035918,
            "num_actual": 523.0,
            "num_correct": 465.6,
            "num_predicted": 518.4,
            "precision": 0.8987614300455039,
            "recall": 0.8902485659655832
        }
    },
    "ranges": {
        "birthdate": {
            "f1_score": [
                0.926873857404022,
                0.9204339963833635
            ],
            "num_actual": [
                523,
                523
            ],
            "num_correct": [
                514,
                498
            ],
            "num_predicted": [
                589,
                557
            ],
            "precision": [
                0.8940754039497307,
                0.8726655348047538
            ],
            "recall": [
                0.982791586998088,
                0.9521988527724665
            ]
        },
        "birthplace": {
            "f1_score": [
                0.8579823702252694,
                0.842311459353575
            ],
            "num_actual": [
                523,
                523
            ],
            "num_correct": [
                438,
                421
            ],
            "num_predicted": [
                498,
                465
            ],
            "precision": [
                0.9053763440860215,
                0.8634538152610441
            ],
            "recall": [
                0.8374760994263862,
                0.8049713193116634
            ]
        },
        "hypernym": {
            "f1_score": [
                0.8943396226415095,
                0.8801571709233793
            ],
            "num_actual": [
                523,
                523
            ],
            "num_correct": [
                474,
                448
            ],
            "num_predicted": [
                537,
                495
            ],
            "precision": [
                0.9050505050505051,
                0.8820224719101124
            ],
            "recall": [
                0.9063097514340345,
                0.8565965583173997
            ]
        },
        "spouse": {
            "f1_score": [
                0.9029126213592232,
                0.883068288119738
            ],
            "num_actual": [
                523,
                523
            ],
            "num_correct": [
                474,
                457
            ],
            "num_predicted": [
                546,
                500
            ],
            "precision": [
                0.92,
                0.8644688644688645
            ],
            "recall": [
                0.9063097514340345,
                0.8738049713193117
            ]
        }
    },
    "stddevs": {
        "birthdate": {
            "f1_score": 0.0025490997944214978,
            "num_actual": 0.0,
            "num_correct": 5.805170109479997,
            "num_predicted": 12.24744871391589,
            "precision": 0.009348524453404542,
            "recall": 0.011099751643365217
        },
        "birthplace": {
            "f1_score": 0.007636869674812585,
            "num_actual": 0.0,
            "num_correct": 6.870225614927067,
            "num_predicted": 14.481022063376603,
            "precision": 0.016759328699528495,
            "recall": 0.013136186644220015
        },
        "hypernym": {
            "f1_score": 0.005543800532355036,
            "num_actual": 0.0,
            "num_correct": 10.56882207249228,
            "num_predicted": 17.507141400011598,
            "precision": 0.010007453737489493,
            "recall": 0.020208072796352346
        },
        "spouse": {
            "f1_score": 0.009164607745610743,
            "num_actual": 0.0,
            "num_correct": 7.368853370776216,
            "num_predicted": 19.06043021550143,
            "precision": 0.02228205004790731,
            "recall": 0.01408958579498322
        }
    }
}