{
    "means": {
        "birthdate": {
            "f1_score": 0.9166644621804008,
            "num_actual": 268.0,
            "num_correct": 257.4,
            "num_predicted": 293.6,
            "precision": 0.8768946045159707,
            "recall": 0.9604477611940299
        },
        "birthplace": {
            "f1_score": 0.8481710204060539,
            "num_actual": 268.0,
            "num_correct": 220.6,
            "num_predicted": 252.2,
            "precision": 0.8753137206406936,
            "recall": 0.823134328358209
        },
        "hypernym": {
            "f1_score": 0.8900565331937247,
            "num_actual": 268.0,
            "num_correct": 238.0,
            "num_predicted": 266.79999999999995,
            "precision": 0.8923313407397102,
            "recall": 0.8880597014925373
        },
        "spouse": {
            "f1_score": 0.8783912526713453,
            "num_actual": 268.0,
            "num_correct": 233.0,
            "num_predicted": 262.6,
            "precision": 0.888034917220957,
            "recall": 0.8694029850746268
        }
    },
    "ranges": {
        "birthdate": {
            "f1_score": [
                0.9214285714285714,
                0.91005291005291
            ],
            "num_actual": [
                268,
                268
            ],
            "num_correct": [
                262,
                252
            ],
            "num_predicted": [
                302,
                284
            ],
            "precision": [
                0.8873239436619719,
                0.862876254180602
            ],
            "recall": [
                0.9776119402985075,
                0.9402985074626866
            ]
        },
        "birthplace": {
            "f1_score": [
                0.8576850094876661,
                0.8399246704331449
            ],
            "num_actual": [
                268,
                268
            ],
            "num_correct": [
                226,
                216
            ],
            "num_predicted": [
                263,
                238
            ],
            "precision": [
                0.907563025210084,
                0.8479087452471483
            ],
            "recall": [
                0.8432835820895522,
                0.8059701492537313
            ]
        },
        "hypernym": {
            "f1_score": [
                0.8921933085501859,
                0.8868274582560296
            ],
            "num_actual": [
                268,
                268
            ],
            "num_correct": [
                241,
                233
            ],
            "num_predicted": [
                273,
                255
            ],
            "precision": [
                0.9137254901960784,
                0.8819188191881919
            ],
            "recall": [
                0.8992537313432836,
                0.8694029850746269
            ]
        },
        "spouse": {
            "f1_score": [
                0.8931297709923665,
                0.8587155963302752
            ],
            "num_actual": [
                268,
                268
            ],
            "num_correct": [
                237,
                230
            ],
            "num_predicted": [
                277,
                253
            ],
            "precision": [
                0.9140625,
                0.8447653429602888
            ],
            "recall": [
                0.8843283582089553,
                0.8582089552238806
            ]
        }
    },
    "stddevs": {
        "birthdate": {
            "f1_score": 0.004860372958729284,
            "num_actual": 0.0,
            "num_correct": 3.5777087639996634,
            "num_predicted": 7.092249290598858,
            "precision": 0.010912568743706236,
            "recall": 0.013349659567162919
        },
        "birthplace": {
            "f1_score": 0.007322867222937234,
            "num_actual": 0.0,
            "num_correct": 3.9115214431215892,
            "num_predicted": 9.628083921528727,
            "precision": 0.021253341349270472,
            "recall": 0.014595229265379072
        },
        "hypernym": {
            "f1_score": 0.002077087105472643,
            "num_actual": 0.0,
            "num_correct": 3.1622776601683795,
            "num_predicted": 7.224956747275377,
            "precision": 0.012972739305779477,
            "recall": 0.011799543508090959
        },
        "spouse": {
            "f1_score": 0.01354613284492001,
            "num_actual": 0.0,
            "num_correct": 3.0,
            "num_predicted": 9.60728889958036,
            "precision": 0.02740846002477659,
            "recall": 0.011194029850746265
        }
    }
}