{
    "means": {
        "birthdate": {
            "f1_score": 0.014737399745413904,
            "precision": 0.01094536898276268,
            "recall": 0.019160081943225007
        },
        "birthplace": {
            "f1_score": 0.004513487620381085,
            "precision": 0.021905017604941325,
            "recall": -0.010585308750365806
        },
        "hypernym": {
            "f1_score": -0.005543015144910157,
            "precision": -0.004192073174976873,
            "recall": -0.006491074041556933
        },
        "spouse": {
            "f1_score": 0.03233407773503527,
            "precision": 0.021772772626387684,
            "recall": 0.04275387767047117
        }
    },
    "ranges": {
        "birthdate": {
            "f1_score": [
                0.02130144987287852,
                0.007939458311205572
            ],
            "precision": [
                0.020926562720806507,
                -0.00016941768720657446
            ],
            "recall": [
                0.024407374890254574,
                0.010623353819139592
            ]
        },
        "birthplace": {
            "f1_score": [
                0.023463023463023536,
                -0.003350925693222706
            ],
            "precision": [
                0.048778761061946896,
                -0.004479324769555371
            ],
            "recall": [
                0.002443664032777293,
                -0.021085747731928617
            ]
        },
        "hypernym": {
            "f1_score": [
                0.006937840792936689,
                -0.02232651563435506
            ],
            "precision": [
                0.007409244052914765,
                -0.017892156862745034
            ],
            "recall": [
                0.014471758852794836,
                -0.02626573017266609
            ]
        },
        "spouse": {
            "f1_score": [
                0.0496813502346104,
                0.019913707268503167
            ],
            "precision": [
                0.0399930213519788,
                0.006256225099601553
            ],
            "recall": [
                0.060199004975124426,
                0.03198712320749186
            ]
        }
    },
    "stddevs": {
        "birthdate": {
            "f1_score": 0.005543202517726244,
            "precision": 0.007631026684956762,
            "recall": 0.005333757459761476
        },
        "birthplace": {
            "f1_score": 0.011122144653444965,
            "precision": 0.020077107344159552,
            "recall": 0.01060076902170155
        },
        "hypernym": {
            "f1_score": 0.01100751364853297,
            "precision": 0.011104104644782975,
            "recall": 0.018377254733703018
        },
        "spouse": {
            "f1_score": 0.01089213303050784,
            "precision": 0.012931773074204653,
            "recall": 0.01147600949741534
        }
    }
}