{
    "means": {
        "birthdate": {
            "f1_score": 0.9314018619258145,
            "num_actual": 255.0,
            "num_correct": 249.8,
            "num_predicted": 281.40000000000003,
            "precision": 0.8878399734987333,
            "recall": 0.9796078431372548
        },
        "birthplace": {
            "f1_score": 0.852684508026435,
            "num_actual": 255.0,
            "num_correct": 207.20000000000002,
            "num_predicted": 231.0,
            "precision": 0.8972187382456348,
            "recall": 0.8125490196078432
        },
        "hypernym": {
            "f1_score": 0.8845135180488145,
            "num_actual": 255.0,
            "num_correct": 224.8,
            "num_predicted": 253.2,
            "precision": 0.8881392675647335,
            "recall": 0.8815686274509803
        },
        "spouse": {
            "f1_score": 0.9107253304063805,
            "num_actual": 255.0,
            "num_correct": 232.60000000000002,
            "num_predicted": 255.8,
            "precision": 0.9098076898473446,
            "recall": 0.912156862745098
        }
    },
    "ranges": {
        "birthdate": {
            "f1_score": [
                0.9345794392523364,
                0.929368029739777
            ],
            "num_actual": [
                255,
                255
            ],
            "num_correct": [
                252,
                246
            ],
            "num_predicted": [
                287,
                273
            ],
            "precision": [
                0.9010989010989011,
                0.8780487804878049
            ],
            "recall": [
                0.9882352941176471,
                0.9647058823529412
            ]
        },
        "birthplace": {
            "f1_score": [
                0.8690228690228691,
                0.8405797101449276
            ],
            "num_actual": [
                255,
                255
            ],
            "num_correct": [
                212,
                203
            ],
            "num_predicted": [
                239,
                226
            ],
            "precision": [
                0.9247787610619469,
                0.8808510638297873
            ],
            "recall": [
                0.8313725490196079,
                0.796078431372549
            ]
        },
        "hypernym": {
            "f1_score": [
                0.8978805394990365,
                0.8686868686868686
            ],
            "num_actual": [
                255,
                255
            ],
            "num_correct": [
                233,
                215
            ],
            "num_predicted": [
                264,
                240
            ],
            "precision": [
                0.8979591836734694,
                0.875
            ],
            "recall": [
                0.9137254901960784,
                0.8431372549019608
            ]
        },
        "spouse": {
            "f1_score": [
                0.9163346613545816,
                0.9007936507936508
            ],
            "num_actual": [
                255,
                255
            ],
            "num_correct": [
                238,
                227
            ],
            "num_predicted": [
                269,
                247
            ],
            "precision": [
                0.9311740890688259,
                0.8847583643122676
            ],
            "recall": [
                0.9333333333333333,
                0.8901960784313725
            ]
        }
    },
    "stddevs": {
        "birthdate": {
            "f1_score": 0.0020430918143861145,
            "num_actual": 0.0,
            "num_correct": 2.280350850198276,
            "num_predicted": 5.319774431308154,
            "precision": 0.009123043625051102,
            "recall": 0.008942552353718724
        },
        "birthplace": {
            "f1_score": 0.0112902610701294,
            "num_actual": 0.0,
            "num_correct": 3.492849839314596,
            "num_predicted": 5.70087712549569,
            "precision": 0.017412967885948222,
            "recall": 0.013697450350253342
        },
        "hypernym": {
            "f1_score": 0.01099193970784204,
            "num_actual": 0.0,
            "num_correct": 7.496665925596525,
            "num_predicted": 10.894952959971878,
            "precision": 0.009495204462377406,
            "recall": 0.029398689904300085
        },
        "spouse": {
            "f1_score": 0.006318016385062604,
            "num_actual": 0.0,
            "num_correct": 4.722287581247038,
            "num_predicted": 9.654014708917735,
            "precision": 0.017839367359147113,
            "recall": 0.018518774828419782
        }
    }
}