{
    "means": {
        "birthdate": {
            "f1_score": 0.7579689208586715,
            "num_actual": 523.0,
            "num_correct": 434.79999999999995,
            "num_predicted": 624.2,
            "precision": 0.696731095108819,
            "recall": 0.831357552581262
        },
        "birthplace": {
            "f1_score": 0.7109926960920758,
            "num_actual": 523.0,
            "num_correct": 365.2,
            "num_predicted": 504.4,
            "precision": 0.7259790302458425,
            "recall": 0.6982791586998088
        },
        "hypernym": {
            "f1_score": 0.6493083398399558,
            "num_actual": 523.0,
            "num_correct": 339.6,
            "num_predicted": 525.8,
            "precision": 0.6559144919912328,
            "recall": 0.6493307839388145
        },
        "spouse": {
            "f1_score": 0.8093173581324893,
            "num_actual": 523.0,
            "num_correct": 434.0,
            "num_predicted": 549.6,
            "precision": 0.7909189307278911,
            "recall": 0.8298279158699808
        }
    },
    "ranges": {
        "birthdate": {
            "f1_score": [
                0.7766143106457242,
                0.7479964381121994
            ],
            "num_actual": [
                523,
                523
            ],
            "num_correct": [
                445,
                420
            ],
            "num_predicted": [
                649,
                600
            ],
            "precision": [
                0.7142857142857143,
                0.6810477657935285
            ],
            "recall": [
                0.8508604206500956,
                0.8030592734225621
            ]
        },
        "birthplace": {
            "f1_score": [
                0.7198364008179958,
                0.7032967032967034
            ],
            "num_actual": [
                523,
                523
            ],
            "num_correct": [
                379,
                352
            ],
            "num_predicted": [
                551,
                455
            ],
            "precision": [
                0.7736263736263737,
                0.6860254083484574
            ],
            "recall": [
                0.7246653919694073,
                0.6730401529636711
            ]
        },
        "hypernym": {
            "f1_score": [
                0.7085590465872155,
                0.6199261992619927
            ],
            "num_actual": [
                523,
                523
            ],
            "num_correct": [
                355,
                327
            ],
            "num_predicted": [
                582,
                400
            ],
            "precision": [
                0.8175,
                0.5989304812834224
            ],
            "recall": [
                0.6787762906309751,
                0.6252390057361377
            ]
        },
        "spouse": {
            "f1_score": [
                0.8173258003766478,
                0.8043282236248873
            ],
            "num_actual": [
                523,
                523
            ],
            "num_correct": [
                446,
                418
            ],
            "num_predicted": [
                586,
                516
            ],
            "precision": [
                0.8145315487571702,
                0.7610921501706485
            ],
            "recall": [
                0.8527724665391969,
                0.7992351816443595
            ]
        }
    },
    "stddevs": {
        "birthdate": {
            "f1_score": 0.011831004738285814,
            "num_actual": 0.0,
            "num_correct": 11.43241006962224,
            "num_predicted": 19.46021582614129,
            "precision": 0.01202277731194674,
            "recall": 0.02185929267614197
        },
        "birthplace": {
            "f1_score": 0.007660666806930239,
            "num_actual": 0.0,
            "num_correct": 13.255187663703596,
            "num_predicted": 39.13821661752104,
            "precision": 0.03243367277993059,
            "recall": 0.02534452708165123
        },
        "hypernym": {
            "f1_score": 0.03488324969471699,
            "num_actual": 0.0,
            "num_correct": 13.202272531651511,
            "num_predicted": 74.44259533358573,
            "precision": 0.09145361762234763,
            "recall": 0.025243350920939794
        },
        "spouse": {
            "f1_score": 0.006139712080640484,
            "num_actual": 0.0,
            "num_correct": 12.328828005937952,
            "num_predicted": 33.38113239541163,
            "precision": 0.026263041730707894,
            "recall": 0.023573284906191105
        }
    }
}