{
    "means": {
        "birthdate": {
            "f1_score": 0.7392270917034658,
            "num_actual": 268.0,
            "num_correct": 218.79999999999998,
            "num_predicted": 323.8,
            "precision": 0.6757972221672484,
            "recall": 0.8164179104477611
        },
        "birthplace": {
            "f1_score": 0.7033091234291268,
            "num_actual": 268.0,
            "num_correct": 188.2,
            "num_predicted": 267.4,
            "precision": 0.7072400601748272,
            "recall": 0.7022388059701492
        },
        "hypernym": {
            "f1_score": 0.6534893357191097,
            "num_actual": 268.0,
            "num_correct": 166.2,
            "num_predicted": 241.0,
            "precision": 0.6932683791223533,
            "recall": 0.6201492537313433
        },
        "spouse": {
            "f1_score": 0.776379064136169,
            "num_actual": 268.0,
            "num_correct": 210.2,
            "num_predicted": 273.6,
            "precision": 0.7700835123849438,
            "recall": 0.7843283582089552
        }
    },
    "ranges": {
        "birthdate": {
            "f1_score": [
                0.7591973244147157,
                0.714535901926445
            ],
            "num_actual": [
                268,
                268
            ],
            "num_correct": [
                227,
                204
            ],
            "num_predicted": [
                338,
                303
            ],
            "precision": [
                0.6878787878787879,
                0.6627218934911243
            ],
            "recall": [
                0.8470149253731343,
                0.7611940298507462
            ]
        },
        "birthplace": {
            "f1_score": [
                0.7112810707456979,
                0.6866197183098592
            ],
            "num_actual": [
                268,
                268
            ],
            "num_correct": [
                197,
                178
            ],
            "num_predicted": [
                300,
                233
            ],
            "precision": [
                0.7639484978540773,
                0.65
            ],
            "recall": [
                0.7350746268656716,
                0.664179104477612
            ]
        },
        "hypernym": {
            "f1_score": [
                0.6765327695560253,
                0.6332046332046333
            ],
            "num_actual": [
                268,
                268
            ],
            "num_correct": [
                171,
                160
            ],
            "num_predicted": [
                257,
                205
            ],
            "precision": [
                0.7804878048780488,
                0.656
            ],
            "recall": [
                0.6380597014925373,
                0.5970149253731343
            ]
        },
        "spouse": {
            "f1_score": [
                0.7885714285714286,
                0.7673179396092362
            ],
            "num_actual": [
                268,
                268
            ],
            "num_correct": [
                217,
                202
            ],
            "num_predicted": [
                295,
                257
            ],
            "precision": [
                0.8054474708171206,
                0.7322033898305085
            ],
            "recall": [
                0.8097014925373134,
                0.753731343283582
            ]
        }
    },
    "stddevs": {
        "birthdate": {
            "f1_score": 0.015986322836038125,
            "num_actual": 0.0,
            "num_correct": 8.92748564826626,
            "num_predicted": 13.442470011125186,
            "precision": 0.009967870579553697,
            "recall": 0.03331151361293379
        },
        "birthplace": {
            "f1_score": 0.010467889301090917,
            "num_actual": 0.0,
            "num_correct": 7.791020472312981,
            "num_predicted": 26.76378149664206,
            "precision": 0.04337377589831478,
            "recall": 0.02907097191161559
        },
        "hypernym": {
            "f1_score": 0.015681904131932465,
            "num_actual": 0.0,
            "num_correct": 4.4944410108488455,
            "num_predicted": 21.644860821913362,
            "precision": 0.051668791912718705,
            "recall": 0.01677030227928677
        },
        "spouse": {
            "f1_score": 0.009442778656278308,
            "num_actual": 0.0,
            "num_correct": 6.300793600809345,
            "num_predicted": 19.3597520645281,
            "precision": 0.03281634930148922,
            "recall": 0.02351042388361697
        }
    }
}