{
    "means": {
        "birthdate": {
            "f1_score": 0.03859321555985002,
            "precision": 0.04345913191730491,
            "recall": 0.030640913081650577
        },
        "birthplace": {
            "f1_score": 0.016174459823596554,
            "precision": 0.041021908912331484,
            "recall": -0.008121158911325742
        },
        "hypernym": {
            "f1_score": -0.007259349281799611,
            "precision": -0.0660656316457083,
            "recall": 0.059850746268656725
        },
        "spouse": {
            "f1_score": 0.06655640499054827,
            "precision": 0.041613721045426225,
            "recall": 0.0933187006145742
        }
    },
    "ranges": {
        "birthdate": {
            "f1_score": [
                0.06807279372572905,
                0.012714656984046058
            ],
            "precision": [
                0.05614851587547831,
                0.02309906170092113
            ],
            "recall": [
                0.08586479367866551,
                -0.0016681299385425952
            ]
        },
        "birthplace": {
            "f1_score": [
                0.0367004397929076,
                -0.002370179656589033
            ],
            "precision": [
                0.07908366533864541,
                -0.013411764705882345
            ],
            "recall": [
                0.018173836698858636,
                -0.03539654667837289
            ]
        },
        "hypernym": {
            "f1_score": [
                0.06568945266619697,
                -0.0518182659387435
            ],
            "precision": [
                0.07592245153220756,
                -0.12185051235684141
            ],
            "recall": [
                0.09116183786947607,
                0.01589113257243191
            ]
        },
        "spouse": {
            "f1_score": [
                0.07517290288160627,
                0.052119550315327556
            ],
            "precision": [
                0.058174617042343724,
                0.01786079985957112
            ],
            "recall": [
                0.10250219490781387,
                0.08643546971027216
            ]
        }
    },
    "stddevs": {
        "birthdate": {
            "f1_score": 0.020235342393725705,
            "precision": 0.013411439983077682,
            "recall": 0.03491008065514061
        },
        "birthplace": {
            "f1_score": 0.014551387297480857,
            "precision": 0.03730886601683965,
            "recall": 0.02162996736818346
        },
        "hypernym": {
            "f1_score": 0.045096480263354694,
            "precision": 0.08135881121130123,
            "recall": 0.027683635167671982
        },
        "spouse": {
            "f1_score": 0.0087233691787825,
            "precision": 0.016288394219203344,
            "recall": 0.0063965788197949194
        }
    }
}