{
    "means": {
        "birthdate": {
            "f1_score": 0.7778203072633159,
            "num_actual": 255.0,
            "num_correct": 216.0,
            "num_predicted": 300.40000000000003,
            "precision": 0.7192563540845534,
            "recall": 0.8470588235294116
        },
        "birthplace": {
            "f1_score": 0.7194835832527233,
            "num_actual": 255.0,
            "num_correct": 177.0,
            "num_predicted": 237.00000000000003,
            "precision": 0.7482619690871586,
            "recall": 0.6941176470588235
        },
        "hypernym": {
            "f1_score": 0.6462299864373101,
            "num_actual": 255.0,
            "num_correct": 173.4,
            "num_predicted": 284.8,
            "precision": 0.6272027474766451,
            "recall": 0.68
        },
        "spouse": {
            "f1_score": 0.8429354691267172,
            "num_actual": 255.0,
            "num_correct": 223.8,
            "num_predicted": 276.0,
            "precision": 0.8116972334303699,
            "recall": 0.8776470588235294
        }
    },
    "ranges": {
        "birthdate": {
            "f1_score": [
                0.7956204379562043,
                0.7554744525547445
            ],
            "num_actual": [
                255,
                255
            ],
            "num_correct": [
                221,
                207
            ],
            "num_predicted": [
                311,
                293
            ],
            "precision": [
                0.7440273037542662,
                0.7009646302250804
            ],
            "recall": [
                0.8666666666666667,
                0.8117647058823529
            ]
        },
        "birthplace": {
            "f1_score": [
                0.7295597484276729,
                0.7076271186440678
            ],
            "num_actual": [
                255,
                255
            ],
            "num_correct": [
                183,
                167
            ],
            "num_predicted": [
                251,
                217
            ],
            "precision": [
                0.7837837837837838,
                0.716
            ],
            "recall": [
                0.7176470588235294,
                0.6549019607843137
            ]
        },
        "hypernym": {
            "f1_score": [
                0.7422222222222222,
                0.605607476635514
            ],
            "num_actual": [
                255,
                255
            ],
            "num_correct": [
                185,
                162
            ],
            "num_predicted": [
                325,
                195
            ],
            "precision": [
                0.8564102564102564,
                0.5530546623794212
            ],
            "recall": [
                0.7254901960784313,
                0.6352941176470588
            ]
        },
        "spouse": {
            "f1_score": [
                0.8506616257088847,
                0.8403669724770643
            ],
            "num_actual": [
                255,
                255
            ],
            "num_correct": [
                230,
                216
            ],
            "num_predicted": [
                291,
                259
            ],
            "precision": [
                0.833976833976834,
                0.7896551724137931
            ],
            "recall": [
                0.9019607843137255,
                0.8470588235294118
            ]
        }
    },
    "stddevs": {
        "birthdate": {
            "f1_score": 0.015395591430025415,
            "num_actual": 0.0,
            "num_correct": 5.338539126015656,
            "num_predicted": 8.532291603080617,
            "precision": 0.01716491896309802,
            "recall": 0.02093544755300257
        },
        "birthplace": {
            "f1_score": 0.010501611043418563,
            "num_actual": 0.0,
            "num_correct": 6.59545297913646,
            "num_predicted": 16.232683080747925,
            "precision": 0.028081737420666143,
            "recall": 0.025864521486809643
        },
        "hypernym": {
            "f1_score": 0.05669754700393758,
            "num_actual": 0.0,
            "num_correct": 9.555103348473002,
            "num_predicted": 52.87910740547726,
            "precision": 0.12907843279830628,
            "recall": 0.03747099352342355
        },
        "spouse": {
            "f1_score": 0.004405105125781133,
            "num_actual": 0.0,
            "num_correct": 6.1400325732035,
            "num_predicted": 14.265342617687105,
            "precision": 0.020379228816339842,
            "recall": 0.024078559110601985
        }
    }
}