{
    "means": {
        "birthdate": {
            "f1_score": 0.7688720066951984,
            "num_actual": 523.0,
            "num_correct": 411.2,
            "num_predicted": 544.0,
            "precision": 0.7579233658291086,
            "recall": 0.7862332695984703
        },
        "birthplace": {
            "f1_score": 0.6895652399251824,
            "num_actual": 523.0,
            "num_correct": 356.6,
            "num_predicted": 511.4,
            "precision": 0.7018219555190931,
            "recall": 0.6818355640535373
        },
        "hypernym": {
            "f1_score": 0.6864205290015974,
            "num_actual": 523.0,
            "num_correct": 357.79999999999995,
            "num_predicted": 519.2,
            "precision": 0.6925265465125208,
            "recall": 0.6841300191204589
        },
        "spouse": {
            "f1_score": 0.7999471801953534,
            "num_actual": 523.0,
            "num_correct": 422.80000000000007,
            "num_predicted": 534.0,
            "precision": 0.7920045744049999,
            "recall": 0.8084130019120458
        }
    },
    "ranges": {
        "birthdate": {
            "f1_score": [
                0.8027801911381407,
                0.7104166666666666
            ],
            "num_actual": [
                523,
                523
            ],
            "num_correct": [
                462,
                341
            ],
            "num_predicted": [
                628,
                437
            ],
            "precision": [
                0.7808219178082192,
                0.7356687898089171
            ],
            "recall": [
                0.8833652007648184,
                0.6520076481835564
            ]
        },
        "birthplace": {
            "f1_score": [
                0.7082494969818912,
                0.6791338582677167
            ],
            "num_actual": [
                523,
                523
            ],
            "num_correct": [
                379,
                329
            ],
            "num_predicted": [
                578,
                438
            ],
            "precision": [
                0.7511415525114156,
                0.6539792387543253
            ],
            "recall": [
                0.7246653919694073,
                0.6290630975143403
            ]
        },
        "hypernym": {
            "f1_score": [
                0.696969696969697,
                0.676409185803758
            ],
            "num_actual": [
                523,
                523
            ],
            "num_correct": [
                383,
                324
            ],
            "num_predicted": [
                591,
                435
            ],
            "precision": [
                0.7448275862068966,
                0.6480541455160744
            ],
            "recall": [
                0.7323135755258127,
                0.6195028680688337
            ]
        },
        "spouse": {
            "f1_score": [
                0.8096564531104922,
                0.7916666666666667
            ],
            "num_actual": [
                523,
                523
            ],
            "num_correct": [
                436,
                411
            ],
            "num_predicted": [
                554,
                508
            ],
            "precision": [
                0.8090551181102362,
                0.7838827838827839
            ],
            "recall": [
                0.8336520076481836,
                0.7858508604206501
            ]
        }
    },
    "stddevs": {
        "birthdate": {
            "f1_score": 0.03609610045523874,
            "num_actual": 0.0,
            "num_correct": 46.22986047999712,
            "num_predicted": 73.610461213064,
            "precision": 0.02128706961078315,
            "recall": 0.08839361468450695
        },
        "birthplace": {
            "f1_score": 0.011071186659881478,
            "num_actual": 0.0,
            "num_correct": 21.66333307688362,
            "num_predicted": 63.437370689523384,
            "precision": 0.04695942903542835,
            "recall": 0.04142128695388839
        },
        "hypernym": {
            "f1_score": 0.007323251610913858,
            "num_actual": 0.0,
            "num_correct": 22.818851855428658,
            "num_predicted": 59.533184023702276,
            "precision": 0.03718252636280235,
            "recall": 0.04363069188418481
        },
        "spouse": {
            "f1_score": 0.006533716886034122,
            "num_actual": 0.0,
            "num_correct": 9.57601169589929,
            "num_predicted": 17.649362594722792,
            "precision": 0.010685272833383053,
            "recall": 0.018309773797130575
        }
    }
}