{
    "means": {
        "birthdate": {
            "f1_score": 0.7762293284731434,
            "num_actual": 268.0,
            "num_correct": 220.2,
            "num_predicted": 298.8,
            "precision": 0.739047135884098,
            "recall": 0.8216417910447762
        },
        "birthplace": {
            "f1_score": 0.7014647072640015,
            "num_actual": 268.0,
            "num_correct": 180.20000000000002,
            "num_predicted": 245.8,
            "precision": 0.736441481645898,
            "recall": 0.6723880597014926
        },
        "hypernym": {
            "f1_score": 0.6825893894051371,
            "num_actual": 268.0,
            "num_correct": 179.20000000000002,
            "num_predicted": 257.0,
            "precision": 0.6997252318912495,
            "recall": 0.6686567164179105
        },
        "spouse": {
            "f1_score": 0.7715132685417422,
            "num_actual": 268.0,
            "num_correct": 212.4,
            "num_predicted": 282.6,
            "precision": 0.7519523650239986,
            "recall": 0.7925373134328358
        }
    },
    "ranges": {
        "birthdate": {
            "f1_score": [
                0.7934426229508197,
                0.7423076923076923
            ],
            "num_actual": [
                268,
                268
            ],
            "num_correct": [
                242,
                193
            ],
            "num_predicted": [
                342,
                252
            ],
            "precision": [
                0.7658730158730159,
                0.7076023391812866
            ],
            "recall": [
                0.9029850746268657,
                0.7201492537313433
            ]
        },
        "birthplace": {
            "f1_score": [
                0.7108433734939759,
                0.6903353057199211
            ],
            "num_actual": [
                268,
                268
            ],
            "num_correct": [
                192,
                170
            ],
            "num_predicted": [
                281,
                217
            ],
            "precision": [
                0.783410138248848,
                0.6832740213523132
            ],
            "recall": [
                0.7164179104477612,
                0.6343283582089553
            ]
        },
        "hypernym": {
            "f1_score": [
                0.7020872865275143,
                0.6732283464566928
            ],
            "num_actual": [
                268,
                268
            ],
            "num_correct": [
                190,
                168
            ],
            "num_predicted": [
                290,
                227
            ],
            "precision": [
                0.7400881057268722,
                0.6551724137931034
            ],
            "recall": [
                0.7089552238805971,
                0.6268656716417911
            ]
        },
        "spouse": {
            "f1_score": [
                0.7802197802197801,
                0.7540394973070018
            ],
            "num_actual": [
                268,
                268
            ],
            "num_correct": [
                217,
                205
            ],
            "num_predicted": [
                290,
                267
            ],
            "precision": [
                0.7677902621722846,
                0.726643598615917
            ],
            "recall": [
                0.8097014925373134,
                0.7649253731343284
            ]
        }
    },
    "stddevs": {
        "birthdate": {
            "f1_score": 0.021259202067238324,
            "num_actual": 0.0,
            "num_correct": 17.683325479106017,
            "num_predicted": 32.995454232363585,
            "precision": 0.026442089525493925,
            "recall": 0.06598255775785827
        },
        "birthplace": {
            "f1_score": 0.007642962726669058,
            "num_actual": 0.0,
            "num_correct": 9.038805230781334,
            "num_predicted": 25.626158510397147,
            "precision": 0.040814192639145916,
            "recall": 0.03372688518948255
        },
        "hypernym": {
            "f1_score": 0.01126189918639266,
            "num_actual": 0.0,
            "num_correct": 9.364827814754525,
            "num_predicted": 24.627220712049503,
            "precision": 0.033634144606055356,
            "recall": 0.03494338736848704
        },
        "spouse": {
            "f1_score": 0.0112436143314518,
            "num_actual": 0.0,
            "num_correct": 5.079370039680118,
            "num_predicted": 10.014988766843425,
            "precision": 0.016648557246699506,
            "recall": 0.018952873282388455
        }
    }
}