{
    "means": {
        "birthdate": {
            "f1_score": -0.0161934228296011,
            "precision": 0.04204079646396385,
            "recall": -0.07262218320163884
        },
        "birthplace": {
            "f1_score": -0.02360749395457176,
            "precision": -0.0663063082895084,
            "recall": 0.019376646180860393
        },
        "hypernym": {
            "f1_score": 0.007666359424789704,
            "precision": -0.013927437595089078,
            "recall": 0.03173544044483463
        },
        "spouse": {
            "f1_score": 0.05940398709089059,
            "precision": 0.08535761576191606,
            "recall": 0.03256072578285043
        }
    },
    "ranges": {
        "birthdate": {
            "f1_score": [
                0.019866064664707195,
                -0.0695804195804195
            ],
            "precision": [
                0.06162843004948271,
                0.02896820336861139
            ],
            "recall": [
                -0.00014632718759144403,
                -0.13975709686859816
            ]
        },
        "birthplace": {
            "f1_score": [
                -0.005198212203653241,
                -0.03296370094429535
            ],
            "precision": [
                -0.0434241385531301,
                -0.10421664849145762
            ],
            "recall": [
                0.05517998244073752,
                -0.010798946444249391
            ]
        },
        "hypernym": {
            "f1_score": [
                0.025184351956005546,
                -0.010215830950954796
            ],
            "precision": [
                0.009911894273127775,
                -0.04640250260688217
            ],
            "recall": [
                0.052136376938835216,
                -0.01510096575943809
            ]
        },
        "spouse": {
            "f1_score": [
                0.07962783736233692,
                0.04191460713199868
            ],
            "precision": [
                0.12581541777752558,
                0.06249820860443123
            ],
            "recall": [
                0.04912203687445127,
                0.017749487854843427
            ]
        }
    },
    "stddevs": {
        "birthdate": {
            "f1_score": 0.03834525118584741,
            "precision": 0.013800428695283909,
            "recall": 0.0554614700899787
        },
        "birthplace": {
            "f1_score": 0.011200117498777643,
            "precision": 0.02271643330539538,
            "recall": 0.024016779412308766
        },
        "hypernym": {
            "f1_score": 0.014753146488180335,
            "precision": 0.020562536871716903,
            "recall": 0.027862424492615046
        },
        "spouse": {
            "f1_score": 0.01484494339131265,
            "precision": 0.02422214330862345,
            "recall": 0.013572603506367534
        }
    }
}