{
    "means": {
        "birthdate": {
            "f1_score": 0.7600359056435422,
            "num_actual": 255.0,
            "num_correct": 191.0,
            "num_predicted": 245.2,
            "precision": 0.781087932348062,
            "recall": 0.7490196078431373
        },
        "birthplace": {
            "f1_score": 0.6778572133094297,
            "num_actual": 255.0,
            "num_correct": 176.4,
            "num_predicted": 265.6,
            "precision": 0.6701351733563896,
            "recall": 0.6917647058823531
        },
        "hypernym": {
            "f1_score": 0.6902557488299268,
            "num_actual": 255.0,
            "num_correct": 178.6,
            "num_predicted": 262.2,
            "precision": 0.6857977942961605,
            "recall": 0.7003921568627451
        },
        "spouse": {
            "f1_score": 0.8309172556326327,
            "num_actual": 255.0,
            "num_correct": 210.4,
            "num_predicted": 251.40000000000003,
            "precision": 0.8373099807859147,
            "recall": 0.8250980392156861
        }
    },
    "ranges": {
        "birthdate": {
            "f1_score": [
                0.8133086876155269,
                0.6727272727272728
            ],
            "num_actual": [
                255,
                255
            ],
            "num_correct": [
                220,
                148
            ],
            "num_predicted": [
                286,
                185
            ],
            "precision": [
                0.8,
                0.7651245551601423
            ],
            "recall": [
                0.8627450980392157,
                0.5803921568627451
            ]
        },
        "birthplace": {
            "f1_score": [
                0.7056451612903226,
                0.6679764243614932
            ],
            "num_actual": [
                255,
                255
            ],
            "num_correct": [
                192,
                159
            ],
            "num_predicted": [
                315,
                221
            ],
            "precision": [
                0.7261410788381742,
                0.6095238095238096
            ],
            "recall": [
                0.7529411764705882,
                0.6235294117647059
            ]
        },
        "hypernym": {
            "f1_score": [
                0.6984126984126984,
                0.6738660907127431
            ],
            "num_actual": [
                255,
                255
            ],
            "num_correct": [
                193,
                156
            ],
            "num_predicted": [
                301,
                208
            ],
            "precision": [
                0.75,
                0.6411960132890365
            ],
            "recall": [
                0.7568627450980392,
                0.611764705882353
            ]
        },
        "spouse": {
            "f1_score": [
                0.8423076923076922,
                0.8221343873517788
            ],
            "num_actual": [
                255,
                255
            ],
            "num_correct": [
                219,
                206
            ],
            "num_predicted": [
                265,
                241
            ],
            "precision": [
                0.8547717842323651,
                0.82421875
            ],
            "recall": [
                0.8588235294117647,
                0.807843137254902
            ]
        }
    },
    "stddevs": {
        "birthdate": {
            "f1_score": 0.055556465651018495,
            "num_actual": 0.0,
            "num_correct": 29.103264421710495,
            "num_predicted": 41.811481676687805,
            "precision": 0.01739846435087122,
            "recall": 0.11413044871259016
        },
        "birthplace": {
            "f1_score": 0.015800429623789226,
            "num_actual": 0.0,
            "num_correct": 13.049904214207858,
            "num_predicted": 39.227541345335425,
            "precision": 0.052840692753351674,
            "recall": 0.051176094957677866
        },
        "hypernym": {
            "f1_score": 0.009494542498964795,
            "num_actual": 0.0,
            "num_correct": 14.010710188994702,
            "num_predicted": 35.4922526757601,
            "precision": 0.04298372453556535,
            "recall": 0.054943961525469404
        },
        "spouse": {
            "f1_score": 0.007752106861099113,
            "num_actual": 0.0,
            "num_correct": 5.128352561983235,
            "num_predicted": 9.60728889958036,
            "precision": 0.01499060172334011,
            "recall": 0.020111186517581283
        }
    }
}